2026.02.01,18:06,4817.598000,4817.598000,4817.598000,4817.598000,0
2026.02.01,18:08,4820.748000,4820.748000,4820.748000,4820.748000,0
2026.02.01,18:10,4813.655000,4817.635000,4788.645000,4788.645000,0
2026.02.01,18:11,4771.448000,4771.448000,4742.498000,4742.498000,0
2026.02.01,18:12,4752.341000,4752.341000,4752.341000,4752.341000,0
2026.02.01,18:13,4760.998000,4772.926000,4760.698000,4763.698000,0
2026.02.01,18:14,4756.098000,4757.450000,4739.948000,4739.948000,0
2026.02.01,18:15,4746.198000,4746.198000,4746.198000,4746.198000,0
2026.02.01,18:16,4733.698000,4733.898000,4729.448000,4733.898000,0
2026.02.01,18:17,4727.998000,4727.998000,4724.598000,4727.648000,0
2026.02.01,18:18,4725.398000,4725.398000,4694.575000,4694.575000,0
2026.02.01,18:19,4717.048000,4717.048000,4709.345000,4709.385000,0
2026.02.01,18:20,4711.448000,4722.648000,4709.385000,4722.648000,0
2026.02.01,18:21,4725.348000,4725.948000,4721.165000,4722.125000,0
2026.02.01,18:22,4725.455000,4730.965000,4722.945000,4725.645000,0
2026.02.01,18:23,4725.195000,4740.495000,4725.195000,4739.955000,0
2026.02.01,18:24,4739.945000,4739.945000,4737.755000,4739.935000,0
2026.02.01,18:25,4733.605000,4735.348000,4733.605000,4735.175000,0
2026.02.01,18:26,4735.648000,4737.998000,4730.948000,4737.948000,0
2026.02.01,18:27,4720.348000,4720.348000,4719.348000,4719.348000,0
2026.02.01,18:29,4725.245000,4726.965000,4725.245000,4726.965000,0
2026.02.01,18:30,4727.485000,4728.043000,4718.625000,4722.815000,0
2026.02.01,18:31,4716.325000,4722.248000,4715.765000,4722.248000,0
2026.02.01,18:32,4723.648000,4735.525000,4723.648000,4732.395000,0
2026.02.01,18:33,4731.685000,4735.046000,4726.030000,4732.195000,0
2026.02.01,18:34,4732.598000,4746.045000,4732.495000,4745.595000,0
2026.02.01,18:35,4745.605000,4755.995000,4743.625000,4755.215000,0
2026.02.01,18:36,4754.985000,4757.775000,4750.505000,4753.895000,0
2026.02.01,18:37,4753.935000,4767.415000,4753.795000,4762.675000,0
2026.02.01,18:38,4762.845000,4779.795000,4762.285000,4776.815000,0
2026.02.01,18:39,4776.675000,4780.655000,4769.698000,4776.405000,0
2026.02.01,18:40,4776.335000,4787.405000,4773.898000,4781.305000,0
2026.02.01,18:41,4781.385000,4782.505000,4770.025000,4772.875000,0
2026.02.01,18:42,4772.935000,4779.295000,4764.985000,4773.945000,0
2026.02.01,18:43,4773.825000,4778.425000,4768.985000,4771.475000,0
2026.02.01,18:44,4771.475000,4776.585000,4766.245000,4773.575000,0
2026.02.01,18:45,4773.635000,4777.148000,4725.785000,4738.898000,0
2026.02.01,18:46,4743.465000,4756.098000,4727.598000,4748.398000,0
2026.02.01,18:47,4748.398000,4748.398000,4720.435000,4732.698000,0
2026.02.01,18:48,4732.075000,4734.998000,4723.885000,4729.495000,0
2026.02.01,18:49,4730.498000,4750.035000,4730.498000,4746.698000,0
2026.02.01,18:50,4745.355000,4767.425000,4745.355000,4759.595000,0
2026.02.01,18:51,4759.565000,4763.205000,4738.365000,4743.025000,0
2026.02.01,18:52,4743.125000,4761.565000,4742.765000,4754.915000,0
2026.02.01,18:53,4754.605000,4757.835000,4739.555000,4741.415000,0
2026.02.01,18:54,4741.515000,4758.055000,4740.875000,4750.795000,0
2026.02.01,18:55,4750.915000,4760.435000,4750.415000,4757.725000,0
2026.02.01,18:56,4757.745000,4761.085000,4748.915000,4755.795000,0
2026.02.01,18:57,4755.825000,4756.065000,4741.655000,4749.885000,0
2026.02.01,18:58,4749.815000,4753.715000,4747.448000,4748.755000,0
2026.02.01,18:59,4748.735000,4749.695000,4738.278000,4741.745000,0
2026.02.01,19:00,4741.725000,4758.475000,4739.545000,4757.055000,0
2026.02.01,19:01,4756.815000,4767.495000,4756.355000,4764.648000,0
2026.02.01,19:02,4764.648000,4772.795000,4764.648000,4770.885000,0
2026.02.01,19:03,4770.885000,4772.635000,4767.485000,4768.225000,0
2026.02.01,19:04,4768.225000,4784.955000,4768.095000,4784.405000,0
2026.02.01,19:05,4784.225000,4786.355000,4777.135000,4783.895000,0
2026.02.01,19:06,4783.875000,4789.305000,4779.905000,4784.195000,0
2026.02.01,19:07,4784.185000,4790.705000,4778.238000,4778.365000,0
2026.02.01,19:08,4778.425000,4808.185000,4776.968000,4807.255000,0
2026.02.01,19:09,4807.385000,4821.148000,4804.085000,4817.248000,0
2026.02.01,19:10,4816.888000,4823.148000,4812.898000,4816.048000,0
2026.02.01,19:11,4816.048000,4833.348000,4812.978000,4832.948000,0
2026.02.01,19:12,4832.645000,4835.248000,4816.248000,4821.898000,0
2026.02.01,19:13,4821.665000,4839.648000,4821.665000,4837.765000,0
2026.02.01,19:14,4837.785000,4845.555000,4837.785000,4844.655000,0
2026.02.01,19:15,4844.615000,4854.038000,4840.635000,4852.845000,0
2026.02.01,19:16,4852.845000,4854.085000,4845.105000,4845.655000,0
2026.02.01,19:17,4845.585000,4852.148000,4844.115000,4849.548000,0
2026.02.01,19:18,4848.168000,4871.748000,4845.135000,4866.685000,0
2026.02.01,19:19,4866.005000,4874.548000,4860.558000,4864.628000,0
2026.02.01,19:20,4863.635000,4865.398000,4846.248000,4857.438000,0
2026.02.01,19:21,4857.488000,4882.798000,4857.488000,4882.648000,0
2026.02.01,19:22,4882.035000,4884.248000,4871.858000,4877.298000,0
2026.02.01,19:23,4877.498000,4877.498000,4858.248000,4866.048000,0
2026.02.01,19:24,4865.528000,4876.448000,4854.438000,4855.948000,0
2026.02.01,19:25,4855.948000,4856.448000,4825.258000,4845.248000,0
2026.02.01,19:26,4844.935000,4853.448000,4842.048000,4842.648000,0
2026.02.01,19:27,4843.638000,4853.548000,4842.105000,4849.358000,0
2026.02.01,19:28,4849.298000,4850.648000,4830.745000,4843.348000,0
2026.02.01,19:29,4843.415000,4851.548000,4841.918000,4845.268000,0
2026.02.01,19:30,4845.548000,4846.148000,4826.038000,4831.155000,0
2026.02.01,19:31,4831.305000,4834.285000,4823.615000,4825.775000,0
2026.02.01,19:32,4825.825000,4833.005000,4822.295000,4823.108000,0
2026.02.01,19:33,4822.148000,4833.098000,4809.448000,4811.948000,0
2026.02.01,19:34,4812.248000,4822.848000,4810.945000,4818.538000,0
2026.02.01,19:35,4817.775000,4830.638000,4813.315000,4826.575000,0
2026.02.01,19:36,4827.615000,4844.928000,4827.615000,4829.795000,0
2026.02.01,19:37,4829.925000,4834.918000,4824.215000,4831.755000,0
2026.02.01,19:38,4831.745000,4832.575000,4824.995000,4826.365000,0
2026.02.01,19:39,4826.245000,4834.425000,4821.615000,4832.705000,0
2026.02.01,19:40,4832.675000,4839.185000,4827.925000,4828.175000,0
2026.02.01,19:41,4828.175000,4838.355000,4827.405000,4831.015000,0
2026.02.01,19:42,4830.995000,4834.105000,4825.545000,4827.645000,0
2026.02.01,19:43,4827.625000,4832.045000,4803.095000,4805.695000,0
2026.02.01,19:44,4806.408000,4817.895000,4794.315000,4803.455000,0
2026.02.01,19:45,4803.925000,4806.705000,4788.465000,4792.925000,0
2026.02.01,19:46,4793.695000,4807.665000,4792.075000,4794.195000,0
2026.02.01,19:47,4794.155000,4798.745000,4780.625000,4781.048000,0
2026.02.01,19:48,4781.048000,4797.125000,4776.685000,4791.238000,0
2026.02.01,19:49,4791.258000,4798.488000,4790.995000,4796.485000,0
2026.02.01,19:50,4796.645000,4798.395000,4790.375000,4795.065000,0
2026.02.01,19:51,4795.065000,4795.795000,4779.965000,4787.575000,0
2026.02.01,19:52,4787.575000,4798.448000,4785.448000,4794.808000,0
2026.02.01,19:53,4795.155000,4795.155000,4788.548000,4788.548000,0
2026.02.01,19:54,4788.425000,4793.695000,4787.118000,4790.565000,0
2026.02.01,19:55,4790.555000,4795.355000,4778.535000,4778.565000,0
2026.02.01,19:56,4778.575000,4780.845000,4758.388000,4764.748000,0
2026.02.01,19:57,4764.748000,4774.088000,4764.048000,4770.468000,0
2026.02.01,19:58,4770.488000,4780.748000,4769.238000,4780.548000,0
2026.02.01,19:59,4781.748000,4781.748000,4762.615000,4765.848000,0
2026.02.01,20:00,4764.948000,4765.645000,4730.175000,4737.648000,0
2026.02.01,20:01,4737.309000,4759.548000,4732.525000,4748.098000,0
2026.02.01,20:02,4748.078000,4780.365000,4743.485000,4778.218000,0
2026.02.01,20:03,4778.308000,4783.748000,4766.609000,4771.659000,0
2026.02.01,20:04,4771.218000,4775.948000,4753.848000,4755.255000,0
2026.02.01,20:05,4755.275000,4766.325000,4753.748000,4761.115000,0
2026.02.01,20:06,4761.448000,4762.248000,4728.065000,4748.518000,0
2026.02.01,20:07,4748.558000,4748.738000,4697.288000,4697.298000,0
2026.02.01,20:08,4697.518000,4713.548000,4690.475000,4711.348000,0
2026.02.01,20:09,4710.435000,4712.248000,4646.085000,4653.965000,0
2026.02.01,20:10,4653.955000,4658.965000,4583.098000,4584.335000,0
2026.02.01,20:11,4583.195000,4624.048000,4582.798000,4613.838000,0
2026.02.01,20:12,4614.318000,4631.325000,4587.785000,4591.548000,0
2026.02.01,20:13,4591.255000,4645.758000,4589.945000,4633.448000,0
2026.02.01,20:14,4633.225000,4649.548000,4616.068000,4641.789000,0
2026.02.01,20:15,4641.795000,4673.175000,4636.835000,4669.015000,0
2026.02.01,20:16,4668.915000,4688.879000,4652.685000,4682.709000,0
2026.02.01,20:17,4681.765000,4700.448000,4672.048000,4681.748000,0
2026.02.01,20:18,4680.875000,4691.755000,4664.875000,4669.365000,0
2026.02.01,20:19,4669.315000,4682.948000,4667.115000,4676.748000,0
2026.02.01,20:20,4677.348000,4708.908000,4667.148000,4701.268000,0
2026.02.01,20:21,4701.278000,4701.368000,4676.248000,4690.749000,0
2026.02.01,20:22,4690.749000,4690.749000,4676.228000,4682.248000,0
2026.02.01,20:23,4682.438000,4682.438000,4643.418000,4648.125000,0
2026.02.01,20:24,4648.248000,4674.178000,4646.935000,4672.265000,0
2026.02.01,20:25,4672.285000,4681.615000,4655.118000,4660.548000,0
2026.02.01,20:26,4660.448000,4692.468000,4660.305000,4688.688000,0
2026.02.01,20:27,4688.808000,4691.468000,4678.058000,4682.545000,0
2026.02.01,20:28,4682.115000,4706.548000,4680.215000,4702.348000,0
2026.02.01,20:29,4702.308000,4703.075000,4687.255000,4695.945000,0
2026.02.01,20:30,4695.925000,4696.665000,4664.945000,4676.605000,0
2026.02.01,20:31,4676.995000,4690.615000,4675.705000,4684.615000,0
2026.02.01,20:32,4684.645000,4691.585000,4677.125000,4690.795000,0
2026.02.01,20:33,4690.655000,4708.348000,4688.388000,4708.348000,0
2026.02.01,20:34,4707.325000,4708.228000,4688.898000,4702.598000,0
2026.02.01,20:35,4702.648000,4724.688000,4701.938000,4723.988000,0
2026.02.01,20:36,4724.068000,4738.448000,4720.978000,4733.875000,0
2026.02.01,20:37,4734.205000,4734.205000,4713.888000,4715.348000,0
2026.02.01,20:38,4715.035000,4724.595000,4707.178000,4713.848000,0
2026.02.01,20:39,4713.848000,4724.248000,4707.808000,4711.678000,0
2026.02.01,20:40,4711.365000,4722.865000,4704.378000,4715.285000,0
2026.02.01,20:41,4715.485000,4716.015000,4691.438000,4697.228000,0
2026.02.01,20:42,4697.228000,4707.635000,4689.538000,4701.108000,0
2026.02.01,20:43,4701.108000,4713.115000,4691.468000,4713.115000,0
2026.02.01,20:44,4713.015000,4716.045000,4699.375000,4713.605000,0
2026.02.01,20:45,4713.855000,4718.805000,4706.008000,4709.118000,0
2026.02.01,20:46,4709.408000,4718.448000,4703.145000,4718.448000,0
2026.02.01,20:47,4718.048000,4729.948000,4715.955000,4729.348000,0
2026.02.01,20:48,4729.448000,4729.748000,4718.759000,4724.948000,0
2026.02.01,20:49,4724.948000,4729.648000,4719.108000,4720.748000,0
2026.02.01,20:50,4720.748000,4730.148000,4715.145000,4730.048000,0
2026.02.01,20:51,4730.248000,4748.748000,4729.725000,4741.989000,0
2026.02.01,20:52,4741.925000,4743.659000,4732.878000,4732.969000,0
2026.02.01,20:53,4733.015000,4740.765000,4731.805000,4737.155000,0
2026.02.01,20:54,4737.155000,4742.635000,4732.955000,4734.955000,0
2026.02.01,20:55,4734.548000,4743.948000,4730.918000,4734.045000,0
2026.02.01,20:56,4733.975000,4734.695000,4720.785000,4732.765000,0
2026.02.01,20:57,4732.398000,4742.698000,4730.685000,4737.355000,0
2026.02.01,20:58,4737.015000,4742.548000,4726.775000,4731.745000,0
2026.02.01,20:59,4731.319000,4741.725000,4730.775000,4736.205000,0
2026.02.01,21:00,4735.975000,4747.788000,4731.815000,4737.755000,0
2026.02.01,21:01,4737.765000,4740.545000,4724.848000,4729.515000,0
2026.02.01,21:02,4729.465000,4736.425000,4720.705000,4729.235000,0
2026.02.01,21:03,4729.648000,4733.248000,4710.825000,4715.275000,0
2026.02.01,21:04,4715.735000,4728.245000,4708.645000,4724.075000,0
2026.02.01,21:05,4724.005000,4724.765000,4708.358000,4709.385000,0
2026.02.01,21:06,4709.665000,4723.665000,4707.128000,4721.448000,0
2026.02.01,21:07,4721.468000,4725.035000,4712.928000,4722.545000,0
2026.02.01,21:08,4722.505000,4723.355000,4712.735000,4718.548000,0
2026.02.01,21:09,4717.648000,4723.148000,4710.998000,4710.998000,0
2026.02.01,21:10,4710.998000,4719.525000,4696.788000,4698.445000,0
2026.02.01,21:11,4698.705000,4709.855000,4696.528000,4708.088000,0
2026.02.01,21:12,4708.425000,4716.645000,4707.755000,4716.075000,0
2026.02.01,21:13,4716.385000,4730.225000,4709.898000,4729.308000,0
2026.02.01,21:14,4729.748000,4739.598000,4729.225000,4730.538000,0
2026.02.01,21:15,4730.548000,4736.548000,4725.595000,4733.465000,0
2026.02.01,21:16,4733.445000,4744.798000,4728.755000,4738.698000,0
2026.02.01,21:17,4738.698000,4740.548000,4727.048000,4727.948000,0
2026.02.01,21:18,4727.948000,4736.568000,4720.895000,4733.598000,0
2026.02.01,21:19,4733.678000,4736.958000,4728.348000,4734.718000,0
2026.02.01,21:20,4734.758000,4738.028000,4730.478000,4733.358000,0
2026.02.01,21:21,4733.408000,4739.438000,4727.525000,4729.238000,0
2026.02.01,21:22,4729.248000,4729.958000,4717.685000,4724.168000,0
2026.02.01,21:23,4724.168000,4730.538000,4721.525000,4724.788000,0
2026.02.01,21:24,4723.465000,4727.355000,4714.928000,4724.188000,0
2026.02.01,21:25,4724.218000,4731.508000,4722.748000,4725.238000,0
2026.02.01,21:26,4725.358000,4729.948000,4723.268000,4727.908000,0
2026.02.01,21:27,4727.628000,4745.328000,4724.408000,4739.218000,0
2026.02.01,21:28,4738.865000,4742.958000,4735.458000,4740.868000,0
2026.02.01,21:29,4740.908000,4745.278000,4734.625000,4737.725000,0
2026.02.01,21:30,4738.925000,4748.055000,4734.688000,4743.335000,0
2026.02.01,21:31,4743.365000,4748.465000,4741.008000,4747.415000,0
2026.02.01,21:32,4747.415000,4768.528000,4746.335000,4767.508000,0
2026.02.01,21:33,4766.955000,4770.958000,4755.005000,4757.098000,0
2026.02.01,21:34,4757.108000,4766.428000,4752.615000,4752.968000,0
2026.02.01,21:35,4753.058000,4761.605000,4751.538000,4761.035000,0
2026.02.01,21:36,4760.845000,4764.955000,4750.555000,4757.815000,0
2026.02.01,21:37,4757.845000,4761.925000,4752.805000,4755.245000,0
2026.02.01,21:38,4755.185000,4761.025000,4751.185000,4757.385000,0
2026.02.01,21:39,4757.395000,4757.395000,4749.915000,4754.795000,0
2026.02.01,21:40,4754.915000,4759.475000,4751.705000,4755.635000,0
2026.02.01,21:41,4755.535000,4759.025000,4744.775000,4753.335000,0
2026.02.01,21:42,4753.375000,4771.945000,4751.595000,4766.098000,0
2026.02.01,21:43,4766.295000,4772.045000,4759.898000,4771.945000,0
2026.02.01,21:44,4771.845000,4771.955000,4763.475000,4763.485000,0
2026.02.01,21:45,4763.775000,4763.775000,4747.855000,4756.525000,0
2026.02.01,21:46,4756.825000,4757.055000,4747.325000,4747.325000,0
2026.02.01,21:47,4747.735000,4751.135000,4740.545000,4742.135000,0
2026.02.01,21:48,4742.095000,4742.415000,4726.815000,4735.645000,0
2026.02.01,21:49,4735.665000,4736.065000,4719.998000,4728.635000,0
2026.02.01,21:50,4728.615000,4730.065000,4723.515000,4726.285000,0
2026.02.01,21:51,4726.275000,4731.925000,4719.415000,4726.215000,0
2026.02.01,21:52,4726.215000,4732.395000,4722.295000,4727.375000,0
2026.02.01,21:53,4727.695000,4734.148000,4723.575000,4730.285000,0
2026.02.01,21:54,4730.285000,4733.378000,4724.785000,4727.005000,0
2026.02.01,21:55,4726.805000,4731.765000,4723.825000,4729.805000,0
2026.02.01,21:56,4729.995000,4738.805000,4726.855000,4732.015000,0
2026.02.01,21:57,4732.015000,4732.015000,4701.765000,4702.998000,0
2026.02.01,21:58,4703.168000,4710.008000,4696.025000,4706.588000,0
2026.02.01,21:59,4706.668000,4713.238000,4698.318000,4709.698000,0
2026.02.01,22:00,4709.698000,4726.598000,4707.228000,4726.288000,0
2026.02.01,22:01,4726.518000,4727.458000,4710.818000,4716.058000,0
2026.02.01,22:02,4716.028000,4721.748000,4713.065000,4717.098000,0
2026.02.01,22:03,4717.098000,4718.528000,4707.948000,4710.948000,0
2026.02.01,22:04,4710.998000,4711.548000,4704.885000,4705.518000,0
2026.02.01,22:05,4706.178000,4718.185000,4703.368000,4713.758000,0
2026.02.01,22:06,4714.035000,4721.148000,4707.575000,4719.338000,0
2026.02.01,22:07,4719.408000,4723.958000,4715.698000,4718.588000,0
2026.02.01,22:08,4718.628000,4720.488000,4709.305000,4710.268000,0
2026.02.01,22:09,4710.468000,4718.338000,4705.808000,4718.338000,0
2026.02.01,22:10,4718.348000,4721.338000,4709.998000,4709.998000,0
2026.02.01,22:11,4709.998000,4711.098000,4706.675000,4708.608000,0
2026.02.01,22:12,4708.858000,4712.518000,4706.935000,4710.898000,0
2026.02.01,22:13,4710.125000,4715.048000,4697.815000,4702.308000,0
2026.02.01,22:14,4702.388000,4707.138000,4687.125000,4690.458000,0
2026.02.01,22:15,4690.898000,4694.515000,4657.475000,4669.598000,0
2026.02.01,22:16,4669.598000,4682.848000,4669.598000,4679.598000,0
2026.02.01,22:17,4679.205000,4698.178000,4674.735000,4697.288000,0
2026.02.01,22:18,4697.555000,4704.948000,4696.705000,4703.428000,0
2026.02.01,22:19,4703.428000,4717.648000,4701.955000,4715.598000,0
2026.02.01,22:20,4715.475000,4717.855000,4712.105000,4714.595000,0
2026.02.01,22:21,4714.855000,4724.135000,4713.008000,4723.695000,0
2026.02.01,22:22,4723.475000,4728.258000,4717.698000,4718.815000,0
2026.02.01,22:23,4718.795000,4720.398000,4713.728000,4718.448000,0
2026.02.01,22:24,4717.985000,4718.185000,4714.228000,4715.005000,0
2026.02.01,22:25,4715.005000,4717.188000,4713.638000,4713.868000,0
2026.02.01,22:26,4714.548000,4717.098000,4712.825000,4713.718000,0
2026.02.01,22:27,4713.718000,4713.718000,4702.808000,4705.208000,0
2026.02.01,22:28,4705.258000,4705.258000,4693.275000,4697.715000,0
2026.02.01,22:29,4697.985000,4700.968000,4693.768000,4694.958000,0
2026.02.01,22:30,4695.128000,4699.448000,4692.848000,4695.268000,0
2026.02.01,22:31,4695.278000,4695.558000,4683.098000,4685.245000,0
2026.02.01,22:32,4685.235000,4687.288000,4675.138000,4678.708000,0
2026.02.01,22:33,4678.748000,4682.448000,4670.345000,4675.798000,0
2026.02.01,22:34,4675.798000,4679.355000,4671.198000,4672.325000,0
2026.02.01,22:35,4672.255000,4679.355000,4657.855000,4658.495000,0
2026.02.01,22:36,4658.495000,4662.125000,4648.488000,4661.265000,0
2026.02.01,22:37,4661.345000,4671.595000,4659.155000,4666.975000,0
2026.02.01,22:38,4666.775000,4669.885000,4648.365000,4648.555000,0
2026.02.01,22:39,4648.625000,4656.035000,4645.405000,4653.625000,0
2026.02.01,22:40,4653.665000,4655.465000,4634.515000,4638.405000,0
2026.02.01,22:41,4638.535000,4651.338000,4629.425000,4650.638000,0
2026.02.01,22:42,4650.698000,4657.198000,4644.458000,4647.738000,0
2026.02.01,22:43,4647.765000,4664.048000,4646.908000,4663.278000,0
2026.02.01,22:44,4663.318000,4672.128000,4655.938000,4664.308000,0
2026.02.01,22:45,4665.628000,4669.985000,4662.528000,4664.695000,0
2026.02.01,22:46,4664.475000,4670.575000,4664.278000,4666.695000,0
2026.02.01,22:47,4666.605000,4678.071000,4666.605000,4676.435000,0
2026.02.01,22:48,4677.185000,4683.548000,4666.069000,4682.515000,0
2026.02.01,22:49,4683.248000,4693.505000,4682.105000,4685.788000,0
2026.02.01,22:50,4685.808000,4685.808000,4671.825000,4679.485000,0
2026.02.01,22:51,4679.445000,4679.715000,4670.155000,4673.398000,0
2026.02.01,22:52,4673.478000,4674.578000,4669.285000,4673.748000,0
2026.02.01,22:53,4673.598000,4673.608000,4665.065000,4669.195000,0
2026.02.01,22:54,4669.165000,4674.428000,4657.295000,4657.918000,0
2026.02.01,22:55,4657.938000,4663.805000,4652.055000,4658.128000,0
2026.02.01,22:56,4658.158000,4664.205000,4652.908000,4656.828000,0
2026.02.01,22:57,4656.525000,4660.398000,4646.235000,4646.259000,0
2026.02.01,22:58,4646.268000,4648.298000,4637.468000,4644.748000,0
2026.02.01,22:59,4644.548000,4650.058000,4640.885000,4645.605000,0
2026.02.01,23:00,4646.125000,4658.038000,4640.738000,4657.328000,0
2026.02.01,23:01,4657.378000,4658.398000,4618.758000,4619.048000,0
2026.02.01,23:02,4619.358000,4623.068000,4610.935000,4613.725000,0
2026.02.01,23:03,4613.755000,4616.898000,4607.538000,4616.898000,0
2026.02.01,23:04,4617.125000,4618.998000,4608.475000,4609.978000,0
2026.02.01,23:05,4608.458000,4625.318000,4602.425000,4618.948000,0
2026.02.01,23:06,4619.118000,4637.415000,4619.068000,4636.478000,0
2026.02.01,23:07,4636.478000,4637.168000,4627.835000,4634.818000,0
2026.02.01,23:08,4634.788000,4650.568000,4634.778000,4649.578000,0
2026.02.01,23:09,4649.658000,4658.768000,4647.908000,4654.568000,0
2026.02.01,23:10,4654.668000,4659.428000,4647.168000,4655.738000,0
2026.02.01,23:11,4655.738000,4655.738000,4646.018000,4647.418000,0
2026.02.01,23:12,4647.418000,4651.438000,4632.058000,4640.798000,0
2026.02.01,23:13,4640.798000,4650.648000,4636.545000,4649.148000,0
2026.02.01,23:14,4649.348000,4662.698000,4649.035000,4660.798000,0
2026.02.01,23:15,4661.098000,4672.865000,4659.198000,4670.898000,0
2026.02.01,23:16,4670.898000,4674.948000,4668.425000,4672.998000,0
2026.02.01,23:17,4672.898000,4674.998000,4662.875000,4666.915000,0
2026.02.01,23:18,4666.868000,4676.788000,4666.868000,4675.728000,0
2026.02.01,23:19,4675.768000,4696.748000,4675.698000,4696.678000,0
2026.02.01,23:20,4696.668000,4703.878000,4684.508000,4689.448000,0
2026.02.01,23:21,4689.165000,4692.315000,4681.385000,4682.518000,0
2026.02.01,23:22,4682.518000,4686.348000,4678.548000,4683.598000,0
2026.02.01,23:23,4683.628000,4683.628000,4674.035000,4677.908000,0
2026.02.01,23:24,4677.888000,4683.605000,4675.948000,4679.748000,0
2026.02.01,23:25,4679.758000,4688.425000,4677.808000,4684.285000,0
2026.02.01,23:26,4684.275000,4684.448000,4672.575000,4676.195000,0
2026.02.01,23:27,4676.215000,4686.395000,4675.115000,4676.785000,0
2026.02.01,23:28,4676.785000,4678.745000,4671.298000,4675.255000,0
2026.02.01,23:29,4675.265000,4678.338000,4667.438000,4669.555000,0
2026.02.01,23:30,4669.558000,4677.448000,4668.805000,4675.945000,0
2026.02.01,23:31,4676.285000,4697.248000,4675.475000,4696.948000,0
2026.02.01,23:32,4697.048000,4698.748000,4688.648000,4688.928000,0
2026.02.01,23:33,4688.918000,4694.755000,4684.798000,4690.095000,0
2026.02.01,23:34,4690.098000,4691.755000,4682.165000,4685.499000,0
2026.02.01,23:35,4685.629000,4685.878000,4675.999000,4679.918000,0
2026.02.01,23:36,4679.918000,4692.858000,4679.005000,4689.768000,0
2026.02.01,23:37,4689.778000,4690.638000,4682.475000,4683.098000,0
2026.02.01,23:38,4681.635000,4686.075000,4668.508000,4668.508000,0
2026.02.01,23:39,4668.505000,4670.765000,4663.585000,4666.195000,0
2026.02.01,23:40,4666.235000,4669.485000,4657.115000,4665.775000,0
2026.02.01,23:41,4665.835000,4676.995000,4664.715000,4676.535000,0
2026.02.01,23:42,4676.605000,4676.955000,4663.885000,4667.105000,0
2026.02.01,23:43,4667.255000,4685.125000,4667.255000,4684.355000,0
2026.02.01,23:44,4684.095000,4690.058000,4681.565000,4687.205000,0
2026.02.01,23:45,4687.205000,4698.458000,4683.668000,4698.315000,0
2026.02.01,23:46,4698.358000,4706.445000,4698.178000,4703.128000,0
2026.02.01,23:47,4702.868000,4712.188000,4698.665000,4702.638000,0
2026.02.01,23:48,4702.778000,4702.848000,4686.678000,4687.175000,0
2026.02.01,23:49,4687.625000,4692.695000,4685.185000,4685.815000,0
2026.02.01,23:50,4685.815000,4688.005000,4673.025000,4687.225000,0
2026.02.01,23:51,4687.245000,4691.115000,4682.505000,4683.055000,0
2026.02.01,23:52,4682.385000,4684.605000,4677.945000,4683.935000,0
2026.02.01,23:53,4683.955000,4687.465000,4675.535000,4684.365000,0
2026.02.01,23:54,4684.705000,4689.585000,4682.325000,4684.975000,0
2026.02.01,23:55,4684.995000,4687.835000,4676.655000,4677.945000,0
2026.02.01,23:56,4677.955000,4680.305000,4671.315000,4673.785000,0
2026.02.01,23:57,4673.675000,4683.135000,4672.655000,4677.115000,0
2026.02.01,23:58,4677.115000,4686.285000,4677.095000,4678.245000,0
2026.02.01,23:59,4678.235000,4683.275000,4676.705000,4678.565000,0
2026.02.02,00:00,4678.565000,4679.545000,4668.425000,4677.535000,0
2026.02.02,00:01,4677.785000,4689.365000,4677.695000,4687.745000,0
2026.02.02,00:02,4687.625000,4692.748000,4680.995000,4681.448000,0
2026.02.02,00:03,4681.515000,4686.735000,4677.785000,4685.025000,0
2026.02.02,00:04,4685.005000,4692.085000,4683.155000,4689.625000,0
2026.02.02,00:05,4689.615000,4695.568000,4687.495000,4688.245000,0
2026.02.02,00:06,4688.245000,4691.515000,4670.385000,4674.515000,0
2026.02.02,00:07,4674.505000,4674.505000,4660.625000,4671.905000,0
2026.02.02,00:08,4672.155000,4679.195000,4669.095000,4672.135000,0
2026.02.02,00:09,4672.135000,4674.965000,4666.175000,4672.525000,0
2026.02.02,00:10,4672.495000,4676.825000,4667.665000,4672.855000,0
2026.02.02,00:11,4672.855000,4675.485000,4663.915000,4666.585000,0
2026.02.02,00:12,4666.565000,4668.255000,4654.085000,4659.775000,0
2026.02.02,00:13,4659.525000,4661.745000,4648.755000,4649.805000,0
2026.02.02,00:14,4649.725000,4662.015000,4649.018000,4660.975000,0
2026.02.02,00:15,4661.565000,4669.655000,4657.275000,4657.465000,0
2026.02.02,00:16,4657.465000,4672.845000,4657.365000,4671.755000,0
2026.02.02,00:17,4671.685000,4673.265000,4667.455000,4668.895000,0
2026.02.02,00:18,4668.145000,4672.575000,4660.295000,4664.815000,0
2026.02.02,00:19,4665.025000,4665.985000,4656.845000,4660.255000,0
2026.02.02,00:20,4660.265000,4665.635000,4659.385000,4664.885000,0
2026.02.02,00:21,4664.875000,4668.888000,4651.935000,4655.065000,0
2026.02.02,00:22,4654.965000,4654.985000,4648.315000,4653.265000,0
2026.02.02,00:23,4653.315000,4664.585000,4652.745000,4663.895000,0
2026.02.02,00:24,4664.055000,4668.495000,4662.858000,4666.328000,0
2026.02.02,00:25,4666.338000,4667.405000,4661.015000,4666.488000,0
2026.02.02,00:26,4666.608000,4670.028000,4663.815000,4666.045000,0
2026.02.02,00:27,4666.038000,4668.448000,4660.948000,4661.778000,0
2026.02.02,00:28,4661.805000,4663.905000,4653.788000,4659.788000,0
2026.02.02,00:29,4659.808000,4664.988000,4653.858000,4657.738000,0
2026.02.02,00:30,4657.708000,4657.708000,4636.518000,4636.528000,0
2026.02.02,00:31,4635.498000,4641.158000,4617.238000,4626.348000,0
2026.02.02,00:32,4626.888000,4634.875000,4620.105000,4631.368000,0
2026.02.02,00:33,4631.378000,4641.348000,4624.368000,4640.278000,0
2026.02.02,00:34,4640.298000,4640.358000,4628.975000,4631.188000,0
2026.02.02,00:35,4631.208000,4642.518000,4630.578000,4635.448000,0
2026.02.02,00:36,4635.085000,4637.508000,4613.135000,4614.138000,0
2026.02.02,00:37,4614.138000,4614.508000,4604.178000,4604.518000,0
2026.02.02,00:38,4604.538000,4621.348000,4603.278000,4616.418000,0
2026.02.02,00:39,4616.448000,4623.788000,4616.078000,4622.408000,0
2026.02.02,00:40,4622.428000,4624.098000,4600.278000,4612.635000,0
2026.02.02,00:41,4612.575000,4614.285000,4603.755000,4604.185000,0
2026.02.02,00:42,4604.025000,4604.825000,4597.548000,4600.555000,0
2026.02.02,00:43,4600.535000,4613.088000,4597.308000,4599.138000,0
2026.02.02,00:44,4599.098000,4600.445000,4571.115000,4574.245000,0
2026.02.02,00:45,4574.098000,4578.235000,4560.835000,4561.065000,0
2026.02.02,00:46,4561.155000,4575.468000,4557.985000,4574.348000,0
2026.02.02,00:47,4575.165000,4577.238000,4554.928000,4554.928000,0
2026.02.02,00:48,4554.918000,4555.798000,4546.388000,4546.648000,0
2026.02.02,00:49,4546.648000,4555.035000,4522.518000,4550.035000,0
2026.02.02,00:50,4549.798000,4568.845000,4532.548000,4544.345000,0
2026.02.02,00:51,4544.445000,4562.005000,4527.755000,4527.778000,0
2026.02.02,00:52,4527.778000,4529.638000,4512.348000,4514.465000,0
2026.02.02,00:53,4514.405000,4525.845000,4496.635000,4520.905000,0
2026.02.02,00:54,4520.598000,4538.295000,4511.605000,4536.948000,0
2026.02.02,00:55,4536.618000,4542.135000,4524.298000,4539.555000,0
2026.02.02,00:56,4539.545000,4540.835000,4526.648000,4530.175000,0
2026.02.02,00:57,4529.948000,4539.768000,4519.475000,4539.365000,0
2026.02.02,00:58,4539.415000,4565.138000,4538.585000,4563.598000,0
2026.02.02,00:59,4563.668000,4563.698000,4540.638000,4547.988000,0
2026.02.02,01:00,4547.265000,4572.658000,4545.535000,4568.418000,0
2026.02.02,01:01,4568.198000,4570.028000,4553.728000,4565.498000,0
2026.02.02,01:02,4565.498000,4566.098000,4540.708000,4552.445000,0
2026.02.02,01:03,4551.075000,4562.335000,4544.698000,4562.145000,0
2026.02.02,01:04,4562.265000,4562.265000,4553.355000,4556.745000,0
2026.02.02,01:05,4556.185000,4556.998000,4546.798000,4552.808000,0
2026.02.02,01:06,4552.145000,4556.895000,4529.088000,4533.748000,0
2026.02.02,01:07,4533.828000,4544.348000,4523.148000,4524.048000,0
2026.02.02,01:08,4524.048000,4537.648000,4519.328000,4533.848000,0
2026.02.02,01:09,4533.505000,4562.948000,4532.548000,4549.538000,0
2026.02.02,01:10,4549.548000,4561.838000,4548.468000,4550.958000,0
2026.02.02,01:11,4550.858000,4560.448000,4547.855000,4554.948000,0
2026.02.02,01:12,4555.088000,4557.008000,4535.185000,4537.698000,0
2026.02.02,01:13,4537.748000,4540.878000,4532.405000,4533.558000,0
2026.02.02,01:14,4533.538000,4540.548000,4530.768000,4534.155000,0
2026.02.02,01:15,4533.958000,4548.348000,4532.205000,4542.548000,0
2026.02.02,01:16,4540.898000,4541.148000,4531.355000,4532.878000,0
2026.02.02,01:17,4532.848000,4533.108000,4512.965000,4521.748000,0
2026.02.02,01:18,4521.225000,4528.848000,4517.448000,4522.755000,0
2026.02.02,01:19,4523.918000,4534.348000,4520.995000,4528.938000,0
2026.02.02,01:20,4528.938000,4529.698000,4501.478000,4505.948000,0
2026.02.02,01:21,4505.948000,4506.348000,4483.245000,4486.948000,0
2026.02.02,01:22,4487.148000,4497.831000,4483.035000,4487.868000,0
2026.02.02,01:23,4488.068000,4488.738000,4465.555000,4480.148000,0
2026.02.02,01:24,4480.125000,4482.948000,4440.125000,4462.948000,0
2026.02.02,01:25,4467.048000,4477.555000,4451.548000,4466.848000,0
2026.02.02,01:26,4466.848000,4471.025000,4450.065000,4451.015000,0
2026.02.02,01:27,4451.095000,4456.265000,4432.475000,4455.875000,0
2026.02.02,01:28,4455.495000,4480.048000,4453.798000,4474.948000,0
2026.02.02,01:29,4474.408000,4493.588000,4469.355000,4484.728000,0
2026.02.02,01:30,4484.735000,4499.148000,4481.738000,4490.865000,0
2026.02.02,01:31,4492.488000,4495.548000,4477.158000,4479.348000,0
2026.02.02,01:32,4479.148000,4483.448000,4472.455000,4476.248000,0
2026.02.02,01:33,4475.575000,4478.448000,4463.188000,4465.748000,0
2026.02.02,01:34,4465.415000,4478.648000,4465.245000,4466.978000,0
2026.02.02,01:35,4466.968000,4472.878000,4462.425000,4462.535000,0
2026.02.02,01:36,4462.875000,4470.248000,4450.848000,4455.048000,0
2026.02.02,01:37,4455.048000,4455.448000,4425.175000,4427.848000,0
2026.02.02,01:38,4427.848000,4428.248000,4401.038000,4403.198000,0
2026.02.02,01:39,4403.648000,4428.448000,4403.205000,4404.758000,0
2026.02.02,01:40,4405.165000,4419.128000,4401.928000,4417.448000,0
2026.02.02,01:41,4417.448000,4430.948000,4417.448000,4430.035000,0
2026.02.02,01:42,4430.025000,4449.445000,4429.748000,4439.135000,0
2026.02.02,01:43,4439.265000,4450.948000,4426.965000,4428.005000,0
2026.02.02,01:44,4427.795000,4455.315000,4426.255000,4451.475000,0
2026.02.02,01:45,4450.545000,4459.885000,4444.225000,4454.885000,0
2026.02.02,01:46,4454.855000,4460.698000,4451.048000,4453.829000,0
2026.02.02,01:47,4453.729000,4456.948000,4444.048000,4445.005000,0
2026.02.02,01:48,4444.995000,4456.648000,4440.598000,4442.775000,0
2026.02.02,01:49,4442.615000,4444.848000,4429.005000,4437.805000,0
2026.02.02,01:50,4437.805000,4472.855000,4435.905000,4469.995000,0
2026.02.02,01:51,4469.615000,4471.498000,4456.278000,4467.048000,0
2026.02.02,01:52,4466.325000,4473.848000,4456.738000,4473.748000,0
2026.02.02,01:53,4473.378000,4482.148000,4471.348000,4474.848000,0
2026.02.02,01:54,4474.848000,4484.568000,4472.408000,4483.478000,0
2026.02.02,01:55,4483.548000,4498.378000,4480.348000,4498.048000,0
2026.02.02,01:56,4498.655000,4508.948000,4495.285000,4507.988000,0
2026.02.02,01:57,4507.988000,4521.748000,4505.775000,4516.948000,0
2026.02.02,01:58,4516.948000,4520.148000,4500.335000,4502.455000,0
2026.02.02,01:59,4502.835000,4505.415000,4494.195000,4504.005000,0
2026.02.02,02:00,4504.315000,4510.685000,4482.468000,4505.335000,0
2026.02.02,02:01,4505.348000,4513.805000,4499.755000,4510.735000,0
2026.02.02,02:02,4510.835000,4527.248000,4508.925000,4522.315000,0
2026.02.02,02:03,4522.335000,4536.375000,4522.335000,4535.545000,0
2026.02.02,02:04,4535.545000,4536.435000,4527.108000,4532.965000,0
2026.02.02,02:05,4533.045000,4534.745000,4527.375000,4533.748000,0
2026.02.02,02:06,4533.748000,4536.788000,4519.758000,4524.275000,0
2026.02.02,02:07,4524.275000,4549.898000,4522.348000,4546.148000,0
2026.02.02,02:08,4546.148000,4547.698000,4538.448000,4547.548000,0
2026.02.02,02:09,4547.545000,4552.368000,4536.908000,4552.348000,0
2026.02.02,02:10,4551.675000,4553.648000,4535.035000,4535.288000,0
2026.02.02,02:11,4534.609000,4536.748000,4524.938000,4536.148000,0
2026.02.02,02:12,4536.148000,4544.948000,4530.015000,4531.605000,0
2026.02.02,02:13,4531.475000,4541.948000,4528.348000,4540.448000,0
2026.02.02,02:14,4540.448000,4540.498000,4529.178000,4535.648000,0
2026.02.02,02:15,4536.075000,4559.698000,4529.608000,4548.848000,0
2026.02.02,02:16,4548.438000,4552.748000,4530.478000,4534.525000,0
2026.02.02,02:17,4534.548000,4537.248000,4522.075000,4536.848000,0
2026.02.02,02:18,4536.868000,4542.748000,4531.748000,4533.035000,0
2026.02.02,02:19,4532.785000,4535.855000,4527.385000,4528.305000,0
2026.02.02,02:20,4528.305000,4542.225000,4525.348000,4537.195000,0
2026.02.02,02:21,4537.215000,4547.978000,4532.705000,4538.725000,0
2026.02.02,02:22,4538.905000,4541.875000,4531.548000,4533.358000,0
2026.02.02,02:23,4533.568000,4543.148000,4527.405000,4542.765000,0
2026.02.02,02:24,4542.748000,4556.608000,4542.748000,4547.188000,0
2026.02.02,02:25,4547.228000,4569.915000,4547.148000,4569.875000,0
2026.02.02,02:26,4570.335000,4573.568000,4563.268000,4569.728000,0
2026.02.02,02:27,4569.838000,4572.205000,4561.748000,4571.815000,0
2026.02.02,02:28,4571.088000,4571.888000,4556.665000,4558.675000,0
2026.02.02,02:29,4558.678000,4561.688000,4549.748000,4558.905000,0
2026.02.02,02:30,4559.218000,4565.248000,4552.685000,4553.705000,0
2026.02.02,02:31,4553.665000,4557.395000,4537.548000,4537.695000,0
2026.02.02,02:32,4537.715000,4540.865000,4523.568000,4525.148000,0
2026.02.02,02:33,4525.948000,4535.065000,4525.068000,4532.875000,0
2026.02.02,02:34,4532.875000,4542.815000,4529.515000,4534.755000,0
2026.02.02,02:35,4534.755000,4540.565000,4528.725000,4535.885000,0
2026.02.02,02:36,4535.875000,4545.865000,4531.205000,4544.498000,0
2026.02.02,02:37,4544.505000,4566.248000,4544.158000,4565.248000,0
2026.02.02,02:38,4564.855000,4565.248000,4552.648000,4559.448000,0
2026.02.02,02:39,4559.448000,4570.938000,4559.448000,4566.835000,0
2026.02.02,02:40,4567.735000,4582.205000,4566.648000,4582.175000,0
2026.02.02,02:41,4582.165000,4592.055000,4580.535000,4583.248000,0
2026.02.02,02:42,4581.548000,4581.608000,4571.448000,4571.865000,0
2026.02.02,02:43,4571.735000,4574.528000,4566.448000,4567.295000,0
2026.02.02,02:44,4567.295000,4582.648000,4565.935000,4582.048000,0
2026.02.02,02:45,4582.048000,4595.968000,4581.815000,4595.948000,0
2026.02.02,02:46,4596.005000,4605.778000,4591.048000,4599.278000,0
2026.02.02,02:47,4599.348000,4604.175000,4592.648000,4602.845000,0
2026.02.02,02:48,4602.645000,4605.548000,4590.798000,4604.878000,0
2026.02.02,02:49,4604.988000,4618.295000,4602.425000,4614.515000,0
2026.02.02,02:50,4614.465000,4614.735000,4599.825000,4602.255000,0
2026.02.02,02:51,4602.365000,4602.625000,4589.475000,4592.348000,0
2026.02.02,02:52,4592.418000,4595.208000,4589.378000,4590.498000,0
2026.02.02,02:53,4590.025000,4590.025000,4580.748000,4588.885000,0
2026.02.02,02:54,4588.885000,4597.725000,4583.455000,4597.595000,0
2026.02.02,02:55,4597.635000,4600.975000,4593.805000,4595.585000,0
2026.02.02,02:56,4595.585000,4610.595000,4593.215000,4610.045000,0
2026.02.02,02:57,4609.935000,4609.935000,4596.865000,4602.375000,0
2026.02.02,02:58,4602.285000,4602.285000,4592.438000,4592.875000,0
2026.02.02,02:59,4592.945000,4597.905000,4584.288000,4586.155000,0
2026.02.02,03:00,4586.195000,4596.125000,4575.705000,4576.368000,0
2026.02.02,03:01,4575.735000,4585.388000,4572.848000,4575.238000,0
2026.02.02,03:02,4575.395000,4576.585000,4557.905000,4575.428000,0
2026.02.02,03:03,4575.418000,4584.095000,4574.655000,4575.785000,0
2026.02.02,03:04,4575.798000,4580.028000,4571.905000,4574.518000,0
2026.02.02,03:05,4575.045000,4586.645000,4572.428000,4579.735000,0
2026.02.02,03:06,4579.705000,4583.868000,4568.798000,4583.148000,0
2026.02.02,03:07,4583.115000,4596.248000,4581.868000,4595.588000,0
2026.02.02,03:08,4596.038000,4604.888000,4593.148000,4603.248000,0
2026.02.02,03:09,4603.248000,4624.698000,4600.648000,4616.848000,0
2026.02.02,03:10,4616.848000,4627.315000,4614.218000,4625.508000,0
2026.02.02,03:11,4625.408000,4627.145000,4615.318000,4616.428000,0
2026.02.02,03:12,4616.418000,4622.295000,4607.178000,4609.368000,0
2026.02.02,03:13,4609.185000,4618.998000,4608.788000,4608.988000,0
2026.02.02,03:14,4609.095000,4611.278000,4602.058000,4609.488000,0
2026.02.02,03:15,4609.248000,4611.708000,4601.885000,4602.708000,0
2026.02.02,03:16,4602.688000,4613.775000,4600.958000,4604.858000,0
2026.02.02,03:17,4604.898000,4615.528000,4599.715000,4611.258000,0
2026.02.02,03:18,4611.678000,4621.618000,4608.508000,4621.378000,0
2026.02.02,03:19,4621.478000,4632.238000,4616.808000,4631.425000,0
2026.02.02,03:20,4631.415000,4641.385000,4628.365000,4641.205000,0
2026.02.02,03:21,4641.195000,4645.005000,4638.335000,4644.975000,0
2026.02.02,03:22,4644.965000,4649.165000,4639.015000,4644.485000,0
2026.02.02,03:23,4644.538000,4646.748000,4638.468000,4638.805000,0
2026.02.02,03:24,4638.955000,4647.048000,4637.615000,4639.088000,0
2026.02.02,03:25,4639.115000,4643.698000,4625.355000,4628.875000,0
2026.02.02,03:26,4628.855000,4636.748000,4627.418000,4627.885000,0
2026.02.02,03:27,4627.775000,4628.538000,4618.785000,4624.778000,0
2026.02.02,03:28,4624.758000,4638.618000,4621.058000,4638.068000,0
2026.02.02,03:29,4637.958000,4645.688000,4636.698000,4645.238000,0
2026.02.02,03:30,4645.268000,4649.148000,4644.725000,4645.515000,0
2026.02.02,03:31,4645.495000,4648.828000,4638.815000,4641.065000,0
2026.02.02,03:32,4641.075000,4641.075000,4632.425000,4638.118000,0
2026.02.02,03:33,4638.095000,4643.248000,4631.425000,4633.948000,0
2026.02.02,03:34,4633.948000,4640.298000,4623.345000,4627.508000,0
2026.02.02,03:35,4627.665000,4628.858000,4619.868000,4624.765000,0
2026.02.02,03:36,4624.745000,4625.875000,4614.855000,4621.015000,0
2026.02.02,03:37,4621.085000,4625.365000,4616.415000,4616.615000,0
2026.02.02,03:38,4616.565000,4617.355000,4606.195000,4611.565000,0
2026.02.02,03:39,4611.565000,4632.155000,4611.565000,4626.195000,0
2026.02.02,03:40,4626.365000,4633.535000,4624.159000,4628.675000,0
2026.02.02,03:41,4628.705000,4632.175000,4622.555000,4630.525000,0
2026.02.02,03:42,4630.495000,4644.425000,4625.685000,4644.145000,0
2026.02.02,03:43,4643.735000,4648.895000,4641.375000,4648.495000,0
2026.02.02,03:44,4648.515000,4649.675000,4640.755000,4640.825000,0
2026.02.02,03:45,4640.805000,4642.745000,4633.485000,4636.305000,0
2026.02.02,03:46,4636.305000,4645.955000,4632.975000,4645.645000,0
2026.02.02,03:47,4645.605000,4648.135000,4639.345000,4639.935000,0
2026.02.02,03:48,4639.965000,4645.505000,4635.475000,4635.535000,0
2026.02.02,03:49,4635.505000,4646.175000,4635.505000,4642.815000,0
2026.02.02,03:50,4642.815000,4649.748000,4642.725000,4647.865000,0
2026.02.02,03:51,4647.865000,4650.585000,4632.795000,4632.945000,0
2026.02.02,03:52,4633.425000,4636.705000,4627.355000,4635.848000,0
2026.02.02,03:53,4636.075000,4649.418000,4635.495000,4647.325000,0
2026.02.02,03:54,4648.098000,4650.585000,4644.675000,4646.395000,0
2026.02.02,03:55,4646.375000,4646.825000,4633.815000,4640.825000,0
2026.02.02,03:56,4641.015000,4643.685000,4627.545000,4630.205000,0
2026.02.02,03:57,4630.215000,4634.268000,4627.805000,4633.175000,0
2026.02.02,03:58,4633.145000,4639.448000,4626.535000,4628.595000,0
2026.02.02,03:59,4628.665000,4643.375000,4628.015000,4639.735000,0
2026.02.02,04:00,4639.715000,4644.628000,4634.545000,4638.425000,0
2026.02.02,04:01,4638.145000,4638.945000,4627.585000,4629.315000,0
2026.02.02,04:02,4629.305000,4629.355000,4617.545000,4617.565000,0
2026.02.02,04:03,4617.605000,4620.128000,4602.255000,4617.128000,0
2026.02.02,04:04,4617.118000,4627.568000,4617.118000,4627.398000,0
2026.02.02,04:05,4627.448000,4634.708000,4621.958000,4633.465000,0
2026.02.02,04:06,4633.428000,4636.325000,4621.705000,4630.098000,0
2026.02.02,04:07,4630.098000,4630.798000,4621.888000,4625.958000,0
2026.02.02,04:08,4625.775000,4628.828000,4618.448000,4622.258000,0
2026.02.02,04:09,4622.248000,4632.805000,4615.448000,4632.805000,0
2026.02.02,04:10,4632.865000,4637.385000,4628.995000,4636.195000,0
2026.02.02,04:11,4636.195000,4649.758000,4635.875000,4649.508000,0
2026.02.02,04:12,4649.398000,4657.758000,4644.798000,4649.928000,0
2026.02.02,04:13,4649.848000,4650.458000,4641.048000,4641.565000,0
2026.02.02,04:14,4641.575000,4646.878000,4640.318000,4645.608000,0
2026.02.02,04:15,4645.588000,4646.948000,4636.475000,4639.955000,0
2026.02.02,04:16,4639.915000,4641.205000,4629.760000,4635.248000,0
2026.02.02,04:17,4635.248000,4648.735000,4634.548000,4644.465000,0
2026.02.02,04:18,4644.465000,4647.675000,4637.905000,4645.305000,0
2026.02.02,04:19,4645.075000,4645.135000,4631.015000,4641.075000,0
2026.02.02,04:20,4641.075000,4642.068000,4625.528000,4625.595000,0
2026.02.02,04:21,4625.595000,4635.495000,4625.355000,4630.235000,0
2026.02.02,04:22,4630.245000,4648.805000,4630.245000,4643.175000,0
2026.02.02,04:23,4643.175000,4644.818000,4636.688000,4644.275000,0
2026.02.02,04:24,4644.305000,4650.355000,4643.195000,4648.925000,0
2026.02.02,04:25,4648.965000,4661.635000,4642.928000,4661.515000,0
2026.02.02,04:26,4661.585000,4677.335000,4661.495000,4673.455000,0
2026.02.02,04:27,4673.215000,4688.015000,4671.105000,4685.525000,0
2026.02.02,04:28,4684.785000,4699.165000,4678.105000,4691.825000,0
2026.02.02,04:29,4691.825000,4693.815000,4680.575000,4688.958000,0
2026.02.02,04:30,4689.055000,4701.565000,4683.208000,4701.085000,0
2026.02.02,04:31,4701.055000,4703.185000,4694.585000,4697.455000,0
2026.02.02,04:32,4697.455000,4704.005000,4691.815000,4703.088000,0
2026.02.02,04:33,4703.105000,4703.358000,4696.055000,4698.255000,0
2026.02.02,04:34,4698.255000,4700.385000,4686.848000,4689.488000,0
2026.02.02,04:35,4689.478000,4691.368000,4678.048000,4683.935000,0
2026.02.02,04:36,4683.915000,4697.688000,4683.525000,4696.548000,0
2026.02.02,04:37,4696.125000,4702.868000,4694.685000,4695.245000,0
2026.02.02,04:38,4695.255000,4699.358000,4691.328000,4695.848000,0
2026.02.02,04:39,4695.848000,4703.938000,4694.948000,4701.448000,0
2026.02.02,04:40,4701.448000,4703.448000,4691.348000,4701.648000,0
2026.02.02,04:41,4701.648000,4712.288000,4699.548000,4701.948000,0
2026.02.02,04:42,4701.948000,4702.648000,4687.968000,4697.608000,0
2026.02.02,04:43,4697.305000,4700.468000,4687.215000,4688.598000,0
2026.02.02,04:44,4688.868000,4695.638000,4683.915000,4687.048000,0
2026.02.02,04:45,4687.048000,4700.388000,4683.448000,4699.275000,0
2026.02.02,04:46,4699.455000,4699.945000,4691.848000,4694.748000,0
2026.02.02,04:47,4695.845000,4705.248000,4694.955000,4703.645000,0
2026.02.02,04:48,4703.929000,4714.238000,4703.929000,4713.588000,0
2026.02.02,04:49,4713.638000,4717.938000,4708.048000,4715.998000,0
2026.02.02,04:50,4715.998000,4720.325000,4703.048000,4705.685000,0
2026.02.02,04:51,4705.735000,4707.338000,4699.465000,4704.615000,0
2026.02.02,04:52,4704.505000,4711.748000,4699.808000,4709.165000,0
2026.02.02,04:53,4709.165000,4714.518000,4708.548000,4714.398000,0
2026.02.02,04:54,4714.378000,4717.235000,4709.735000,4717.225000,0
2026.02.02,04:55,4717.215000,4730.268000,4715.475000,4723.448000,0
2026.02.02,04:56,4723.448000,4726.448000,4714.695000,4720.318000,0
2026.02.02,04:57,4720.045000,4722.448000,4709.775000,4716.388000,0
2026.02.02,04:58,4717.398000,4721.238000,4708.695000,4710.975000,0
2026.02.02,04:59,4710.828000,4719.875000,4705.255000,4718.315000,0
2026.02.02,05:00,4718.285000,4722.285000,4709.275000,4721.185000,0
2026.02.02,05:01,4721.215000,4729.375000,4721.185000,4722.548000,0
2026.02.02,05:02,4722.548000,4732.848000,4721.548000,4730.148000,0
2026.02.02,05:03,4730.065000,4730.348000,4717.805000,4717.805000,0
2026.02.02,05:04,4717.435000,4719.205000,4711.305000,4712.675000,0
2026.02.02,05:05,4712.765000,4720.118000,4709.345000,4710.315000,0
2026.02.02,05:06,4710.405000,4714.785000,4709.525000,4710.385000,0
2026.02.02,05:07,4710.375000,4715.745000,4709.615000,4710.295000,0
2026.02.02,05:08,4710.275000,4720.105000,4703.255000,4719.995000,0
2026.02.02,05:09,4719.945000,4722.125000,4711.785000,4712.835000,0
2026.02.02,05:10,4712.945000,4717.105000,4711.415000,4714.265000,0
2026.02.02,05:11,4714.085000,4718.005000,4711.765000,4717.485000,0
2026.02.02,05:12,4717.405000,4728.865000,4715.695000,4719.635000,0
2026.02.02,05:13,4719.875000,4725.515000,4719.155000,4724.185000,0
2026.02.02,05:14,4724.185000,4729.975000,4720.415000,4729.555000,0
2026.02.02,05:15,4729.535000,4730.125000,4721.465000,4722.635000,0
2026.02.02,05:16,4722.625000,4724.275000,4715.515000,4717.925000,0
2026.02.02,05:17,4717.925000,4719.905000,4714.985000,4715.595000,0
2026.02.02,05:18,4715.595000,4719.625000,4712.735000,4714.765000,0
2026.02.02,05:19,4714.765000,4715.858000,4711.569000,4712.195000,0
2026.02.02,05:20,4712.235000,4717.895000,4702.965000,4703.115000,0
2026.02.02,05:21,4703.105000,4703.578000,4689.478000,4692.065000,0
2026.02.02,05:22,4692.055000,4695.095000,4684.348000,4688.755000,0
2026.02.02,05:23,4689.315000,4694.855000,4685.095000,4687.385000,0
2026.02.02,05:24,4687.255000,4694.905000,4687.255000,4690.335000,0
2026.02.02,05:25,4690.565000,4690.605000,4681.955000,4682.545000,0
2026.02.02,05:26,4682.575000,4684.535000,4674.005000,4681.555000,0
2026.02.02,05:27,4681.565000,4684.325000,4669.865000,4669.965000,0
2026.02.02,05:28,4669.915000,4674.848000,4669.575000,4672.285000,0
2026.02.02,05:29,4672.285000,4685.435000,4671.635000,4681.495000,0
2026.02.02,05:30,4681.508000,4690.025000,4674.395000,4683.795000,0
2026.02.02,05:31,4683.805000,4691.876000,4678.105000,4683.415000,0
2026.02.02,05:32,4683.405000,4688.065000,4682.135000,4683.335000,0
2026.02.02,05:33,4683.275000,4686.275000,4677.925000,4683.495000,0
2026.02.02,05:34,4683.465000,4690.975000,4682.965000,4684.565000,0
2026.02.02,05:35,4684.585000,4686.745000,4679.945000,4681.145000,0
2026.02.02,05:36,4681.175000,4681.175000,4668.295000,4669.435000,0
2026.02.02,05:37,4669.415000,4672.775000,4660.828000,4667.875000,0
2026.02.02,05:38,4667.865000,4683.148000,4667.495000,4680.758000,0
2026.02.02,05:39,4680.795000,4686.508000,4679.948000,4685.575000,0
2026.02.02,05:40,4685.585000,4697.748000,4684.715000,4688.655000,0
2026.02.02,05:41,4688.655000,4688.685000,4676.348000,4678.448000,0
2026.02.02,05:42,4678.318000,4679.705000,4671.345000,4677.165000,0
2026.02.02,05:43,4677.105000,4680.005000,4672.958000,4678.555000,0
2026.02.02,05:44,4676.978000,4678.165000,4671.548000,4672.418000,0
2026.02.02,05:45,4672.418000,4672.428000,4655.628000,4658.745000,0
2026.02.02,05:46,4659.025000,4668.555000,4656.728000,4666.208000,0
2026.02.02,05:47,4666.238000,4669.235000,4663.005000,4668.135000,0
2026.02.02,05:48,4668.165000,4675.935000,4667.208000,4674.898000,0
2026.02.02,05:49,4674.945000,4675.155000,4670.405000,4673.575000,0
2026.02.02,05:50,4673.555000,4680.025000,4667.825000,4679.125000,0
2026.02.02,05:51,4679.015000,4690.575000,4678.825000,4689.645000,0
2026.02.02,05:52,4689.708000,4696.345000,4689.525000,4695.785000,0
2026.02.02,05:53,4695.785000,4695.805000,4690.425000,4694.625000,0
2026.02.02,05:54,4694.635000,4696.268000,4692.945000,4693.065000,0
2026.02.02,05:55,4693.865000,4710.948000,4693.335000,4710.848000,0
2026.02.02,05:56,4710.848000,4710.848000,4699.518000,4703.458000,0
2026.02.02,05:57,4703.678000,4707.208000,4701.738000,4705.298000,0
2026.02.02,05:58,4705.198000,4709.588000,4703.035000,4707.278000,0
2026.02.02,05:59,4707.078000,4708.648000,4703.485000,4704.508000,0
2026.02.02,06:00,4704.508000,4717.398000,4704.365000,4706.158000,0
2026.02.02,06:01,4706.158000,4709.168000,4702.708000,4708.985000,0
2026.02.02,06:02,4709.005000,4718.295000,4705.835000,4716.525000,0
2026.02.02,06:03,4716.155000,4716.485000,4712.535000,4716.268000,0
2026.02.02,06:04,4716.228000,4718.625000,4712.548000,4713.418000,0
2026.02.02,06:05,4713.528000,4717.655000,4711.015000,4714.915000,0
2026.02.02,06:06,4714.715000,4718.405000,4713.005000,4714.545000,0
2026.02.02,06:07,4714.495000,4721.965000,4710.335000,4721.385000,0
2026.02.02,06:08,4721.435000,4723.265000,4716.095000,4716.135000,0
2026.02.02,06:09,4716.145000,4724.348000,4715.615000,4722.505000,0
2026.02.02,06:10,4722.545000,4725.918000,4720.315000,4720.495000,0
2026.02.02,06:11,4720.505000,4724.765000,4716.748000,4721.955000,0
2026.02.02,06:12,4721.945000,4729.085000,4719.125000,4728.155000,0
2026.02.02,06:13,4728.165000,4741.205000,4727.565000,4740.995000,0
2026.02.02,06:14,4741.055000,4748.675000,4738.745000,4748.495000,0
2026.02.02,06:15,4748.568000,4752.655000,4741.265000,4744.175000,0
2026.02.02,06:16,4744.145000,4748.265000,4740.135000,4742.055000,0
2026.02.02,06:17,4742.048000,4746.265000,4740.098000,4740.358000,0
2026.02.02,06:18,4740.358000,4755.348000,4740.048000,4755.348000,0
2026.02.02,06:19,4755.148000,4755.548000,4749.538000,4752.588000,0
2026.02.02,06:20,4752.578000,4754.748000,4743.488000,4750.328000,0
2026.02.02,06:21,4750.448000,4755.648000,4746.148000,4751.345000,0
2026.02.02,06:22,4751.835000,4753.515000,4744.148000,4748.428000,0
2026.02.02,06:23,4748.428000,4759.248000,4748.428000,4753.748000,0
2026.02.02,06:24,4753.748000,4757.985000,4750.398000,4756.498000,0
2026.02.02,06:25,4756.498000,4756.498000,4746.665000,4746.865000,0
2026.02.02,06:26,4746.848000,4753.898000,4745.218000,4746.898000,0
2026.02.02,06:27,4746.945000,4748.678000,4739.438000,4745.535000,0
2026.02.02,06:28,4745.745000,4751.148000,4745.575000,4749.245000,0
2026.02.02,06:29,4749.275000,4759.765000,4747.995000,4752.545000,0
2026.02.02,06:30,4752.525000,4759.825000,4747.325000,4759.085000,0
2026.02.02,06:31,4759.075000,4763.930000,4756.245000,4756.605000,0
2026.02.02,06:32,4756.285000,4758.515000,4755.155000,4755.668000,0
2026.02.02,06:33,4755.775000,4760.895000,4749.195000,4749.848000,0
2026.02.02,06:34,4750.258000,4754.608000,4746.785000,4750.938000,0
2026.02.02,06:35,4751.008000,4763.108000,4750.468000,4762.948000,0
2026.02.02,06:36,4763.038000,4768.055000,4760.325000,4767.865000,0
2026.02.02,06:37,4767.835000,4772.225000,4765.955000,4771.505000,0
2026.02.02,06:38,4771.498000,4773.115000,4767.295000,4769.275000,0
2026.02.02,06:39,4769.205000,4773.998000,4767.585000,4773.215000,0
2026.02.02,06:40,4773.348000,4778.185000,4770.275000,4773.575000,0
2026.02.02,06:41,4774.245000,4777.398000,4773.798000,4776.915000,0
2026.02.02,06:42,4776.865000,4777.298000,4769.315000,4776.298000,0
2026.02.02,06:43,4776.398000,4777.845000,4770.445000,4772.355000,0
2026.02.02,06:44,4772.305000,4776.655000,4770.915000,4772.505000,0
2026.02.02,06:45,4772.485000,4778.448000,4770.905000,4777.665000,0
2026.02.02,06:46,4777.675000,4779.025000,4770.995000,4776.985000,0
2026.02.02,06:47,4776.995000,4777.628000,4775.195000,4777.175000,0
2026.02.02,06:48,4777.035000,4777.988000,4774.095000,4776.815000,0
2026.02.02,06:49,4776.775000,4778.298000,4773.625000,4775.885000,0
2026.02.02,06:50,4775.985000,4776.295000,4766.525000,4770.845000,0
2026.02.02,06:51,4770.315000,4777.615000,4768.945000,4769.925000,0
2026.02.02,06:52,4769.845000,4770.495000,4761.595000,4762.315000,0
2026.02.02,06:53,4762.355000,4763.075000,4756.375000,4761.505000,0
2026.02.02,06:54,4761.505000,4764.135000,4759.465000,4761.165000,0
2026.02.02,06:55,4761.275000,4770.945000,4761.275000,4770.365000,0
2026.02.02,06:56,4770.405000,4773.685000,4765.195000,4765.195000,0
2026.02.02,06:57,4764.708000,4765.835000,4759.785000,4763.275000,0
2026.02.02,06:58,4763.185000,4764.975000,4758.905000,4763.775000,0
2026.02.02,06:59,4763.735000,4766.785000,4760.855000,4765.245000,0
2026.02.02,07:00,4765.345000,4776.555000,4756.545000,4774.015000,0
2026.02.02,07:01,4774.015000,4774.955000,4763.295000,4763.865000,0
2026.02.02,07:02,4763.015000,4767.665000,4757.295000,4759.965000,0
2026.02.02,07:03,4759.965000,4762.425000,4749.945000,4757.825000,0
2026.02.02,07:04,4757.825000,4765.575000,4755.135000,4755.155000,0
2026.02.02,07:05,4755.155000,4764.215000,4749.875000,4750.405000,0
2026.02.02,07:06,4750.385000,4753.275000,4749.765000,4750.115000,0
2026.02.02,07:07,4750.115000,4751.825000,4742.705000,4750.135000,0
2026.02.02,07:08,4749.875000,4756.135000,4749.065000,4749.985000,0
2026.02.02,07:09,4749.985000,4763.535000,4749.955000,4762.425000,0
2026.02.02,07:10,4762.335000,4773.995000,4761.265000,4772.315000,0
2026.02.02,07:11,4772.355000,4775.505000,4767.098000,4768.615000,0
2026.02.02,07:12,4768.655000,4770.495000,4757.055000,4757.255000,0
2026.02.02,07:13,4757.135000,4760.585000,4754.998000,4758.948000,0
2026.02.02,07:14,4758.998000,4765.768000,4758.368000,4761.955000,0
2026.02.02,07:15,4761.945000,4763.525000,4758.935000,4761.035000,0
2026.02.02,07:16,4760.975000,4769.885000,4759.435000,4767.055000,0
2026.02.02,07:17,4767.035000,4773.305000,4766.265000,4770.885000,0
2026.02.02,07:18,4770.875000,4771.755000,4767.165000,4771.065000,0
2026.02.02,07:19,4771.055000,4778.298000,4770.175000,4776.578000,0
2026.02.02,07:20,4776.865000,4776.865000,4769.565000,4770.825000,0
2026.02.02,07:21,4770.805000,4775.805000,4769.855000,4775.315000,0
2026.02.02,07:22,4775.255000,4778.038000,4771.308000,4776.315000,0
2026.02.02,07:23,4776.305000,4789.388000,4776.305000,4786.505000,0
2026.02.02,07:24,4786.475000,4788.105000,4781.605000,4781.645000,0
2026.02.02,07:25,4781.898000,4784.265000,4776.228000,4776.228000,0
2026.02.02,07:26,4776.208000,4778.935000,4774.448000,4777.015000,0
2026.02.02,07:27,4776.955000,4779.875000,4774.355000,4775.785000,0
2026.02.02,07:28,4775.805000,4776.985000,4774.455000,4776.755000,0
2026.02.02,07:29,4776.775000,4779.595000,4775.045000,4777.065000,0
2026.02.02,07:30,4777.085000,4778.985000,4769.689000,4775.515000,0
2026.02.02,07:31,4775.375000,4783.385000,4774.948000,4782.725000,0
2026.02.02,07:32,4782.725000,4788.105000,4782.585000,4784.505000,0
2026.02.02,07:33,4784.505000,4784.925000,4777.688000,4779.905000,0
2026.02.02,07:34,4779.925000,4781.255000,4776.175000,4778.165000,0
2026.02.02,07:35,4778.195000,4778.375000,4769.905000,4770.475000,0
2026.02.02,07:36,4770.395000,4775.175000,4769.665000,4772.795000,0
2026.02.02,07:37,4772.905000,4779.215000,4770.815000,4779.075000,0
2026.02.02,07:38,4779.075000,4782.075000,4778.075000,4779.895000,0
2026.02.02,07:39,4779.905000,4780.605000,4777.038000,4780.065000,0
2026.02.02,07:40,4779.585000,4781.215000,4777.415000,4780.195000,0
2026.02.02,07:41,4780.265000,4786.245000,4780.095000,4784.105000,0
2026.02.02,07:42,4784.235000,4786.655000,4781.075000,4786.655000,0
2026.02.02,07:43,4786.705000,4794.625000,4786.405000,4791.745000,0
2026.02.02,07:44,4791.745000,4797.105000,4791.125000,4796.915000,0
2026.02.02,07:45,4797.705000,4807.268000,4795.635000,4804.688000,0
2026.02.02,07:46,4804.575000,4811.895000,4804.278000,4804.978000,0
2026.02.02,07:47,4804.835000,4806.248000,4799.695000,4799.835000,0
2026.02.02,07:48,4799.845000,4800.335000,4787.378000,4787.488000,0
2026.02.02,07:49,4787.488000,4789.185000,4784.485000,4788.605000,0
2026.02.02,07:50,4788.425000,4788.825000,4779.238000,4779.788000,0
2026.02.02,07:51,4779.798000,4789.248000,4774.915000,4788.728000,0
2026.02.02,07:52,4788.798000,4794.265000,4785.945000,4792.238000,0
2026.02.02,07:53,4792.358000,4794.278000,4783.915000,4785.498000,0
2026.02.02,07:54,4785.538000,4790.588000,4783.578000,4784.648000,0
2026.02.02,07:55,4784.648000,4788.238000,4780.888000,4783.628000,0
2026.02.02,07:56,4783.648000,4784.928000,4772.308000,4776.108000,0
2026.02.02,07:57,4776.098000,4788.038000,4776.025000,4782.555000,0
2026.02.02,07:58,4782.515000,4792.245000,4782.485000,4790.605000,0
2026.02.02,07:59,4790.565000,4794.795000,4785.815000,4793.485000,0
2026.02.02,08:00,4793.505000,4794.765000,4744.385000,4748.735000,0
2026.02.02,08:01,4749.055000,4762.425000,4735.015000,4738.665000,0
2026.02.02,08:02,4738.665000,4748.305000,4719.395000,4721.495000,0
2026.02.02,08:03,4721.565000,4740.805000,4721.565000,4731.815000,0
2026.02.02,08:04,4732.005000,4751.068000,4724.655000,4746.718000,0
2026.02.02,08:05,4746.718000,4748.108000,4733.735000,4744.808000,0
2026.02.02,08:06,4745.138000,4758.658000,4744.128000,4755.178000,0
2026.02.02,08:07,4755.308000,4770.398000,4753.548000,4768.939000,0
2026.02.02,08:08,4768.939000,4781.548000,4763.448000,4769.648000,0
2026.02.02,08:09,4769.608000,4787.178000,4769.288000,4784.158000,0
2026.02.02,08:10,4784.359000,4795.998000,4778.718000,4795.908000,0
2026.02.02,08:11,4795.828000,4803.268000,4789.279000,4791.108000,0
2026.02.02,08:12,4791.499000,4792.419000,4780.949000,4783.229000,0
2026.02.02,08:13,4783.229000,4788.748000,4779.379000,4786.659000,0
2026.02.02,08:14,4786.559000,4786.829000,4774.948000,4782.248000,0
2026.02.02,08:15,4782.248000,4793.168000,4771.998000,4772.359000,0
2026.02.02,08:16,4772.359000,4775.388000,4762.668000,4765.168000,0
2026.02.02,08:17,4765.109000,4775.108000,4760.348000,4760.708000,0
2026.02.02,08:18,4760.469000,4763.598000,4750.448000,4750.658000,0
2026.02.02,08:19,4750.788000,4756.618000,4746.838000,4749.988000,0
2026.02.02,08:20,4749.998000,4749.998000,4730.298000,4746.378000,0
2026.02.02,08:21,4746.348000,4749.598000,4739.125000,4746.199000,0
2026.02.02,08:22,4746.199000,4759.948000,4742.948000,4756.848000,0
2026.02.02,08:23,4756.619000,4758.199000,4739.728000,4745.789000,0
2026.02.02,08:24,4745.658000,4746.488000,4736.458000,4737.749000,0
2026.02.02,08:25,4737.749000,4744.058000,4732.048000,4739.348000,0
2026.02.02,08:26,4739.628000,4750.768000,4735.958000,4745.409000,0
2026.02.02,08:27,4745.619000,4752.178000,4736.908000,4738.069000,0
2026.02.02,08:28,4738.299000,4739.169000,4727.538000,4733.548000,0
2026.02.02,08:29,4733.588000,4743.518000,4733.078000,4738.429000,0
2026.02.02,08:30,4738.429000,4741.298000,4728.328000,4729.778000,0
2026.02.02,08:31,4729.898000,4732.648000,4714.735000,4715.718000,0
2026.02.02,08:32,4715.958000,4724.138000,4711.725000,4717.398000,0
2026.02.02,08:33,4717.448000,4723.108000,4698.638000,4707.069000,0
2026.02.02,08:34,4707.018000,4717.648000,4701.048000,4709.309000,0
2026.02.02,08:35,4709.479000,4714.208000,4700.845000,4701.635000,0
2026.02.02,08:36,4701.725000,4709.455000,4691.295000,4696.595000,0
2026.02.02,08:37,4696.595000,4699.265000,4688.695000,4697.265000,0
2026.02.02,08:38,4697.255000,4698.828000,4683.188000,4693.278000,0
2026.02.02,08:39,4693.648000,4693.648000,4680.965000,4689.248000,0
2026.02.02,08:40,4689.099000,4693.328000,4680.048000,4684.648000,0
2026.02.02,08:41,4684.668000,4685.088000,4672.235000,4674.508000,0
2026.02.02,08:42,4674.508000,4676.938000,4668.448000,4676.308000,0
2026.02.02,08:43,4676.248000,4685.508000,4673.028000,4676.019000,0
2026.02.02,08:44,4676.099000,4685.278000,4671.959000,4685.278000,0
2026.02.02,08:45,4684.959000,4707.338000,4683.018000,4707.338000,0
2026.02.02,08:46,4707.078000,4707.185000,4693.948000,4698.178000,0
2026.02.02,08:47,4698.178000,4705.988000,4690.418000,4702.998000,0
2026.02.02,08:48,4703.079000,4704.245000,4693.585000,4696.188000,0
2026.02.02,08:49,4696.229000,4699.985000,4693.288000,4698.128000,0
2026.02.02,08:50,4696.255000,4704.888000,4693.568000,4698.328000,0
2026.02.02,08:51,4698.328000,4703.788000,4694.388000,4698.028000,0
2026.02.02,08:52,4698.028000,4701.328000,4693.325000,4700.458000,0
2026.02.02,08:53,4700.538000,4721.468000,4698.095000,4718.868000,0
2026.02.02,08:54,4718.838000,4719.589000,4708.335000,4718.248000,0
2026.02.02,08:55,4718.258000,4718.258000,4709.125000,4710.935000,0
2026.02.02,08:56,4710.959000,4713.035000,4702.355000,4705.775000,0
2026.02.02,08:57,4705.795000,4710.045000,4705.155000,4709.205000,0
2026.02.02,08:58,4709.215000,4709.495000,4700.778000,4702.655000,0
2026.02.02,08:59,4702.645000,4711.019000,4699.515000,4705.619000,0
2026.02.02,09:00,4705.769000,4728.075000,4705.179000,4723.865000,0
2026.02.02,09:01,4723.855000,4726.535000,4717.735000,4723.935000,0
2026.02.02,09:02,4723.885000,4724.705000,4712.205000,4714.675000,0
2026.02.02,09:03,4714.785000,4714.785000,4699.088000,4703.848000,0
2026.02.02,09:04,4703.148000,4710.245000,4701.448000,4704.575000,0
2026.02.02,09:05,4704.575000,4716.445000,4704.265000,4713.975000,0
2026.02.02,09:06,4714.095000,4718.645000,4711.705000,4717.075000,0
2026.02.02,09:07,4717.915000,4728.225000,4716.095000,4717.865000,0
2026.02.02,09:08,4717.905000,4728.405000,4717.115000,4719.698000,0
2026.02.02,09:09,4718.155000,4721.735000,4713.365000,4714.488000,0
2026.02.02,09:10,4714.518000,4724.245000,4707.235000,4723.315000,0
2026.02.02,09:11,4723.625000,4725.808000,4717.799000,4717.989000,0
2026.02.02,09:12,4718.099000,4731.588000,4717.245000,4728.098000,0
2026.02.02,09:13,4728.128000,4738.038000,4728.068000,4728.959000,0
2026.02.02,09:14,4728.729000,4730.358000,4724.708000,4725.699000,0
2026.02.02,09:15,4725.628000,4729.348000,4719.298000,4720.808000,0
2026.02.02,09:16,4720.928000,4725.258000,4714.385000,4715.789000,0
2026.02.02,09:17,4715.789000,4725.099000,4715.789000,4724.319000,0
2026.02.02,09:18,4724.319000,4725.398000,4715.418000,4715.919000,0
2026.02.02,09:19,4716.019000,4716.029000,4693.949000,4695.448000,0
2026.02.02,09:20,4695.458000,4698.115000,4687.565000,4695.505000,0
2026.02.02,09:21,4695.485000,4698.305000,4689.255000,4694.355000,0
2026.02.02,09:22,4694.355000,4695.165000,4684.595000,4685.908000,0
2026.02.02,09:23,4686.215000,4690.155000,4679.475000,4689.645000,0
2026.02.02,09:24,4689.635000,4701.675000,4689.585000,4700.775000,0
2026.02.02,09:25,4700.775000,4704.495000,4697.205000,4697.805000,0
2026.02.02,09:26,4697.785000,4702.329000,4692.095000,4700.729000,0
2026.02.02,09:27,4700.628000,4712.729000,4700.318000,4712.148000,0
2026.02.02,09:28,4712.268000,4725.709000,4711.515000,4722.815000,0
2026.02.02,09:29,4722.775000,4729.055000,4719.608000,4721.248000,0
2026.02.02,09:30,4721.258000,4724.865000,4709.175000,4724.545000,0
2026.02.02,09:31,4724.705000,4730.175000,4711.775000,4718.965000,0
2026.02.02,09:32,4719.185000,4732.298000,4713.975000,4731.335000,0
2026.02.02,09:33,4731.255000,4749.118000,4731.168000,4747.315000,0
2026.02.02,09:34,4747.315000,4762.745000,4746.095000,4759.198000,0
2026.02.02,09:35,4759.375000,4769.278000,4755.775000,4757.148000,0
2026.02.02,09:36,4757.148000,4763.508000,4749.318000,4759.605000,0
2026.02.02,09:37,4759.615000,4779.348000,4758.655000,4778.139000,0
2026.02.02,09:38,4778.239000,4791.248000,4776.448000,4780.658000,0
2026.02.02,09:39,4780.658000,4791.928000,4775.088000,4778.769000,0
2026.02.02,09:40,4778.339000,4792.179000,4776.048000,4792.179000,0
2026.02.02,09:41,4792.179000,4792.989000,4776.059000,4780.548000,0
2026.02.02,09:42,4780.548000,4785.548000,4766.978000,4775.878000,0
2026.02.02,09:43,4775.878000,4778.458000,4755.328000,4759.748000,0
2026.02.02,09:44,4759.748000,4769.648000,4751.035000,4752.629000,0
2026.02.02,09:45,4752.629000,4753.098000,4734.048000,4745.938000,0
2026.02.02,09:46,4745.948000,4761.648000,4743.548000,4752.948000,0
2026.02.02,09:47,4753.048000,4753.095000,4741.448000,4748.048000,0
2026.02.02,09:48,4748.655000,4750.188000,4740.089000,4742.695000,0
2026.02.02,09:49,4742.745000,4743.185000,4726.495000,4730.775000,0
2026.02.02,09:50,4730.745000,4744.135000,4728.125000,4737.835000,0
2026.02.02,09:51,4737.875000,4747.105000,4730.535000,4732.629000,0
2026.02.02,09:52,4732.629000,4740.898000,4724.025000,4740.109000,0
2026.02.02,09:53,4740.269000,4740.948000,4726.848000,4734.438000,0
2026.02.02,09:54,4733.759000,4735.748000,4717.088000,4718.148000,0
2026.02.02,09:55,4717.848000,4720.135000,4707.048000,4720.135000,0
2026.02.02,09:56,4720.145000,4720.155000,4704.405000,4707.015000,0
2026.02.02,09:57,4707.045000,4712.135000,4699.695000,4708.775000,0
2026.02.02,09:58,4708.745000,4730.285000,4708.405000,4718.375000,0
2026.02.02,09:59,4719.025000,4722.095000,4706.165000,4715.975000,0
2026.02.02,10:00,4705.108000,4718.365000,4697.315000,4711.675000,0
2026.02.02,10:01,4712.775000,4712.775000,4689.248000,4698.148000,0
2026.02.02,10:02,4698.525000,4714.125000,4695.015000,4705.715000,0
2026.02.02,10:03,4705.195000,4728.125000,4704.495000,4728.025000,0
2026.02.02,10:04,4728.045000,4734.438000,4724.765000,4730.505000,0
2026.02.02,10:05,4730.505000,4743.565000,4730.495000,4732.045000,0
2026.02.02,10:06,4732.265000,4744.698000,4726.498000,4734.898000,0
2026.02.02,10:07,4734.898000,4737.598000,4718.298000,4719.798000,0
2026.02.02,10:08,4719.798000,4724.998000,4708.558000,4716.198000,0
2026.02.02,10:09,4715.955000,4732.598000,4714.665000,4731.898000,0
2026.02.02,10:10,4731.898000,4732.698000,4711.498000,4714.398000,0
2026.02.02,10:11,4714.438000,4720.578000,4707.798000,4708.988000,0
2026.02.02,10:12,4708.988000,4712.618000,4704.615000,4711.108000,0
2026.02.02,10:13,4710.495000,4711.168000,4694.388000,4696.358000,0
2026.02.02,10:14,4696.368000,4714.748000,4694.238000,4710.675000,0
2026.02.02,10:15,4710.585000,4720.338000,4706.235000,4717.635000,0
2026.02.02,10:16,4717.635000,4725.015000,4712.365000,4722.905000,0
2026.02.02,10:17,4722.925000,4727.065000,4709.545000,4709.895000,0
2026.02.02,10:18,4709.865000,4710.825000,4699.285000,4700.595000,0
2026.02.02,10:19,4700.385000,4710.638000,4698.378000,4708.108000,0
2026.02.02,10:20,4708.095000,4710.035000,4695.799000,4697.548000,0
2026.02.02,10:21,4697.548000,4710.565000,4696.068000,4709.028000,0
2026.02.02,10:22,4709.228000,4710.065000,4694.595000,4699.068000,0
2026.02.02,10:23,4699.235000,4702.499000,4689.365000,4698.238000,0
2026.02.02,10:24,4698.238000,4700.015000,4685.078000,4696.925000,0
2026.02.02,10:25,4696.915000,4711.285000,4696.618000,4707.508000,0
2026.02.02,10:26,4707.535000,4715.095000,4704.955000,4711.545000,0
2026.02.02,10:27,4711.495000,4711.675000,4687.528000,4690.288000,0
2026.02.02,10:28,4690.035000,4690.405000,4672.655000,4677.078000,0
2026.02.02,10:29,4677.215000,4684.655000,4675.395000,4680.435000,0
2026.02.02,10:30,4680.265000,4680.655000,4650.505000,4656.148000,0
2026.02.02,10:31,4656.135000,4664.665000,4651.205000,4652.955000,0
2026.02.02,10:32,4653.125000,4664.155000,4647.238000,4661.968000,0
2026.02.02,10:33,4661.968000,4676.735000,4659.885000,4675.895000,0
2026.02.02,10:34,4675.795000,4685.658000,4673.015000,4683.325000,0
2026.02.02,10:35,4683.145000,4694.505000,4675.875000,4687.955000,0
2026.02.02,10:36,4687.225000,4695.895000,4680.855000,4684.795000,0
2026.02.02,10:37,4684.765000,4685.305000,4675.065000,4677.065000,0
2026.02.02,10:38,4677.105000,4688.635000,4674.655000,4687.068000,0
2026.02.02,10:39,4686.958000,4703.478000,4682.165000,4702.828000,0
2026.02.02,10:40,4702.868000,4704.288000,4692.298000,4697.548000,0
2026.02.02,10:41,4697.548000,4697.548000,4685.665000,4696.498000,0
2026.02.02,10:42,4696.478000,4697.258000,4681.098000,4681.565000,0
2026.02.02,10:43,4681.458000,4681.458000,4668.405000,4673.768000,0
2026.02.02,10:44,4673.758000,4678.498000,4666.578000,4675.078000,0
2026.02.02,10:45,4674.978000,4677.158000,4656.515000,4666.258000,0
2026.02.02,10:46,4666.258000,4666.308000,4654.855000,4658.815000,0
2026.02.02,10:47,4658.248000,4662.835000,4648.675000,4652.355000,0
2026.02.02,10:48,4652.358000,4657.628000,4649.095000,4653.938000,0
2026.02.02,10:49,4653.958000,4661.378000,4651.425000,4660.218000,0
2026.02.02,10:50,4660.155000,4660.715000,4649.125000,4657.488000,0
2026.02.02,10:51,4657.445000,4662.565000,4647.855000,4659.975000,0
2026.02.02,10:52,4660.035000,4660.468000,4649.478000,4651.795000,0
2026.02.02,10:53,4651.695000,4651.778000,4627.648000,4639.688000,0
2026.02.02,10:54,4639.718000,4644.825000,4633.228000,4641.838000,0
2026.02.02,10:55,4641.865000,4644.298000,4634.008000,4643.485000,0
2026.02.02,10:56,4643.495000,4643.978000,4630.925000,4635.148000,0
2026.02.02,10:57,4635.148000,4639.445000,4621.545000,4629.025000,0
2026.02.02,10:58,4629.765000,4637.088000,4623.638000,4627.485000,0
2026.02.02,10:59,4627.485000,4628.368000,4616.395000,4619.345000,0
2026.02.02,11:00,4619.235000,4621.498000,4610.215000,4611.045000,0
2026.02.02,11:01,4611.085000,4611.835000,4597.885000,4599.195000,0
2026.02.02,11:02,4599.425000,4618.295000,4596.125000,4617.495000,0
2026.02.02,11:03,4617.298000,4635.285000,4615.238000,4630.285000,0
2026.02.02,11:04,4630.138000,4645.485000,4629.625000,4643.595000,0
2026.02.02,11:05,4644.025000,4648.615000,4638.735000,4647.165000,0
2026.02.02,11:06,4647.655000,4664.365000,4647.655000,4663.775000,0
2026.02.02,11:07,4663.805000,4668.465000,4659.325000,4664.935000,0
2026.02.02,11:08,4664.935000,4671.395000,4663.745000,4671.035000,0
2026.02.02,11:09,4671.015000,4679.795000,4670.185000,4675.715000,0
2026.02.02,11:10,4675.715000,4681.538000,4666.675000,4681.518000,0
2026.02.02,11:11,4681.505000,4690.198000,4680.398000,4683.938000,0
2026.02.02,11:12,4683.855000,4692.488000,4680.708000,4690.408000,0
2026.02.02,11:13,4690.398000,4694.498000,4685.408000,4693.278000,0
2026.02.02,11:14,4693.318000,4703.548000,4685.858000,4696.298000,0
2026.02.02,11:15,4696.298000,4699.938000,4688.178000,4689.955000,0
2026.02.02,11:16,4689.978000,4691.498000,4675.315000,4676.448000,0
2026.02.02,11:17,4676.428000,4680.498000,4672.208000,4674.678000,0
2026.02.02,11:18,4674.688000,4693.748000,4674.638000,4691.948000,0
2026.02.02,11:19,4691.948000,4693.398000,4683.548000,4684.748000,0
2026.02.02,11:20,4684.748000,4694.848000,4682.148000,4694.698000,0
2026.02.02,11:21,4694.698000,4708.098000,4694.698000,4703.618000,0
2026.02.02,11:22,4703.548000,4705.748000,4693.848000,4697.418000,0
2026.02.02,11:23,4697.438000,4703.048000,4690.278000,4699.148000,0
2026.02.02,11:24,4699.148000,4699.898000,4691.848000,4695.698000,0
2026.02.02,11:25,4695.698000,4696.548000,4683.998000,4684.395000,0
2026.02.02,11:26,4684.269000,4684.269000,4674.138000,4677.908000,0
2026.02.02,11:27,4677.888000,4681.898000,4673.098000,4675.198000,0
2026.02.02,11:28,4675.198000,4675.198000,4663.398000,4666.498000,0
2026.02.02,11:29,4665.758000,4674.048000,4661.305000,4670.398000,0
2026.02.02,11:30,4670.398000,4680.008000,4664.218000,4677.998000,0
2026.02.02,11:31,4677.948000,4678.068000,4662.598000,4663.198000,0
2026.02.02,11:32,4663.198000,4665.588000,4650.378000,4650.738000,0
2026.02.02,11:33,4650.998000,4660.848000,4644.788000,4659.098000,0
2026.02.02,11:34,4659.098000,4661.648000,4648.985000,4657.358000,0
2026.02.02,11:35,4656.295000,4668.798000,4655.498000,4667.528000,0
2026.02.02,11:36,4666.798000,4667.198000,4659.218000,4660.258000,0
2026.02.02,11:37,4660.318000,4667.398000,4655.408000,4667.098000,0
2026.02.02,11:38,4667.098000,4677.098000,4666.898000,4667.038000,0
2026.02.02,11:39,4666.435000,4677.698000,4660.338000,4677.498000,0
2026.02.02,11:40,4677.515000,4687.258000,4677.098000,4678.998000,0
2026.02.02,11:41,4678.998000,4684.098000,4677.698000,4680.905000,0
2026.02.02,11:42,4680.698000,4683.658000,4675.798000,4678.635000,0
2026.02.02,11:43,4678.615000,4687.898000,4678.598000,4686.098000,0
2026.02.02,11:44,4686.098000,4686.098000,4668.298000,4668.298000,0
2026.02.02,11:45,4668.338000,4669.858000,4658.358000,4660.425000,0
2026.02.02,11:46,4660.298000,4667.598000,4659.298000,4659.598000,0
2026.02.02,11:47,4659.598000,4667.253000,4659.285000,4659.498000,0
2026.02.02,11:48,4659.498000,4664.288000,4655.598000,4660.598000,0
2026.02.02,11:49,4660.598000,4660.598000,4650.698000,4656.328000,0
2026.02.02,11:50,4656.348000,4659.598000,4651.845000,4653.215000,0
2026.02.02,11:51,4653.305000,4657.698000,4649.098000,4656.625000,0
2026.02.02,11:52,4656.625000,4663.088000,4654.698000,4655.195000,0
2026.02.02,11:53,4655.195000,4666.185000,4654.698000,4663.498000,0
2026.02.02,11:54,4663.498000,4667.465000,4661.998000,4665.215000,0
2026.02.02,11:55,4665.215000,4673.528000,4657.498000,4658.215000,0
2026.02.02,11:56,4658.225000,4668.355000,4658.225000,4668.148000,0
2026.02.02,11:57,4667.798000,4671.998000,4663.048000,4671.265000,0
2026.02.02,11:58,4671.265000,4675.978000,4665.225000,4665.758000,0
2026.02.02,11:59,4665.758000,4667.618000,4659.938000,4665.528000,0
2026.02.02,12:00,4665.528000,4668.178000,4659.478000,4665.668000,0
2026.02.02,12:01,4665.798000,4681.708000,4665.735000,4675.898000,0
2026.02.02,12:02,4675.928000,4679.298000,4668.348000,4669.368000,0
2026.02.02,12:03,4669.468000,4678.008000,4665.038000,4677.358000,0
2026.02.02,12:04,4677.358000,4679.468000,4670.968000,4671.795000,0
2026.02.02,12:05,4671.678000,4678.355000,4667.788000,4677.858000,0
2026.02.02,12:06,4677.858000,4699.628000,4676.728000,4696.408000,0
2026.02.02,12:07,4696.498000,4702.448000,4693.748000,4699.448000,0
2026.02.02,12:08,4699.248000,4707.118000,4696.778000,4706.068000,0
2026.02.02,12:09,4705.968000,4713.318000,4704.848000,4711.988000,0
2026.02.02,12:10,4712.058000,4713.228000,4701.595000,4702.955000,0
2026.02.02,12:11,4702.965000,4707.888000,4699.725000,4706.498000,0
2026.02.02,12:12,4706.508000,4711.438000,4701.895000,4702.265000,0
2026.02.02,12:13,4702.185000,4705.008000,4696.228000,4704.378000,0
2026.02.02,12:14,4704.388000,4707.945000,4700.328000,4707.298000,0
2026.02.02,12:15,4707.308000,4713.208000,4701.268000,4702.058000,0
2026.02.02,12:16,4702.088000,4702.088000,4688.068000,4688.088000,0
2026.02.02,12:17,4688.088000,4688.088000,4680.948000,4685.898000,0
2026.02.02,12:18,4685.908000,4686.008000,4674.328000,4677.608000,0
2026.02.02,12:19,4677.608000,4678.068000,4672.738000,4677.558000,0
2026.02.02,12:20,4677.339000,4677.568000,4667.095000,4668.868000,0
2026.02.02,12:21,4668.908000,4682.948000,4668.205000,4681.328000,0
2026.02.02,12:22,4681.328000,4681.558000,4671.655000,4674.008000,0
2026.02.02,12:23,4674.038000,4674.238000,4670.088000,4671.858000,0
2026.02.02,12:24,4671.858000,4677.228000,4665.778000,4671.998000,0
2026.02.02,12:25,4672.018000,4672.058000,4661.618000,4665.358000,0
2026.02.02,12:26,4665.028000,4674.595000,4664.795000,4674.445000,0
2026.02.02,12:27,4674.415000,4676.565000,4670.855000,4672.938000,0
2026.02.02,12:28,4672.825000,4675.595000,4660.995000,4662.198000,0
2026.02.02,12:29,4662.258000,4667.318000,4659.828000,4667.168000,0
2026.02.02,12:30,4667.195000,4671.545000,4655.985000,4666.825000,0
2026.02.02,12:31,4666.825000,4668.605000,4663.445000,4666.785000,0
2026.02.02,12:32,4666.795000,4675.875000,4664.975000,4675.155000,0
2026.02.02,12:33,4675.125000,4687.765000,4674.615000,4685.175000,0
2026.02.02,12:34,4685.235000,4685.845000,4671.135000,4673.645000,0
2026.02.02,12:35,4673.545000,4678.515000,4672.255000,4675.315000,0
2026.02.02,12:36,4675.305000,4677.495000,4669.325000,4672.145000,0
2026.02.02,12:37,4672.135000,4672.135000,4661.925000,4666.605000,0
2026.02.02,12:38,4666.605000,4667.995000,4660.315000,4667.685000,0
2026.02.02,12:39,4667.685000,4668.795000,4664.525000,4667.055000,0
2026.02.02,12:40,4667.025000,4673.918000,4666.795000,4670.458000,0
2026.02.02,12:41,4670.458000,4677.295000,4670.458000,4676.315000,0
2026.02.02,12:42,4676.275000,4676.275000,4664.518000,4667.125000,0
2026.02.02,12:43,4667.405000,4667.605000,4662.275000,4663.785000,0
2026.02.02,12:44,4663.765000,4674.855000,4663.718000,4674.145000,0
2026.02.02,12:45,4673.998000,4674.375000,4663.735000,4671.595000,0
2026.02.02,12:46,4671.575000,4674.595000,4663.105000,4664.395000,0
2026.02.02,12:47,4664.205000,4667.555000,4662.478000,4665.455000,0
2026.02.02,12:48,4665.528000,4673.425000,4664.605000,4672.605000,0
2026.02.02,12:49,4672.225000,4679.835000,4670.898000,4679.635000,0
2026.02.02,12:50,4679.549000,4683.195000,4674.395000,4675.435000,0
2026.02.02,12:51,4675.495000,4676.185000,4670.575000,4675.925000,0
2026.02.02,12:52,4675.865000,4685.915000,4671.285000,4685.265000,0
2026.02.02,12:53,4685.265000,4686.325000,4680.655000,4683.025000,0
2026.02.02,12:54,4682.825000,4684.188000,4673.165000,4673.165000,0
2026.02.02,12:55,4673.185000,4681.085000,4672.335000,4680.885000,0
2026.02.02,12:56,4680.515000,4684.535000,4677.328000,4678.815000,0
2026.02.02,12:57,4678.835000,4688.025000,4678.535000,4684.795000,0
2026.02.02,12:58,4684.845000,4685.915000,4680.295000,4680.875000,0
2026.02.02,12:59,4680.915000,4680.915000,4672.115000,4673.385000,0
2026.02.02,13:00,4673.395000,4673.645000,4660.158000,4660.625000,0
2026.02.02,13:01,4660.615000,4660.615000,4650.375000,4650.705000,0
2026.02.02,13:02,4650.735000,4654.685000,4648.769000,4653.115000,0
2026.02.02,13:03,4653.115000,4655.695000,4649.725000,4651.915000,0
2026.02.02,13:04,4651.915000,4653.725000,4647.598000,4651.665000,0
2026.02.02,13:05,4651.635000,4655.175000,4648.235000,4654.685000,0
2026.02.02,13:06,4654.685000,4656.915000,4651.735000,4655.525000,0
2026.02.02,13:07,4655.495000,4662.515000,4654.045000,4658.465000,0
2026.02.02,13:08,4658.495000,4663.975000,4658.295000,4660.035000,0
2026.02.02,13:09,4660.095000,4662.275000,4659.025000,4661.415000,0
2026.02.02,13:10,4661.265000,4670.485000,4655.585000,4669.885000,0
2026.02.02,13:11,4669.935000,4671.295000,4665.695000,4669.915000,0
2026.02.02,13:12,4669.845000,4669.865000,4651.795000,4651.875000,0
2026.02.02,13:13,4651.315000,4652.215000,4644.925000,4646.905000,0
2026.02.02,13:14,4646.905000,4646.905000,4633.195000,4635.475000,0
2026.02.02,13:15,4635.475000,4638.895000,4633.195000,4635.455000,0
2026.02.02,13:16,4635.835000,4635.835000,4624.575000,4633.235000,0
2026.02.02,13:17,4633.225000,4634.808000,4629.148000,4632.398000,0
2026.02.02,13:18,4632.375000,4634.465000,4625.988000,4630.625000,0
2026.02.02,13:19,4630.585000,4631.045000,4617.758000,4623.535000,0
2026.02.02,13:20,4623.535000,4628.675000,4623.025000,4626.685000,0
2026.02.02,13:21,4626.585000,4638.755000,4623.095000,4636.335000,0
2026.02.02,13:22,4636.325000,4644.295000,4633.795000,4644.295000,0
2026.02.02,13:23,4644.295000,4646.625000,4638.765000,4641.005000,0
2026.02.02,13:24,4641.015000,4646.035000,4635.765000,4639.725000,0
2026.02.02,13:25,4639.775000,4641.835000,4631.815000,4635.895000,0
2026.02.02,13:26,4636.035000,4643.105000,4630.545000,4642.855000,0
2026.02.02,13:27,4642.865000,4643.055000,4633.415000,4634.005000,0
2026.02.02,13:28,4634.015000,4634.285000,4628.275000,4630.548000,0
2026.02.02,13:29,4631.478000,4636.365000,4624.295000,4631.695000,0
2026.02.02,13:30,4632.315000,4648.455000,4632.315000,4645.095000,0
2026.02.02,13:31,4645.205000,4653.898000,4645.205000,4649.815000,0
2026.02.02,13:32,4649.838000,4649.838000,4640.545000,4640.555000,0
2026.02.02,13:33,4640.535000,4648.015000,4640.315000,4647.675000,0
2026.02.02,13:34,4647.675000,4658.008000,4646.545000,4656.965000,0
2026.02.02,13:35,4656.965000,4664.215000,4656.875000,4661.685000,0
2026.02.02,13:36,4661.665000,4669.795000,4660.915000,4668.905000,0
2026.02.02,13:37,4668.925000,4673.365000,4666.715000,4667.165000,0
2026.02.02,13:38,4667.305000,4667.305000,4656.705000,4656.925000,0
2026.02.02,13:39,4656.925000,4662.995000,4654.905000,4661.515000,0
2026.02.02,13:40,4661.485000,4665.615000,4659.665000,4662.565000,0
2026.02.02,13:41,4662.485000,4663.595000,4658.075000,4663.555000,0
2026.02.02,13:42,4663.595000,4670.298000,4663.525000,4667.665000,0
2026.02.02,13:43,4667.725000,4670.905000,4663.395000,4665.375000,0
2026.02.02,13:44,4665.425000,4665.505000,4656.278000,4656.335000,0
2026.02.02,13:45,4656.335000,4656.885000,4648.485000,4654.425000,0
2026.02.02,13:46,4654.485000,4665.365000,4654.085000,4659.045000,0
2026.02.02,13:47,4659.075000,4667.055000,4657.935000,4664.885000,0
2026.02.02,13:48,4664.695000,4665.135000,4662.395000,4664.075000,0
2026.02.02,13:49,4664.055000,4670.875000,4663.785000,4667.285000,0
2026.02.02,13:50,4667.245000,4671.435000,4658.245000,4658.555000,0
2026.02.02,13:51,4658.495000,4662.585000,4655.535000,4655.575000,0
2026.02.02,13:52,4656.015000,4659.745000,4651.295000,4659.715000,0
2026.02.02,13:53,4659.705000,4661.555000,4651.585000,4654.895000,0
2026.02.02,13:54,4654.865000,4654.935000,4649.915000,4650.545000,0
2026.02.02,13:55,4650.565000,4655.655000,4646.695000,4649.525000,0
2026.02.02,13:56,4649.575000,4651.215000,4644.005000,4648.665000,0
2026.02.02,13:57,4648.635000,4650.475000,4646.595000,4649.205000,0
2026.02.02,13:58,4648.315000,4659.065000,4648.265000,4657.705000,0
2026.02.02,13:59,4657.715000,4660.505000,4655.985000,4657.385000,0
2026.02.02,14:00,4657.285000,4657.415000,4646.858000,4646.995000,0
2026.02.02,14:01,4646.795000,4649.085000,4640.515000,4643.155000,0
2026.02.02,14:02,4643.085000,4645.855000,4641.185000,4645.345000,0
2026.02.02,14:03,4645.325000,4647.065000,4641.185000,4642.285000,0
2026.02.02,14:04,4642.305000,4650.285000,4642.305000,4645.585000,0
2026.02.02,14:05,4645.565000,4649.535000,4641.625000,4641.895000,0
2026.02.02,14:06,4641.955000,4650.555000,4640.905000,4643.615000,0
2026.02.02,14:07,4643.745000,4649.515000,4642.745000,4648.905000,0
2026.02.02,14:08,4648.945000,4655.475000,4647.675000,4649.015000,0
2026.02.02,14:09,4648.855000,4648.855000,4636.395000,4642.825000,0
2026.02.02,14:10,4642.735000,4652.495000,4642.675000,4648.515000,0
2026.02.02,14:11,4648.495000,4657.905000,4648.065000,4657.875000,0
2026.02.02,14:12,4657.875000,4661.565000,4657.795000,4657.795000,0
2026.02.02,14:13,4657.755000,4657.755000,4649.075000,4650.125000,0
2026.02.02,14:14,4650.095000,4652.735000,4644.918000,4646.455000,0
2026.02.02,14:15,4646.465000,4651.245000,4641.935000,4643.335000,0
2026.02.02,14:16,4643.385000,4649.005000,4639.575000,4646.578000,0
2026.02.02,14:17,4647.075000,4647.155000,4643.815000,4644.415000,0
2026.02.02,14:18,4644.405000,4644.515000,4637.895000,4638.655000,0
2026.02.02,14:19,4638.575000,4640.075000,4634.045000,4635.165000,0
2026.02.02,14:20,4635.225000,4635.265000,4631.345000,4632.575000,0
2026.02.02,14:21,4632.555000,4640.648000,4631.005000,4639.695000,0
2026.02.02,14:22,4639.695000,4644.065000,4634.785000,4642.965000,0
2026.02.02,14:23,4642.985000,4647.135000,4641.315000,4646.925000,0
2026.02.02,14:24,4647.695000,4651.015000,4646.435000,4650.635000,0
2026.02.02,14:25,4650.705000,4653.875000,4647.635000,4649.005000,0
2026.02.02,14:26,4649.015000,4649.455000,4640.355000,4641.975000,0
2026.02.02,14:27,4642.025000,4648.575000,4640.995000,4644.845000,0
2026.02.02,14:28,4644.815000,4647.145000,4640.605000,4642.485000,0
2026.02.02,14:29,4642.485000,4644.785000,4639.275000,4643.135000,0
2026.02.02,14:30,4643.115000,4643.195000,4639.368000,4639.378000,0
2026.02.02,14:31,4639.388000,4644.935000,4636.725000,4643.755000,0
2026.02.02,14:32,4643.728000,4652.885000,4643.728000,4652.035000,0
2026.02.02,14:33,4652.005000,4656.985000,4651.568000,4651.578000,0
2026.02.02,14:34,4651.578000,4652.505000,4645.148000,4650.295000,0
2026.02.02,14:35,4650.315000,4655.925000,4650.068000,4654.585000,0
2026.02.02,14:36,4654.545000,4658.115000,4653.305000,4656.375000,0
2026.02.02,14:37,4656.415000,4656.735000,4648.935000,4653.995000,0
2026.02.02,14:38,4653.945000,4658.425000,4653.158000,4657.875000,0
2026.02.02,14:39,4657.905000,4664.605000,4657.805000,4660.375000,0
2026.02.02,14:40,4660.015000,4681.835000,4660.015000,4678.685000,0
2026.02.02,14:41,4678.715000,4685.045000,4678.685000,4684.705000,0
2026.02.02,14:42,4684.455000,4692.215000,4677.565000,4692.105000,0
2026.02.02,14:43,4692.065000,4698.675000,4691.795000,4696.235000,0
2026.02.02,14:44,4696.235000,4699.328000,4692.498000,4693.905000,0
2026.02.02,14:45,4694.155000,4708.108000,4694.155000,4706.665000,0
2026.02.02,14:46,4706.635000,4709.498000,4698.978000,4699.675000,0
2026.02.02,14:47,4699.665000,4701.445000,4695.818000,4698.248000,0
2026.02.02,14:48,4698.408000,4704.078000,4693.838000,4703.268000,0
2026.02.02,14:49,4703.068000,4706.698000,4702.698000,4705.198000,0
2026.02.02,14:50,4705.388000,4710.508000,4704.858000,4707.748000,0
2026.02.02,14:51,4707.808000,4712.218000,4701.928000,4702.438000,0
2026.02.02,14:52,4702.498000,4704.278000,4700.128000,4701.808000,0
2026.02.02,14:53,4701.808000,4701.828000,4690.948000,4691.088000,0
2026.02.02,14:54,4691.118000,4691.448000,4685.188000,4690.688000,0
2026.02.02,14:55,4690.688000,4691.065000,4679.458000,4681.698000,0
2026.02.02,14:56,4681.398000,4682.808000,4676.568000,4677.358000,0
2026.02.02,14:57,4677.358000,4685.988000,4676.668000,4684.268000,0
2026.02.02,14:58,4684.268000,4690.295000,4684.218000,4688.478000,0
2026.02.02,14:59,4688.478000,4691.938000,4676.515000,4684.708000,0
2026.02.02,15:00,4684.708000,4684.728000,4672.898000,4680.798000,0
2026.02.02,15:01,4680.798000,4692.795000,4679.198000,4690.908000,0
2026.02.02,15:02,4690.898000,4692.048000,4687.198000,4688.698000,0
2026.02.02,15:03,4688.698000,4689.498000,4679.515000,4680.898000,0
2026.02.02,15:04,4680.898000,4681.065000,4673.475000,4674.189000,0
2026.02.02,15:05,4674.229000,4680.198000,4669.495000,4673.245000,0
2026.02.02,15:06,4673.255000,4680.405000,4672.865000,4679.675000,0
2026.02.02,15:07,4679.665000,4679.879000,4668.479000,4669.249000,0
2026.02.02,15:08,4669.249000,4688.549000,4668.745000,4688.259000,0
2026.02.02,15:09,4688.525000,4696.555000,4688.495000,4694.029000,0
2026.02.02,15:10,4694.089000,4695.239000,4685.325000,4689.629000,0
2026.02.02,15:11,4689.629000,4700.295000,4687.725000,4696.519000,0
2026.02.02,15:12,4696.459000,4698.375000,4691.665000,4693.279000,0
2026.02.02,15:13,4693.279000,4697.078000,4691.705000,4694.699000,0
2026.02.02,15:14,4694.679000,4694.699000,4691.425000,4691.795000,0
2026.02.02,15:15,4691.795000,4692.069000,4682.325000,4684.185000,0
2026.02.02,15:16,4684.945000,4686.095000,4679.125000,4682.815000,0
2026.02.02,15:17,4682.795000,4692.505000,4680.895000,4688.875000,0
2026.02.02,15:18,4688.909000,4690.075000,4680.505000,4681.549000,0
2026.02.02,15:19,4681.639000,4681.639000,4674.095000,4675.849000,0
2026.02.02,15:20,4675.765000,4678.335000,4671.655000,4673.395000,0
2026.02.02,15:21,4673.515000,4674.788000,4657.615000,4662.905000,0
2026.02.02,15:22,4662.915000,4663.519000,4657.275000,4658.829000,0
2026.02.02,15:23,4658.829000,4658.829000,4650.635000,4656.555000,0
2026.02.02,15:24,4656.615000,4659.615000,4653.185000,4656.475000,0
2026.02.02,15:25,4656.505000,4663.935000,4651.655000,4663.295000,0
2026.02.02,15:26,4663.545000,4669.265000,4662.945000,4667.355000,0
2026.02.02,15:27,4667.315000,4671.508000,4666.375000,4668.475000,0
2026.02.02,15:28,4668.485000,4669.925000,4663.405000,4666.385000,0
2026.02.02,15:29,4666.985000,4673.195000,4663.025000,4669.925000,0
2026.02.02,15:30,4671.045000,4672.375000,4660.915000,4661.175000,0
2026.02.02,15:31,4661.125000,4666.545000,4659.075000,4662.925000,0
2026.02.02,15:32,4662.915000,4663.415000,4659.655000,4663.215000,0
2026.02.02,15:33,4663.225000,4668.205000,4657.515000,4657.515000,0
2026.02.02,15:34,4657.505000,4666.285000,4656.365000,4665.965000,0
2026.02.02,15:35,4666.105000,4667.035000,4662.105000,4663.715000,0
2026.02.02,15:36,4663.725000,4671.805000,4662.415000,4669.915000,0
2026.02.02,15:37,4670.495000,4672.465000,4668.305000,4669.035000,0
2026.02.02,15:38,4669.025000,4672.245000,4665.308000,4668.755000,0
2026.02.02,15:39,4668.775000,4676.345000,4664.735000,4669.055000,0
2026.02.02,15:40,4668.855000,4669.855000,4667.025000,4669.515000,0
2026.02.02,15:41,4669.485000,4682.695000,4668.975000,4681.625000,0
2026.02.02,15:42,4681.685000,4684.815000,4680.165000,4684.425000,0
2026.02.02,15:43,4684.655000,4692.055000,4684.655000,4690.845000,0
2026.02.02,15:44,4690.865000,4692.005000,4679.305000,4679.925000,0
2026.02.02,15:45,4679.955000,4679.955000,4673.185000,4674.295000,0
2026.02.02,15:46,4674.255000,4674.895000,4668.485000,4674.215000,0
2026.02.02,15:47,4674.155000,4675.995000,4667.058000,4667.795000,0
2026.02.02,15:48,4668.335000,4668.355000,4662.715000,4663.445000,0
2026.02.02,15:49,4663.475000,4668.735000,4661.098000,4666.415000,0
2026.02.02,15:50,4666.435000,4671.645000,4665.305000,4669.955000,0
2026.02.02,15:51,4669.905000,4674.915000,4666.825000,4673.115000,0
2026.02.02,15:52,4673.135000,4675.935000,4670.105000,4670.405000,0
2026.02.02,15:53,4670.395000,4670.515000,4661.215000,4665.555000,0
2026.02.02,15:54,4665.475000,4671.475000,4662.495000,4663.185000,0
2026.02.02,15:55,4663.215000,4681.845000,4662.749000,4665.265000,0
2026.02.02,15:56,4665.285000,4672.995000,4663.815000,4672.995000,0
2026.02.02,15:57,4672.745000,4676.075000,4662.115000,4662.845000,0
2026.02.02,15:58,4662.845000,4663.165000,4654.215000,4654.515000,0
2026.02.02,15:59,4654.495000,4659.685000,4647.355000,4652.675000,0
2026.02.02,16:00,4652.348000,4660.085000,4652.348000,4658.925000,0
2026.02.02,16:01,4658.915000,4660.145000,4647.305000,4647.645000,0
2026.02.02,16:02,4647.705000,4652.295000,4643.325000,4648.335000,0
2026.02.02,16:03,4648.285000,4661.225000,4645.865000,4659.785000,0
2026.02.02,16:04,4659.665000,4665.485000,4655.235000,4655.375000,0
2026.02.02,16:05,4655.315000,4660.655000,4655.315000,4659.585000,0
2026.02.02,16:06,4659.605000,4660.585000,4652.545000,4658.135000,0
2026.02.02,16:07,4658.135000,4659.085000,4656.465000,4658.155000,0
2026.02.02,16:08,4658.155000,4658.795000,4656.935000,4657.835000,0
2026.02.02,16:09,4657.875000,4663.975000,4656.475000,4662.995000,0
2026.02.02,16:10,4663.025000,4663.645000,4660.785000,4661.505000,0
2026.02.02,16:11,4661.435000,4669.405000,4661.435000,4668.055000,0
2026.02.02,16:12,4668.045000,4674.815000,4663.285000,4674.815000,0
2026.02.02,16:13,4674.915000,4675.595000,4671.245000,4673.985000,0
2026.02.02,16:14,4674.005000,4676.249000,4673.128000,4674.435000,0
2026.02.02,16:15,4674.515000,4679.885000,4674.515000,4678.875000,0
2026.02.02,16:16,4678.955000,4679.635000,4675.955000,4676.075000,0
2026.02.02,16:17,4676.145000,4676.355000,4669.655000,4670.045000,0
2026.02.02,16:18,4670.025000,4671.715000,4667.735000,4668.615000,0
2026.02.02,16:19,4668.625000,4671.785000,4667.775000,4669.095000,0
2026.02.02,16:20,4669.085000,4669.425000,4665.755000,4668.615000,0
2026.02.02,16:21,4668.575000,4668.785000,4661.785000,4665.025000,0
2026.02.02,16:22,4665.105000,4665.765000,4659.495000,4664.725000,0
2026.02.02,16:23,4664.695000,4669.255000,4664.475000,4667.055000,0
2026.02.02,16:24,4667.075000,4673.615000,4667.075000,4673.095000,0
2026.02.02,16:25,4673.585000,4677.905000,4672.835000,4676.475000,0
2026.02.02,16:26,4676.825000,4681.355000,4675.765000,4681.325000,0
2026.02.02,16:27,4681.355000,4683.885000,4678.325000,4679.315000,0
2026.02.02,16:28,4679.325000,4683.005000,4677.918000,4680.495000,0
2026.02.02,16:29,4680.525000,4686.495000,4678.068000,4680.165000,0
2026.02.02,16:30,4680.118000,4685.465000,4673.385000,4674.265000,0
2026.02.02,16:31,4674.395000,4675.525000,4671.515000,4673.505000,0
2026.02.02,16:32,4673.505000,4674.475000,4670.235000,4673.445000,0
2026.02.02,16:33,4673.445000,4674.155000,4669.565000,4671.325000,0
2026.02.02,16:34,4671.345000,4671.415000,4668.625000,4668.635000,0
2026.02.02,16:35,4668.675000,4676.925000,4668.675000,4674.995000,0
2026.02.02,16:36,4674.975000,4678.745000,4674.775000,4677.505000,0
2026.02.02,16:37,4677.515000,4679.535000,4675.155000,4675.775000,0
2026.02.02,16:38,4675.815000,4678.765000,4675.095000,4677.625000,0
2026.02.02,16:39,4677.665000,4680.515000,4676.415000,4679.165000,0
2026.02.02,16:40,4679.155000,4681.065000,4669.785000,4673.435000,0
2026.02.02,16:41,4673.435000,4675.295000,4671.515000,4674.195000,0
2026.02.02,16:42,4674.215000,4676.315000,4673.005000,4675.365000,0
2026.02.02,16:43,4675.385000,4675.425000,4666.598000,4667.665000,0
2026.02.02,16:44,4667.685000,4670.485000,4667.255000,4668.415000,0
2026.02.02,16:45,4668.449000,4669.015000,4663.995000,4668.625000,0
2026.02.02,16:46,4668.615000,4672.205000,4668.308000,4672.005000,0
2026.02.02,16:47,4672.175000,4672.205000,4667.955000,4668.155000,0
2026.02.02,16:48,4668.175000,4670.225000,4666.675000,4670.085000,0
2026.02.02,16:49,4670.105000,4670.105000,4664.335000,4664.365000,0
2026.02.02,16:50,4664.315000,4667.675000,4654.655000,4656.225000,0
2026.02.02,16:51,4656.035000,4661.055000,4647.635000,4659.485000,0
2026.02.02,16:52,4659.565000,4663.165000,4656.045000,4661.075000,0
2026.02.02,16:53,4661.205000,4661.235000,4656.895000,4657.345000,0
2026.02.02,16:54,4657.335000,4665.545000,4656.195000,4664.165000,0
2026.02.02,16:55,4664.095000,4664.225000,4658.735000,4659.495000,0
2026.02.02,16:56,4659.495000,4661.875000,4652.675000,4655.445000,0
2026.02.02,16:57,4655.295000,4658.405000,4653.365000,4657.355000,0
2026.02.02,16:58,4657.355000,4661.265000,4657.355000,4660.215000,0
2026.02.02,16:59,4660.295000,4660.415000,4657.245000,4657.245000,0
2026.02.02,18:00,4670.098000,4689.598000,4661.788000,4684.348000,0
2026.02.02,18:01,4673.748000,4688.848000,4673.748000,4688.848000,0
2026.02.02,18:02,4691.648000,4695.648000,4687.315000,4695.648000,0
2026.02.02,18:03,4702.798000,4708.498000,4698.448000,4705.748000,0
2026.02.02,18:04,4705.348000,4712.498000,4696.838000,4700.048000,0
2026.02.02,18:05,4700.048000,4706.448000,4699.175000,4701.598000,0
2026.02.02,18:06,4701.398000,4702.198000,4692.398000,4700.098000,0
2026.02.02,18:07,4700.298000,4710.848000,4697.898000,4709.648000,0
2026.02.02,18:08,4711.398000,4722.548000,4708.098000,4714.348000,0
2026.02.02,18:09,4714.148000,4721.648000,4710.778000,4715.298000,0
2026.02.02,18:10,4715.898000,4720.595000,4713.355000,4719.565000,0
2026.02.02,18:11,4719.505000,4721.448000,4708.445000,4709.575000,0
2026.02.02,18:12,4709.565000,4711.638000,4706.365000,4708.185000,0
2026.02.02,18:13,4706.695000,4716.148000,4706.448000,4715.285000,0
2026.02.02,18:14,4715.475000,4718.135000,4712.565000,4717.435000,0
2026.02.02,18:15,4717.455000,4721.015000,4715.305000,4717.235000,0
2026.02.02,18:16,4717.235000,4725.258000,4717.195000,4721.798000,0
2026.02.02,18:17,4721.598000,4727.148000,4721.598000,4725.098000,0
2026.02.02,18:18,4725.098000,4740.135000,4724.248000,4739.585000,0
2026.02.02,18:19,4739.585000,4741.145000,4734.185000,4741.145000,0
2026.02.02,18:20,4741.145000,4741.635000,4733.045000,4733.785000,0
2026.02.02,18:21,4733.655000,4747.475000,4730.015000,4745.685000,0
2026.02.02,18:22,4745.685000,4746.935000,4742.805000,4745.245000,0
2026.02.02,18:23,4745.185000,4751.095000,4743.375000,4748.675000,0
2026.02.02,18:24,4748.675000,4759.015000,4748.268000,4758.275000,0
2026.02.02,18:25,4757.945000,4760.915000,4754.145000,4758.805000,0
2026.02.02,18:26,4758.825000,4762.975000,4750.085000,4754.745000,0
2026.02.02,18:27,4754.725000,4754.765000,4742.745000,4743.355000,0
2026.02.02,18:28,4743.748000,4744.515000,4736.168000,4738.898000,0
2026.02.02,18:29,4738.668000,4742.145000,4736.245000,4737.065000,0
2026.02.02,18:30,4736.985000,4739.395000,4730.595000,4730.595000,0
2026.02.02,18:31,4730.635000,4730.735000,4721.655000,4724.295000,0
2026.02.02,18:32,4724.305000,4731.158000,4722.405000,4726.235000,0
2026.02.02,18:33,4726.005000,4727.645000,4715.975000,4725.595000,0
2026.02.02,18:34,4725.615000,4737.355000,4723.768000,4736.985000,0
2026.02.02,18:35,4737.005000,4741.955000,4733.355000,4736.415000,0
2026.02.02,18:36,4736.415000,4738.765000,4726.485000,4737.818000,0
2026.02.02,18:37,4738.075000,4740.325000,4734.325000,4735.855000,0
2026.02.02,18:38,4735.795000,4744.215000,4732.045000,4739.275000,0
2026.02.02,18:39,4739.285000,4750.145000,4739.215000,4749.065000,0
2026.02.02,18:40,4749.065000,4749.065000,4735.935000,4735.975000,0
2026.02.02,18:41,4735.975000,4740.765000,4734.665000,4734.705000,0
2026.02.02,18:42,4734.855000,4734.855000,4729.555000,4732.495000,0
2026.02.02,18:43,4732.475000,4733.135000,4729.595000,4730.595000,0
2026.02.02,18:44,4730.595000,4734.655000,4729.595000,4730.735000,0
2026.02.02,18:45,4730.435000,4736.785000,4728.405000,4734.595000,0
2026.02.02,18:46,4734.595000,4736.795000,4734.595000,4736.745000,0
2026.02.02,18:47,4736.815000,4741.325000,4736.815000,4741.175000,0
2026.02.02,18:48,4741.165000,4745.755000,4739.055000,4745.475000,0
2026.02.02,18:49,4745.505000,4755.165000,4745.505000,4754.455000,0
2026.02.02,18:50,4754.475000,4760.285000,4749.005000,4758.625000,0
2026.02.02,18:51,4758.645000,4766.035000,4758.188000,4763.245000,0
2026.02.02,18:52,4763.235000,4769.848000,4757.295000,4768.545000,0
2026.02.02,18:53,4768.475000,4769.915000,4764.045000,4766.305000,0
2026.02.02,18:54,4766.295000,4766.295000,4758.595000,4763.025000,0
2026.02.02,18:55,4763.025000,4771.255000,4761.335000,4770.415000,0
2026.02.02,18:56,4770.395000,4772.015000,4766.955000,4771.925000,0
2026.02.02,18:57,4771.915000,4771.915000,4765.035000,4769.345000,0
2026.02.02,18:58,4769.455000,4771.575000,4767.725000,4771.565000,0
2026.02.02,18:59,4771.575000,4775.415000,4768.515000,4773.935000,0
2026.02.02,19:00,4773.975000,4783.505000,4773.255000,4781.725000,0
2026.02.02,19:01,4781.725000,4782.025000,4773.105000,4776.025000,0
2026.02.02,19:02,4776.005000,4784.025000,4771.775000,4783.105000,0
2026.02.02,19:03,4783.885000,4790.295000,4783.565000,4786.065000,0
2026.02.02,19:04,4786.045000,4796.525000,4784.675000,4794.185000,0
2026.02.02,19:05,4794.235000,4794.895000,4780.385000,4783.825000,0
2026.02.02,19:06,4783.795000,4783.835000,4777.755000,4777.775000,0
2026.02.02,19:07,4777.795000,4778.595000,4772.398000,4778.595000,0
2026.02.02,19:08,4778.995000,4783.465000,4778.745000,4779.015000,0
2026.02.02,19:09,4778.935000,4784.015000,4774.495000,4776.485000,0
2026.02.02,19:10,4776.485000,4778.605000,4769.645000,4771.345000,0
2026.02.02,19:11,4771.355000,4777.985000,4769.785000,4777.035000,0
2026.02.02,19:12,4776.965000,4777.245000,4770.205000,4770.205000,0
2026.02.02,19:13,4770.245000,4774.228000,4765.425000,4773.248000,0
2026.02.02,19:14,4773.258000,4786.175000,4772.648000,4786.135000,0
2026.02.02,19:15,4787.818000,4797.105000,4787.605000,4796.918000,0
2026.02.02,19:16,4796.645000,4799.605000,4790.685000,4794.545000,0
2026.02.02,19:17,4794.525000,4801.005000,4793.325000,4800.225000,0
2026.02.02,19:18,4800.295000,4803.705000,4798.005000,4801.635000,0
2026.02.02,19:19,4801.815000,4810.595000,4799.625000,4809.905000,0
2026.02.02,19:20,4809.905000,4809.905000,4800.355000,4803.665000,0
2026.02.02,19:21,4803.645000,4810.498000,4803.548000,4805.198000,0
2026.02.02,19:22,4805.198000,4808.698000,4801.308000,4803.165000,0
2026.02.02,19:23,4803.085000,4808.115000,4801.005000,4807.685000,0
2026.02.02,19:24,4807.938000,4820.625000,4807.815000,4814.125000,0
2026.02.02,19:25,4814.565000,4823.665000,4813.965000,4821.325000,0
2026.02.02,19:26,4821.325000,4826.245000,4820.165000,4824.545000,0
2026.02.02,19:27,4824.575000,4828.895000,4821.055000,4821.185000,0
2026.02.02,19:28,4821.205000,4824.935000,4816.048000,4818.198000,0
2026.02.02,19:29,4818.715000,4821.695000,4816.798000,4818.925000,0
2026.02.02,19:30,4818.945000,4824.515000,4812.205000,4823.105000,0
2026.02.02,19:31,4823.098000,4829.488000,4818.525000,4823.385000,0
2026.02.02,19:32,4823.345000,4825.915000,4818.765000,4824.995000,0
2026.02.02,19:33,4825.035000,4826.365000,4819.565000,4821.065000,0
2026.02.02,19:34,4821.095000,4827.615000,4818.828000,4824.698000,0
2026.02.02,19:35,4824.718000,4829.808000,4815.625000,4817.465000,0
2026.02.02,19:36,4817.358000,4826.945000,4815.415000,4825.425000,0
2026.02.02,19:37,4825.455000,4829.565000,4825.455000,4829.055000,0
2026.02.02,19:38,4829.015000,4829.895000,4825.235000,4825.745000,0
2026.02.02,19:39,4825.265000,4827.235000,4818.615000,4820.485000,0
2026.02.02,19:40,4820.485000,4821.735000,4814.775000,4818.075000,0
2026.02.02,19:41,4818.125000,4825.135000,4816.365000,4824.825000,0
2026.02.02,19:42,4824.815000,4827.055000,4814.695000,4814.695000,0
2026.02.02,19:43,4814.348000,4818.035000,4813.795000,4817.105000,0
2026.02.02,19:44,4817.015000,4823.025000,4816.745000,4820.225000,0
2026.02.02,19:45,4820.405000,4821.765000,4817.225000,4818.315000,0
2026.02.02,19:46,4818.255000,4823.115000,4816.268000,4822.965000,0
2026.02.02,19:47,4823.115000,4827.005000,4822.055000,4825.495000,0
2026.02.02,19:48,4825.465000,4825.495000,4801.345000,4804.825000,0
2026.02.02,19:49,4804.805000,4806.505000,4795.895000,4801.895000,0
2026.02.02,19:50,4801.875000,4806.025000,4796.555000,4798.525000,0
2026.02.02,19:51,4798.925000,4805.585000,4798.045000,4802.905000,0
2026.02.02,19:52,4802.945000,4811.225000,4801.145000,4809.988000,0
2026.02.02,19:53,4808.915000,4809.635000,4799.765000,4800.995000,0
2026.02.02,19:54,4801.245000,4807.095000,4798.178000,4799.105000,0
2026.02.02,19:55,4799.099000,4799.099000,4787.955000,4792.595000,0
2026.02.02,19:56,4792.725000,4794.995000,4782.248000,4788.105000,0
2026.02.02,19:57,4788.105000,4794.695000,4783.885000,4784.878000,0
2026.02.02,19:58,4784.868000,4788.788000,4783.165000,4785.715000,0
2026.02.02,19:59,4785.698000,4785.698000,4772.988000,4779.425000,0
2026.02.02,20:00,4781.445000,4794.255000,4777.655000,4783.445000,0
2026.02.02,20:01,4783.075000,4783.475000,4765.348000,4780.498000,0
2026.02.02,20:02,4780.568000,4809.908000,4780.318000,4809.908000,0
2026.02.02,20:03,4809.918000,4811.048000,4799.355000,4808.605000,0
2026.02.02,20:04,4808.635000,4816.535000,4800.475000,4811.255000,0
2026.02.02,20:05,4811.385000,4811.385000,4795.755000,4796.095000,0
2026.02.02,20:06,4795.795000,4805.085000,4788.705000,4794.245000,0
2026.02.02,20:07,4794.265000,4800.558000,4789.248000,4796.288000,0
2026.02.02,20:08,4796.288000,4804.175000,4795.588000,4801.805000,0
2026.02.02,20:09,4801.978000,4808.188000,4798.018000,4807.018000,0
2026.02.02,20:10,4806.998000,4813.025000,4804.385000,4808.945000,0
2026.02.02,20:11,4809.278000,4820.508000,4808.075000,4817.178000,0
2026.02.02,20:12,4817.218000,4820.738000,4811.608000,4820.715000,0
2026.02.02,20:13,4820.845000,4826.955000,4815.828000,4826.955000,0
2026.02.02,20:14,4826.875000,4829.768000,4821.558000,4828.748000,0
2026.02.02,20:15,4828.948000,4847.868000,4828.815000,4842.765000,0
2026.02.02,20:16,4842.575000,4844.065000,4830.155000,4836.358000,0
2026.02.02,20:17,4836.135000,4838.158000,4825.428000,4826.748000,0
2026.02.02,20:18,4826.748000,4834.188000,4822.258000,4832.278000,0
2026.02.02,20:19,4832.278000,4839.118000,4828.438000,4839.048000,0
2026.02.02,20:20,4839.268000,4842.018000,4834.635000,4838.028000,0
2026.02.02,20:21,4837.785000,4847.235000,4835.998000,4845.595000,0
2026.02.02,20:22,4845.698000,4850.438000,4843.238000,4847.795000,0
2026.02.02,20:23,4847.615000,4848.498000,4839.705000,4847.688000,0
2026.02.02,20:24,4847.888000,4852.898000,4841.348000,4843.315000,0
2026.02.02,20:25,4843.235000,4851.028000,4842.135000,4846.825000,0
2026.02.02,20:26,4846.865000,4847.758000,4840.985000,4841.045000,0
2026.02.02,20:27,4840.975000,4850.125000,4840.905000,4845.995000,0
2026.02.02,20:28,4845.755000,4854.635000,4841.505000,4853.855000,0
2026.02.02,20:29,4853.875000,4856.248000,4850.568000,4852.925000,0
2026.02.02,20:30,4852.935000,4854.798000,4847.065000,4851.325000,0
2026.02.02,20:31,4851.325000,4854.565000,4848.275000,4851.335000,0
2026.02.02,20:32,4851.385000,4855.425000,4837.435000,4847.865000,0
2026.02.02,20:33,4847.865000,4847.865000,4837.575000,4841.245000,0
2026.02.02,20:34,4841.175000,4850.878000,4837.118000,4849.795000,0
2026.02.02,20:35,4850.035000,4851.565000,4846.555000,4850.285000,0
2026.02.02,20:36,4849.655000,4850.045000,4839.135000,4840.425000,0
2026.02.02,20:37,4840.435000,4844.555000,4837.965000,4841.235000,0
2026.02.02,20:38,4841.095000,4841.325000,4829.705000,4830.365000,0
2026.02.02,20:39,4830.525000,4838.188000,4829.835000,4836.295000,0
2026.02.02,20:40,4836.305000,4841.175000,4831.865000,4835.295000,0
2026.02.02,20:41,4835.235000,4837.758000,4830.465000,4837.355000,0
2026.02.02,20:42,4837.415000,4844.295000,4833.125000,4843.105000,0
2026.02.02,20:43,4843.065000,4844.725000,4837.335000,4842.975000,0
2026.02.02,20:44,4842.965000,4848.335000,4842.965000,4845.175000,0
2026.02.02,20:45,4845.085000,4845.365000,4838.405000,4838.815000,0
2026.02.02,20:46,4838.495000,4849.875000,4837.825000,4846.905000,0
2026.02.02,20:47,4846.915000,4849.065000,4843.065000,4845.545000,0
2026.02.02,20:48,4844.255000,4844.255000,4831.685000,4832.225000,0
2026.02.02,20:49,4832.245000,4833.455000,4823.865000,4825.205000,0
2026.02.02,20:50,4825.035000,4827.345000,4820.015000,4823.885000,0
2026.02.02,20:51,4823.855000,4829.225000,4823.355000,4825.095000,0
2026.02.02,20:52,4825.085000,4829.455000,4824.955000,4827.375000,0
2026.02.02,20:53,4827.468000,4831.545000,4819.915000,4829.555000,0
2026.02.02,20:54,4829.605000,4833.235000,4823.385000,4827.465000,0
2026.02.02,20:55,4827.465000,4837.265000,4827.185000,4835.935000,0
2026.02.02,20:56,4834.565000,4837.855000,4832.385000,4837.855000,0
2026.02.02,20:57,4837.855000,4847.105000,4837.735000,4846.635000,0
2026.02.02,20:58,4846.865000,4847.035000,4840.805000,4841.205000,0
2026.02.02,20:59,4841.085000,4844.515000,4836.895000,4840.875000,0
2026.02.02,21:00,4840.795000,4841.195000,4834.845000,4838.355000,0
2026.02.02,21:01,4838.488000,4838.488000,4829.185000,4830.245000,0
2026.02.02,21:02,4830.255000,4831.235000,4825.515000,4828.958000,0
2026.02.02,21:03,4828.988000,4833.035000,4819.575000,4822.105000,0
2026.02.02,21:04,4822.068000,4825.245000,4806.195000,4812.445000,0
2026.02.02,21:05,4812.355000,4816.605000,4805.295000,4815.985000,0
2026.02.02,21:06,4816.185000,4818.845000,4814.685000,4818.015000,0
2026.02.02,21:07,4818.035000,4818.035000,4802.955000,4813.915000,0
2026.02.02,21:08,4814.165000,4822.605000,4809.075000,4811.775000,0
2026.02.02,21:09,4811.785000,4811.895000,4804.735000,4811.598000,0
2026.02.02,21:10,4811.705000,4812.125000,4795.865000,4804.318000,0
2026.02.02,21:11,4805.005000,4811.515000,4802.005000,4806.278000,0
2026.02.02,21:12,4806.248000,4806.368000,4796.725000,4798.065000,0
2026.02.02,21:13,4798.065000,4803.388000,4790.778000,4793.918000,0
2026.02.02,21:14,4793.948000,4800.518000,4789.108000,4800.465000,0
2026.02.02,21:15,4800.555000,4801.135000,4790.455000,4791.045000,0
2026.02.02,21:16,4791.065000,4793.065000,4783.675000,4785.535000,0
2026.02.02,21:17,4785.765000,4794.495000,4784.805000,4784.805000,0
2026.02.02,21:18,4784.958000,4786.035000,4769.775000,4781.718000,0
2026.02.02,21:19,4781.678000,4787.668000,4777.048000,4780.465000,0
2026.02.02,21:20,4780.615000,4788.528000,4778.378000,4786.385000,0
2026.02.02,21:21,4786.479000,4794.308000,4783.408000,4792.415000,0
2026.02.02,21:22,4792.525000,4795.545000,4788.335000,4788.895000,0
2026.02.02,21:23,4787.649000,4787.649000,4776.778000,4784.015000,0
2026.02.02,21:24,4783.785000,4792.545000,4782.655000,4790.815000,0
2026.02.02,21:25,4790.695000,4791.195000,4773.778000,4776.755000,0
2026.02.02,21:26,4776.675000,4776.675000,4760.265000,4764.925000,0
2026.02.02,21:27,4764.905000,4772.155000,4762.845000,4764.695000,0
2026.02.02,21:28,4764.685000,4776.765000,4764.465000,4776.105000,0
2026.02.02,21:29,4776.145000,4778.115000,4770.285000,4771.695000,0
2026.02.02,21:30,4771.715000,4774.135000,4758.525000,4766.685000,0
2026.02.02,21:31,4766.645000,4776.545000,4760.425000,4775.995000,0
2026.02.02,21:32,4776.005000,4776.625000,4761.285000,4763.695000,0
2026.02.02,21:33,4762.828000,4772.178000,4760.995000,4768.205000,0
2026.02.02,21:34,4768.508000,4776.885000,4766.915000,4773.355000,0
2026.02.02,21:35,4773.535000,4786.975000,4773.535000,4782.445000,0
2026.02.02,21:36,4782.665000,4782.755000,4771.095000,4778.815000,0
2026.02.02,21:37,4779.185000,4779.185000,4764.375000,4767.405000,0
2026.02.02,21:38,4767.035000,4779.965000,4763.318000,4773.815000,0
2026.02.02,21:39,4773.725000,4782.655000,4772.935000,4778.655000,0
2026.02.02,21:40,4778.505000,4781.655000,4775.385000,4780.595000,0
2026.02.02,21:41,4780.385000,4780.465000,4768.395000,4774.025000,0
2026.02.02,21:42,4773.625000,4777.815000,4772.515000,4775.705000,0
2026.02.02,21:43,4775.665000,4777.885000,4764.305000,4770.685000,0
2026.02.02,21:44,4770.755000,4774.495000,4754.248000,4754.295000,0
2026.02.02,21:45,4753.485000,4757.085000,4748.668000,4752.398000,0
2026.02.02,21:46,4751.958000,4758.845000,4750.535000,4750.815000,0
2026.02.02,21:47,4750.775000,4757.688000,4744.808000,4755.415000,0
2026.02.02,21:48,4755.705000,4759.325000,4748.038000,4750.818000,0
2026.02.02,21:49,4750.838000,4760.508000,4748.758000,4760.438000,0
2026.02.02,21:50,4760.765000,4761.855000,4750.555000,4751.005000,0
2026.02.02,21:51,4750.925000,4761.408000,4750.075000,4758.425000,0
2026.02.02,21:52,4758.325000,4764.875000,4755.505000,4763.085000,0
2026.02.02,21:53,4763.125000,4769.748000,4759.108000,4766.378000,0
2026.02.02,21:54,4766.388000,4775.058000,4765.858000,4769.875000,0
2026.02.02,21:55,4770.005000,4772.395000,4765.058000,4772.395000,0
2026.02.02,21:56,4772.445000,4772.445000,4766.605000,4768.765000,0
2026.02.02,21:57,4768.655000,4773.158000,4765.178000,4766.718000,0
2026.02.02,21:58,4766.728000,4773.848000,4764.625000,4773.058000,0
2026.02.02,21:59,4773.038000,4784.225000,4772.795000,4782.845000,0
2026.02.02,22:00,4782.875000,4789.565000,4780.435000,4789.345000,0
2026.02.02,22:01,4789.315000,4789.628000,4782.478000,4783.965000,0
2026.02.02,22:02,4783.855000,4788.065000,4780.125000,4786.635000,0
2026.02.02,22:03,4786.565000,4787.715000,4780.355000,4781.815000,0
2026.02.02,22:04,4781.915000,4792.738000,4781.895000,4788.245000,0
2026.02.02,22:05,4788.175000,4793.555000,4785.735000,4786.405000,0
2026.02.02,22:06,4786.415000,4788.995000,4783.565000,4785.325000,0
2026.02.02,22:07,4785.345000,4785.405000,4777.065000,4778.195000,0
2026.02.02,22:08,4778.215000,4782.525000,4771.135000,4772.975000,0
2026.02.02,22:09,4772.895000,4778.425000,4772.545000,4775.905000,0
2026.02.02,22:10,4775.935000,4776.215000,4766.675000,4767.455000,0
2026.02.02,22:11,4767.435000,4770.915000,4762.905000,4770.165000,0
2026.02.02,22:12,4770.165000,4770.165000,4761.655000,4761.975000,0
2026.02.02,22:13,4761.945000,4772.895000,4761.945000,4768.495000,0
2026.02.02,22:14,4768.515000,4769.375000,4764.645000,4768.005000,0
2026.02.02,22:15,4767.975000,4773.175000,4761.625000,4762.655000,0
2026.02.02,22:16,4763.425000,4770.025000,4759.855000,4761.975000,0
2026.02.02,22:17,4761.935000,4764.565000,4758.095000,4763.495000,0
2026.02.02,22:18,4762.485000,4770.105000,4761.815000,4769.425000,0
2026.02.02,22:19,4769.425000,4771.525000,4767.785000,4768.925000,0
2026.02.02,22:20,4768.835000,4769.355000,4759.175000,4760.545000,0
2026.02.02,22:21,4760.545000,4778.325000,4760.545000,4776.925000,0
2026.02.02,22:22,4776.955000,4779.855000,4769.565000,4773.835000,0
2026.02.02,22:23,4773.945000,4774.195000,4762.588000,4765.315000,0
2026.02.02,22:24,4765.405000,4770.208000,4761.978000,4764.305000,0
2026.02.02,22:25,4764.508000,4768.085000,4755.415000,4759.145000,0
2026.02.02,22:26,4759.538000,4760.335000,4751.165000,4758.465000,0
2026.02.02,22:27,4758.355000,4763.295000,4757.725000,4762.425000,0
2026.02.02,22:28,4762.675000,4770.215000,4760.565000,4768.645000,0
2026.02.02,22:29,4768.645000,4772.935000,4768.055000,4772.805000,0
2026.02.02,22:30,4772.805000,4780.198000,4769.555000,4778.748000,0
2026.02.02,22:31,4779.005000,4784.575000,4775.955000,4784.575000,0
2026.02.02,22:32,4784.855000,4787.925000,4778.355000,4779.885000,0
2026.02.02,22:33,4779.895000,4782.865000,4777.225000,4781.385000,0
2026.02.02,22:34,4781.375000,4784.215000,4780.175000,4781.885000,0
2026.02.02,22:35,4781.855000,4784.215000,4779.245000,4784.055000,0
2026.02.02,22:36,4784.065000,4791.295000,4783.005000,4789.375000,0
2026.02.02,22:37,4788.555000,4796.325000,4787.755000,4795.255000,0
2026.02.02,22:38,4795.165000,4801.938000,4794.525000,4800.935000,0
2026.02.02,22:39,4800.945000,4804.875000,4799.735000,4804.075000,0
2026.02.02,22:40,4803.985000,4806.315000,4799.125000,4806.115000,0
2026.02.02,22:41,4806.015000,4807.335000,4801.205000,4804.725000,0
2026.02.02,22:42,4804.995000,4810.855000,4804.995000,4807.755000,0
2026.02.02,22:43,4807.785000,4811.905000,4806.378000,4808.325000,0
2026.02.02,22:44,4808.415000,4810.905000,4804.975000,4804.975000,0
2026.02.02,22:45,4804.975000,4805.755000,4797.135000,4798.205000,0
2026.02.02,22:46,4798.225000,4798.665000,4794.165000,4796.315000,0
2026.02.02,22:47,4796.275000,4800.635000,4795.305000,4799.335000,0
2026.02.02,22:48,4799.335000,4799.335000,4794.975000,4796.685000,0
2026.02.02,22:49,4796.865000,4796.918000,4792.845000,4795.015000,0
2026.02.02,22:50,4795.045000,4799.845000,4794.995000,4798.045000,0
2026.02.02,22:51,4798.065000,4799.045000,4794.625000,4797.475000,0
2026.02.02,22:52,4797.535000,4800.045000,4794.675000,4796.085000,0
2026.02.02,22:53,4796.085000,4797.938000,4786.035000,4792.545000,0
2026.02.02,22:54,4792.545000,4799.165000,4792.435000,4798.305000,0
2026.02.02,22:55,4798.455000,4806.545000,4798.375000,4803.955000,0
2026.02.02,22:56,4803.905000,4806.975000,4803.225000,4806.105000,0
2026.02.02,22:57,4806.075000,4806.675000,4805.185000,4806.365000,0
2026.02.02,22:58,4806.415000,4809.715000,4804.655000,4809.175000,0
2026.02.02,22:59,4808.915000,4812.865000,4808.645000,4808.795000,0
2026.02.02,23:00,4808.665000,4814.625000,4807.635000,4813.265000,0
2026.02.02,23:01,4813.245000,4813.345000,4809.005000,4810.305000,0
2026.02.02,23:02,4810.335000,4816.035000,4809.865000,4815.265000,0
2026.02.02,23:03,4815.225000,4817.815000,4812.005000,4817.595000,0
2026.02.02,23:04,4817.545000,4820.175000,4815.365000,4816.705000,0
2026.02.02,23:05,4816.715000,4824.685000,4816.715000,4822.835000,0
2026.02.02,23:06,4822.845000,4824.405000,4816.205000,4818.995000,0
2026.02.02,23:07,4819.059000,4821.015000,4812.625000,4816.895000,0
2026.02.02,23:08,4816.895000,4819.565000,4813.745000,4818.155000,0
2026.02.02,23:09,4818.185000,4819.585000,4814.645000,4815.095000,0
2026.02.02,23:10,4815.085000,4817.095000,4814.685000,4815.855000,0
2026.02.02,23:11,4815.835000,4821.705000,4814.045000,4820.905000,0
2026.02.02,23:12,4820.905000,4823.325000,4820.095000,4820.105000,0
2026.02.02,23:13,4820.095000,4823.425000,4814.635000,4814.745000,0
2026.02.02,23:14,4814.715000,4816.475000,4814.695000,4815.635000,0
2026.02.02,23:15,4815.145000,4818.035000,4812.515000,4812.945000,0
2026.02.02,23:16,4812.975000,4813.085000,4806.475000,4809.965000,0
2026.02.02,23:17,4810.585000,4813.185000,4809.715000,4811.325000,0
2026.02.02,23:18,4811.365000,4815.895000,4811.355000,4815.325000,0
2026.02.02,23:19,4815.375000,4816.075000,4813.465000,4813.615000,0
2026.02.02,23:20,4813.635000,4817.265000,4811.875000,4815.855000,0
2026.02.02,23:21,4815.845000,4817.525000,4813.035000,4815.845000,0
2026.02.02,23:22,4815.865000,4818.355000,4815.015000,4816.545000,0
2026.02.02,23:23,4816.525000,4816.655000,4808.578000,4808.845000,0
2026.02.02,23:24,4808.825000,4809.025000,4800.215000,4803.505000,0
2026.02.02,23:25,4803.445000,4807.015000,4801.635000,4806.975000,0
2026.02.02,23:26,4807.015000,4810.725000,4806.285000,4808.095000,0
2026.02.02,23:27,4808.125000,4810.935000,4806.445000,4807.315000,0
2026.02.02,23:28,4807.375000,4809.165000,4805.765000,4805.775000,0
2026.02.02,23:29,4805.805000,4806.185000,4803.325000,4805.665000,0
2026.02.02,23:30,4805.785000,4813.685000,4805.455000,4811.315000,0
2026.02.02,23:31,4811.345000,4814.305000,4809.305000,4811.215000,0
2026.02.02,23:32,4811.105000,4813.255000,4809.175000,4813.255000,0
2026.02.02,23:33,4813.005000,4814.165000,4811.685000,4812.825000,0
2026.02.02,23:34,4812.985000,4815.175000,4811.985000,4813.239000,0
2026.02.02,23:35,4813.249000,4816.335000,4805.475000,4811.095000,0
2026.02.02,23:36,4811.105000,4812.325000,4809.325000,4812.015000,0
2026.02.02,23:37,4812.055000,4821.025000,4810.855000,4819.775000,0
2026.02.02,23:38,4819.635000,4824.765000,4819.515000,4823.795000,0
2026.02.02,23:39,4823.835000,4824.345000,4819.815000,4821.605000,0
2026.02.02,23:40,4821.695000,4822.445000,4817.565000,4821.025000,0
2026.02.02,23:41,4821.025000,4821.125000,4815.205000,4816.759000,0
2026.02.02,23:42,4816.685000,4817.809000,4814.599000,4817.675000,0
2026.02.02,23:43,4817.685000,4820.169000,4816.175000,4816.775000,0
2026.02.02,23:44,4816.775000,4820.699000,4816.175000,4820.035000,0
2026.02.02,23:45,4820.125000,4822.185000,4818.315000,4821.045000,0
2026.02.02,23:46,4821.035000,4824.425000,4820.685000,4824.205000,0
2026.02.02,23:47,4824.225000,4824.525000,4821.945000,4822.395000,0
2026.02.02,23:48,4822.405000,4823.445000,4821.525000,4822.815000,0
2026.02.02,23:49,4822.805000,4823.275000,4820.785000,4821.235000,0
2026.02.02,23:50,4821.235000,4822.445000,4819.455000,4819.985000,0
2026.02.02,23:51,4820.075000,4820.385000,4817.685000,4819.705000,0
2026.02.02,23:52,4819.815000,4820.675000,4816.205000,4818.495000,0
2026.02.02,23:53,4818.455000,4820.245000,4817.365000,4818.255000,0
2026.02.02,23:54,4818.275000,4821.075000,4817.725000,4820.825000,0
2026.02.02,23:55,4820.825000,4821.175000,4815.835000,4816.275000,0
2026.02.02,23:56,4816.325000,4816.335000,4812.725000,4816.235000,0
2026.02.02,23:57,4816.585000,4816.585000,4814.355000,4815.115000,0
2026.02.02,23:58,4815.085000,4815.085000,4808.505000,4809.435000,0
2026.02.02,23:59,4809.435000,4810.325000,4807.485000,4808.765000,0
2026.02.03,00:00,4809.255000,4813.695000,4808.965000,4812.125000,0
2026.02.03,00:01,4812.125000,4818.975000,4810.335000,4818.599000,0
2026.02.03,00:02,4818.629000,4820.345000,4817.225000,4818.405000,0
2026.02.03,00:03,4818.295000,4818.295000,4811.855000,4814.455000,0
2026.02.03,00:04,4814.415000,4821.175000,4814.415000,4817.195000,0
2026.02.03,00:05,4817.205000,4818.095000,4812.605000,4813.405000,0
2026.02.03,00:06,4813.415000,4816.055000,4810.205000,4815.855000,0
2026.02.03,00:07,4815.815000,4820.705000,4814.475000,4818.965000,0
2026.02.03,00:08,4819.135000,4819.255000,4816.045000,4818.085000,0
2026.02.03,00:09,4818.055000,4819.295000,4816.618000,4818.969000,0
2026.02.03,00:10,4818.925000,4820.715000,4812.645000,4812.645000,0
2026.02.03,00:11,4812.435000,4814.145000,4810.845000,4812.079000,0
2026.02.03,00:12,4811.995000,4815.335000,4811.995000,4813.825000,0
2026.02.03,00:13,4813.805000,4814.445000,4808.608000,4811.875000,0
2026.02.03,00:14,4811.899000,4813.405000,4809.958000,4812.305000,0
2026.02.03,00:15,4812.295000,4815.425000,4811.485000,4815.425000,0
2026.02.03,00:16,4815.415000,4819.505000,4815.165000,4817.805000,0
2026.02.03,00:17,4817.775000,4821.995000,4816.815000,4821.925000,0
2026.02.03,00:18,4821.935000,4824.455000,4821.875000,4823.495000,0
2026.02.03,00:19,4823.415000,4823.425000,4820.375000,4820.755000,0
2026.02.03,00:20,4820.755000,4821.645000,4819.785000,4821.165000,0
2026.02.03,00:21,4821.235000,4824.665000,4820.855000,4824.505000,0
2026.02.03,00:22,4824.535000,4824.715000,4820.625000,4822.325000,0
2026.02.03,00:23,4822.195000,4827.948000,4821.795000,4824.335000,0
2026.02.03,00:24,4824.375000,4828.495000,4823.285000,4823.365000,0
2026.02.03,00:25,4823.349000,4827.495000,4821.545000,4825.655000,0
2026.02.03,00:26,4825.615000,4829.155000,4825.159000,4829.125000,0
2026.02.03,00:27,4829.145000,4830.425000,4826.825000,4828.605000,0
2026.02.03,00:28,4828.635000,4833.575000,4826.385000,4833.155000,0
2026.02.03,00:29,4833.155000,4841.365000,4832.815000,4839.245000,0
2026.02.03,00:30,4839.145000,4839.605000,4822.615000,4823.285000,0
2026.02.03,00:31,4823.245000,4832.335000,4821.988000,4823.305000,0
2026.02.03,00:32,4823.195000,4829.115000,4821.065000,4826.585000,0
2026.02.03,00:33,4826.505000,4829.415000,4823.695000,4826.645000,0
2026.02.03,00:34,4826.635000,4831.055000,4825.005000,4830.705000,0
2026.02.03,00:35,4831.105000,4833.915000,4827.305000,4829.805000,0
2026.02.03,00:36,4829.865000,4830.765000,4818.735000,4819.275000,0
2026.02.03,00:37,4819.295000,4829.385000,4817.775000,4828.945000,0
2026.02.03,00:38,4829.215000,4833.855000,4829.165000,4831.045000,0
2026.02.03,00:39,4831.115000,4831.115000,4826.155000,4830.095000,0
2026.02.03,00:40,4830.005000,4835.935000,4828.955000,4830.015000,0
2026.02.03,00:41,4829.945000,4830.925000,4824.605000,4825.595000,0
2026.02.03,00:42,4825.455000,4828.275000,4823.685000,4824.755000,0
2026.02.03,00:43,4824.505000,4825.145000,4821.095000,4823.075000,0
2026.02.03,00:44,4823.145000,4825.835000,4816.335000,4820.215000,0
2026.02.03,00:45,4820.235000,4822.935000,4816.585000,4817.915000,0
2026.02.03,00:46,4817.335000,4819.255000,4812.835000,4819.135000,0
2026.02.03,00:47,4819.715000,4827.035000,4819.715000,4825.885000,0
2026.02.03,00:48,4825.885000,4828.748000,4824.605000,4825.818000,0
2026.02.03,00:49,4825.755000,4828.995000,4823.005000,4828.155000,0
2026.02.03,00:50,4828.165000,4829.865000,4827.105000,4827.445000,0
2026.02.03,00:51,4827.465000,4829.015000,4821.965000,4827.275000,0
2026.02.03,00:52,4827.258000,4829.625000,4823.025000,4827.785000,0
2026.02.03,00:53,4827.785000,4828.525000,4824.425000,4825.335000,0
2026.02.03,00:54,4825.355000,4829.805000,4823.065000,4823.065000,0
2026.02.03,00:55,4823.075000,4829.219000,4821.815000,4828.498000,0
2026.02.03,00:56,4828.345000,4829.515000,4825.595000,4827.365000,0
2026.02.03,00:57,4827.385000,4827.555000,4821.719000,4821.719000,0
2026.02.03,00:58,4821.719000,4823.925000,4819.695000,4820.495000,0
2026.02.03,00:59,4820.505000,4825.165000,4819.448000,4824.605000,0
2026.02.03,01:00,4824.615000,4829.265000,4820.015000,4820.015000,0
2026.02.03,01:01,4819.945000,4822.265000,4815.895000,4820.815000,0
2026.02.03,01:02,4820.785000,4822.835000,4817.625000,4820.325000,0
2026.02.03,01:03,4820.335000,4821.665000,4816.835000,4817.885000,0
2026.02.03,01:04,4817.775000,4821.645000,4816.668000,4819.385000,0
2026.02.03,01:05,4819.415000,4822.075000,4816.715000,4819.765000,0
2026.02.03,01:06,4819.805000,4825.185000,4819.045000,4820.675000,0
2026.02.03,01:07,4820.745000,4823.345000,4820.295000,4820.735000,0
2026.02.03,01:08,4820.715000,4826.375000,4819.305000,4825.819000,0
2026.02.03,01:09,4825.969000,4828.435000,4824.955000,4826.075000,0
2026.02.03,01:10,4826.035000,4832.895000,4824.185000,4831.445000,0
2026.02.03,01:11,4831.505000,4838.925000,4828.075000,4838.035000,0
2026.02.03,01:12,4838.055000,4838.995000,4834.625000,4838.845000,0
2026.02.03,01:13,4838.855000,4841.115000,4837.635000,4840.975000,0
2026.02.03,01:14,4841.005000,4848.325000,4840.855000,4842.465000,0
2026.02.03,01:15,4842.385000,4845.285000,4841.165000,4845.215000,0
2026.02.03,01:16,4845.055000,4849.425000,4845.055000,4847.685000,0
2026.02.03,01:17,4847.695000,4852.945000,4847.525000,4851.375000,0
2026.02.03,01:18,4851.325000,4854.375000,4847.175000,4853.445000,0
2026.02.03,01:19,4853.465000,4856.505000,4849.075000,4856.365000,0
2026.02.03,01:20,4856.375000,4862.385000,4850.235000,4850.345000,0
2026.02.03,01:21,4850.315000,4855.555000,4847.185000,4854.615000,0
2026.02.03,01:22,4854.605000,4857.465000,4854.135000,4855.625000,0
2026.02.03,01:23,4855.715000,4855.735000,4848.415000,4854.035000,0
2026.02.03,01:24,4853.995000,4860.955000,4851.375000,4860.775000,0
2026.02.03,01:25,4860.775000,4866.025000,4859.335000,4865.615000,0
2026.02.03,01:26,4865.555000,4869.595000,4864.875000,4868.665000,0
2026.02.03,01:27,4868.645000,4870.255000,4867.445000,4869.598000,0
2026.02.03,01:28,4869.945000,4873.905000,4868.395000,4873.905000,0
2026.02.03,01:29,4873.905000,4874.795000,4867.695000,4870.935000,0
2026.02.03,01:30,4870.855000,4872.485000,4867.975000,4869.695000,0
2026.02.03,01:31,4869.705000,4875.405000,4869.185000,4871.595000,0
2026.02.03,01:32,4871.585000,4871.585000,4868.415000,4870.515000,0
2026.02.03,01:33,4870.455000,4872.525000,4869.485000,4872.065000,0
2026.02.03,01:34,4872.145000,4876.045000,4870.585000,4875.315000,0
2026.02.03,01:35,4875.315000,4878.345000,4873.765000,4876.955000,0
2026.02.03,01:36,4876.965000,4877.205000,4869.735000,4874.195000,0
2026.02.03,01:37,4874.265000,4874.525000,4871.595000,4874.225000,0
2026.02.03,01:38,4874.285000,4876.625000,4870.465000,4870.655000,0
2026.02.03,01:39,4870.585000,4876.255000,4868.968000,4874.595000,0
2026.02.03,01:40,4874.645000,4884.618000,4872.685000,4883.675000,0
2026.02.03,01:41,4883.645000,4892.298000,4882.845000,4889.958000,0
2026.02.03,01:42,4889.889000,4893.075000,4888.645000,4891.409000,0
2026.02.03,01:43,4891.409000,4892.175000,4886.498000,4890.585000,0
2026.02.03,01:44,4890.605000,4892.805000,4888.795000,4890.925000,0
2026.02.03,01:45,4890.985000,4893.535000,4888.895000,4892.135000,0
2026.02.03,01:46,4892.185000,4893.145000,4884.305000,4888.835000,0
2026.02.03,01:47,4888.835000,4889.288000,4883.065000,4886.098000,0
2026.02.03,01:48,4886.075000,4887.475000,4883.045000,4887.215000,0
2026.02.03,01:49,4887.195000,4887.195000,4872.705000,4873.585000,0
2026.02.03,01:50,4873.595000,4874.255000,4864.485000,4868.535000,0
2026.02.03,01:51,4868.525000,4874.448000,4868.445000,4873.485000,0
2026.02.03,01:52,4873.385000,4880.385000,4872.675000,4876.875000,0
2026.02.03,01:53,4876.875000,4883.255000,4875.578000,4879.765000,0
2026.02.03,01:54,4879.815000,4879.915000,4870.375000,4872.339000,0
2026.02.03,01:55,4872.329000,4880.005000,4872.329000,4879.285000,0
2026.02.03,01:56,4879.275000,4881.345000,4874.288000,4877.545000,0
2026.02.03,01:57,4877.605000,4878.775000,4872.735000,4876.745000,0
2026.02.03,01:58,4876.745000,4880.795000,4872.495000,4880.795000,0
2026.02.03,01:59,4880.815000,4883.725000,4880.585000,4880.745000,0
2026.02.03,02:00,4880.595000,4880.595000,4871.525000,4875.325000,0
2026.02.03,02:01,4875.325000,4878.725000,4872.075000,4877.265000,0
2026.02.03,02:02,4877.255000,4880.735000,4875.905000,4876.075000,0
2026.02.03,02:03,4876.085000,4879.805000,4876.065000,4877.505000,0
2026.02.03,02:04,4877.535000,4881.755000,4877.525000,4880.505000,0
2026.02.03,02:05,4880.535000,4889.135000,4880.415000,4886.989000,0
2026.02.03,02:06,4887.099000,4888.085000,4880.495000,4882.635000,0
2026.02.03,02:07,4882.575000,4882.875000,4881.485000,4881.945000,0
2026.02.03,02:08,4882.325000,4884.028000,4880.625000,4883.145000,0
2026.02.03,02:09,4883.185000,4886.115000,4881.615000,4884.445000,0
2026.02.03,02:10,4884.415000,4885.815000,4882.205000,4885.515000,0
2026.02.03,02:11,4885.515000,4887.848000,4885.455000,4885.605000,0
2026.02.03,02:12,4885.625000,4887.995000,4884.225000,4887.365000,0
2026.02.03,02:13,4887.435000,4888.465000,4886.145000,4887.705000,0
2026.02.03,02:14,4887.685000,4893.145000,4886.035000,4892.985000,0
2026.02.03,02:15,4892.845000,4893.235000,4883.968000,4884.575000,0
2026.02.03,02:16,4884.555000,4887.215000,4880.425000,4880.995000,0
2026.02.03,02:17,4881.005000,4887.805000,4879.745000,4887.175000,0
2026.02.03,02:18,4887.175000,4887.245000,4883.085000,4883.675000,0
2026.02.03,02:19,4883.715000,4886.205000,4879.355000,4882.405000,0
2026.02.03,02:20,4882.415000,4885.335000,4881.255000,4885.195000,0
2026.02.03,02:21,4885.225000,4887.705000,4882.255000,4885.335000,0
2026.02.03,02:22,4885.285000,4887.325000,4883.815000,4885.705000,0
2026.02.03,02:23,4885.685000,4892.385000,4885.405000,4891.505000,0
2026.02.03,02:24,4891.515000,4892.795000,4889.825000,4891.455000,0
2026.02.03,02:25,4891.655000,4900.025000,4889.355000,4899.725000,0
2026.02.03,02:26,4899.705000,4901.315000,4897.065000,4898.495000,0
2026.02.03,02:27,4898.425000,4901.055000,4895.685000,4898.455000,0
2026.02.03,02:28,4898.435000,4899.685000,4895.215000,4898.035000,0
2026.02.03,02:29,4897.965000,4900.675000,4896.595000,4899.895000,0
2026.02.03,02:30,4899.925000,4900.705000,4898.465000,4898.775000,0
2026.02.03,02:31,4898.725000,4910.095000,4898.725000,4908.575000,0
2026.02.03,02:32,4908.565000,4916.155000,4908.375000,4915.135000,0
2026.02.03,02:33,4915.165000,4921.905000,4913.715000,4920.895000,0
2026.02.03,02:34,4920.875000,4922.355000,4914.135000,4917.405000,0
2026.02.03,02:35,4917.415000,4920.125000,4916.515000,4917.825000,0
2026.02.03,02:36,4917.825000,4926.615000,4917.605000,4926.555000,0
2026.02.03,02:37,4926.585000,4928.425000,4925.605000,4927.735000,0
2026.02.03,02:38,4927.715000,4927.715000,4921.108000,4921.375000,0
2026.02.03,02:39,4921.355000,4931.165000,4920.458000,4930.905000,0
2026.02.03,02:40,4930.955000,4933.305000,4928.675000,4931.595000,0
2026.02.03,02:41,4931.605000,4931.825000,4920.008000,4923.345000,0
2026.02.03,02:42,4923.325000,4925.385000,4921.798000,4922.525000,0
2026.02.03,02:43,4922.455000,4925.465000,4920.425000,4924.928000,0
2026.02.03,02:44,4924.865000,4925.218000,4920.458000,4920.898000,0
2026.02.03,02:45,4920.908000,4920.908000,4912.835000,4915.995000,0
2026.02.03,02:46,4916.025000,4921.915000,4915.018000,4920.985000,0
2026.02.03,02:47,4920.995000,4922.965000,4918.685000,4921.565000,0
2026.02.03,02:48,4921.585000,4925.515000,4921.585000,4924.135000,0
2026.02.03,02:49,4924.145000,4925.075000,4919.395000,4919.415000,0
2026.02.03,02:50,4919.445000,4919.765000,4914.215000,4917.775000,0
2026.02.03,02:51,4917.755000,4919.935000,4916.695000,4918.395000,0
2026.02.03,02:52,4918.415000,4918.945000,4913.205000,4914.895000,0
2026.02.03,02:53,4914.865000,4918.735000,4912.785000,4918.375000,0
2026.02.03,02:54,4918.505000,4923.785000,4918.015000,4922.835000,0
2026.02.03,02:55,4922.765000,4927.035000,4922.425000,4926.295000,0
2026.02.03,02:56,4926.275000,4926.385000,4919.405000,4920.795000,0
2026.02.03,02:57,4920.785000,4921.465000,4914.795000,4917.785000,0
2026.02.03,02:58,4917.625000,4923.125000,4915.865000,4922.545000,0
2026.02.03,02:59,4922.075000,4922.075000,4913.395000,4916.935000,0
2026.02.03,03:00,4916.905000,4920.425000,4909.415000,4910.915000,0
2026.02.03,03:01,4910.905000,4915.105000,4910.105000,4914.435000,0
2026.02.03,03:02,4914.355000,4917.425000,4910.875000,4911.535000,0
2026.02.03,03:03,4911.615000,4916.955000,4911.035000,4911.195000,0
2026.02.03,03:04,4911.248000,4911.548000,4904.675000,4909.345000,0
2026.02.03,03:05,4909.385000,4909.385000,4899.458000,4900.755000,0
2026.02.03,03:06,4900.855000,4904.805000,4897.995000,4904.345000,0
2026.02.03,03:07,4904.325000,4909.235000,4901.745000,4908.865000,0
2026.02.03,03:08,4908.825000,4915.508000,4908.825000,4914.875000,0
2026.02.03,03:09,4914.865000,4920.175000,4914.865000,4919.205000,0
2026.02.03,03:10,4919.108000,4920.465000,4912.655000,4917.095000,0
2026.02.03,03:11,4917.055000,4919.745000,4916.248000,4918.695000,0
2026.02.03,03:12,4918.735000,4931.995000,4918.735000,4931.495000,0
2026.02.03,03:13,4931.615000,4931.615000,4927.325000,4928.145000,0
2026.02.03,03:14,4928.445000,4929.305000,4926.115000,4928.095000,0
2026.02.03,03:15,4928.145000,4935.115000,4927.195000,4935.095000,0
2026.02.03,03:16,4935.015000,4938.905000,4933.005000,4936.365000,0
2026.02.03,03:17,4936.395000,4938.175000,4931.585000,4935.585000,0
2026.02.03,03:18,4935.585000,4939.745000,4935.265000,4939.705000,0
2026.02.03,03:19,4939.675000,4941.785000,4936.455000,4939.445000,0
2026.02.03,03:20,4939.405000,4939.558000,4931.905000,4934.015000,0
2026.02.03,03:21,4934.105000,4935.795000,4931.405000,4931.425000,0
2026.02.03,03:22,4931.455000,4932.635000,4929.915000,4932.168000,0
2026.02.03,03:23,4932.165000,4939.898000,4930.418000,4939.828000,0
2026.02.03,03:24,4939.775000,4939.898000,4933.145000,4933.295000,0
2026.02.03,03:25,4933.395000,4938.655000,4932.085000,4938.385000,0
2026.02.03,03:26,4938.558000,4939.545000,4936.705000,4938.125000,0
2026.02.03,03:27,4938.135000,4940.015000,4936.495000,4939.635000,0
2026.02.03,03:28,4939.675000,4939.955000,4936.015000,4936.015000,0
2026.02.03,03:29,4936.135000,4938.275000,4934.165000,4936.225000,0
2026.02.03,03:30,4936.205000,4938.365000,4932.065000,4933.285000,0
2026.02.03,03:31,4933.235000,4935.465000,4930.765000,4931.225000,0
2026.02.03,03:32,4931.255000,4933.245000,4930.325000,4931.995000,0
2026.02.03,03:33,4932.438000,4935.555000,4930.995000,4931.105000,0
2026.02.03,03:34,4931.085000,4933.395000,4930.865000,4932.255000,0
2026.02.03,03:35,4932.235000,4932.845000,4930.735000,4932.835000,0
2026.02.03,03:36,4932.645000,4939.245000,4931.675000,4932.865000,0
2026.02.03,03:37,4932.815000,4936.185000,4932.055000,4935.755000,0
2026.02.03,03:38,4935.795000,4936.215000,4932.095000,4932.435000,0
2026.02.03,03:39,4932.395000,4934.355000,4931.025000,4934.025000,0
2026.02.03,03:40,4933.965000,4940.285000,4932.395000,4939.625000,0
2026.02.03,03:41,4939.595000,4944.465000,4938.485000,4939.415000,0
2026.02.03,03:42,4939.295000,4949.395000,4939.265000,4944.515000,0
2026.02.03,03:43,4945.348000,4945.415000,4938.075000,4938.755000,0
2026.02.03,03:44,4938.765000,4938.765000,4934.035000,4935.385000,0
2026.02.03,03:45,4935.425000,4938.265000,4934.075000,4934.075000,0
2026.02.03,03:46,4934.035000,4935.355000,4930.555000,4930.555000,0
2026.02.03,03:47,4930.585000,4934.635000,4930.278000,4933.885000,0
2026.02.03,03:48,4933.875000,4936.085000,4932.935000,4933.065000,0
2026.02.03,03:49,4933.175000,4934.685000,4930.245000,4934.265000,0
2026.02.03,03:50,4934.245000,4936.265000,4930.385000,4931.315000,0
2026.02.03,03:51,4931.355000,4934.635000,4931.215000,4933.275000,0
2026.02.03,03:52,4933.285000,4934.205000,4932.375000,4932.675000,0
2026.02.03,03:53,4932.885000,4934.775000,4931.075000,4931.365000,0
2026.02.03,03:54,4931.335000,4933.735000,4931.175000,4932.045000,0
2026.02.03,03:55,4932.065000,4933.585000,4930.695000,4932.875000,0
2026.02.03,03:56,4932.865000,4933.135000,4930.295000,4932.565000,0
2026.02.03,03:57,4932.545000,4932.725000,4921.588000,4921.588000,0
2026.02.03,03:58,4921.588000,4922.435000,4917.365000,4918.525000,0
2026.02.03,03:59,4918.475000,4918.935000,4910.875000,4912.125000,0
2026.02.03,04:00,4912.085000,4920.825000,4911.509000,4919.285000,0
2026.02.03,04:01,4919.255000,4922.395000,4915.305000,4915.875000,0
2026.02.03,04:02,4915.845000,4915.845000,4909.815000,4909.825000,0
2026.02.03,04:03,4909.865000,4912.675000,4908.595000,4911.625000,0
2026.02.03,04:04,4911.395000,4912.395000,4907.765000,4911.975000,0
2026.02.03,04:05,4913.055000,4921.235000,4913.055000,4918.355000,0
2026.02.03,04:06,4918.315000,4921.795000,4917.455000,4917.555000,0
2026.02.03,04:07,4917.555000,4920.305000,4917.555000,4919.845000,0
2026.02.03,04:08,4919.945000,4922.615000,4919.065000,4922.615000,0
2026.02.03,04:09,4922.625000,4923.595000,4917.945000,4918.798000,0
2026.02.03,04:10,4918.895000,4919.885000,4908.705000,4911.235000,0
2026.02.03,04:11,4911.085000,4914.525000,4910.525000,4912.885000,0
2026.02.03,04:12,4912.865000,4914.705000,4911.575000,4913.785000,0
2026.02.03,04:13,4913.495000,4916.215000,4911.975000,4915.595000,0
2026.02.03,04:14,4915.625000,4917.575000,4913.935000,4915.995000,0
2026.02.03,04:15,4915.975000,4916.195000,4908.448000,4910.625000,0
2026.02.03,04:16,4910.355000,4914.925000,4900.515000,4908.355000,0
2026.02.03,04:17,4908.385000,4915.075000,4906.118000,4914.145000,0
2026.02.03,04:18,4914.045000,4915.915000,4905.835000,4907.675000,0
2026.02.03,04:19,4907.685000,4908.535000,4905.968000,4906.105000,0
2026.02.03,04:20,4906.105000,4908.245000,4904.735000,4904.805000,0
2026.02.03,04:21,4904.805000,4910.565000,4903.465000,4910.545000,0
2026.02.03,04:22,4910.505000,4910.555000,4904.665000,4905.385000,0
2026.02.03,04:23,4905.375000,4909.235000,4899.685000,4900.965000,0
2026.02.03,04:24,4901.005000,4905.155000,4899.535000,4904.335000,0
2026.02.03,04:25,4904.095000,4904.935000,4898.955000,4900.285000,0
2026.02.03,04:26,4900.185000,4904.435000,4899.075000,4902.025000,0
2026.02.03,04:27,4901.915000,4902.085000,4892.595000,4894.798000,0
2026.02.03,04:28,4895.025000,4897.235000,4892.365000,4893.185000,0
2026.02.03,04:29,4893.258000,4896.715000,4889.838000,4890.748000,0
2026.02.03,04:30,4890.748000,4891.355000,4884.275000,4887.675000,0
2026.02.03,04:31,4887.695000,4897.945000,4887.695000,4897.945000,0
2026.02.03,04:32,4897.935000,4902.885000,4896.605000,4900.545000,0
2026.02.03,04:33,4900.575000,4901.445000,4895.865000,4896.355000,0
2026.02.03,04:34,4896.305000,4899.745000,4894.755000,4897.315000,0
2026.02.03,04:35,4897.285000,4902.335000,4896.235000,4900.965000,0
2026.02.03,04:36,4900.925000,4909.898000,4900.075000,4909.105000,0
2026.02.03,04:37,4909.155000,4912.615000,4907.635000,4911.975000,0
2026.02.03,04:38,4911.975000,4913.525000,4910.725000,4913.115000,0
2026.02.03,04:39,4912.665000,4914.635000,4911.895000,4914.575000,0
2026.02.03,04:40,4914.395000,4916.935000,4912.335000,4914.555000,0
2026.02.03,04:41,4914.595000,4917.845000,4911.165000,4916.695000,0
2026.02.03,04:42,4916.665000,4919.178000,4915.785000,4917.725000,0
2026.02.03,04:43,4917.898000,4920.585000,4916.755000,4919.815000,0
2026.02.03,04:44,4920.275000,4922.095000,4918.225000,4921.105000,0
2026.02.03,04:45,4921.095000,4924.975000,4920.175000,4924.315000,0
2026.02.03,04:46,4924.295000,4924.315000,4918.695000,4923.595000,0
2026.02.03,04:47,4923.535000,4924.315000,4918.678000,4921.615000,0
2026.02.03,04:48,4921.655000,4923.455000,4920.845000,4921.885000,0
2026.02.03,04:49,4921.845000,4925.915000,4921.845000,4923.005000,0
2026.02.03,04:50,4923.005000,4923.315000,4921.315000,4922.065000,0
2026.02.03,04:51,4922.095000,4923.795000,4921.045000,4922.575000,0
2026.02.03,04:52,4922.595000,4923.255000,4920.135000,4920.705000,0
2026.02.03,04:53,4920.605000,4922.685000,4919.375000,4920.275000,0
2026.02.03,04:54,4920.265000,4922.345000,4917.965000,4918.135000,0
2026.02.03,04:55,4918.155000,4918.735000,4915.565000,4917.865000,0
2026.02.03,04:56,4917.905000,4919.755000,4915.795000,4917.885000,0
2026.02.03,04:57,4918.125000,4918.205000,4914.635000,4915.435000,0
2026.02.03,04:58,4915.675000,4916.575000,4915.155000,4915.355000,0
2026.02.03,04:59,4915.375000,4917.205000,4914.455000,4915.835000,0
2026.02.03,05:00,4915.845000,4921.205000,4915.415000,4919.205000,0
2026.02.03,05:01,4919.155000,4920.170000,4914.515000,4914.975000,0
2026.02.03,05:02,4914.955000,4918.545000,4913.775000,4917.305000,0
2026.02.03,05:03,4917.355000,4917.445000,4914.205000,4916.705000,0
2026.02.03,05:04,4916.865000,4919.525000,4916.425000,4917.865000,0
2026.02.03,05:05,4917.905000,4920.225000,4916.505000,4919.615000,0
2026.02.03,05:06,4919.565000,4920.135000,4914.295000,4914.565000,0
2026.02.03,05:07,4914.368000,4918.555000,4914.318000,4914.755000,0
2026.02.03,05:08,4914.715000,4915.035000,4914.165000,4914.575000,0
2026.02.03,05:09,4914.795000,4922.805000,4914.795000,4922.805000,0
2026.02.03,05:10,4922.735000,4924.995000,4921.665000,4922.245000,0
2026.02.03,05:11,4922.318000,4927.225000,4918.665000,4927.085000,0
2026.02.03,05:12,4927.065000,4927.565000,4924.055000,4927.235000,0
2026.02.03,05:13,4927.205000,4929.515000,4927.055000,4927.245000,0
2026.02.03,05:14,4927.295000,4927.295000,4921.755000,4922.675000,0
2026.02.03,05:15,4922.705000,4922.835000,4918.675000,4921.695000,0
2026.02.03,05:16,4922.475000,4922.475000,4915.775000,4917.885000,0
2026.02.03,05:17,4917.975000,4917.975000,4914.415000,4916.365000,0
2026.02.03,05:18,4916.375000,4917.865000,4915.385000,4915.665000,0
2026.02.03,05:19,4915.595000,4915.895000,4914.525000,4914.785000,0
2026.02.03,05:20,4914.448000,4916.545000,4914.368000,4916.515000,0
2026.02.03,05:21,4916.555000,4917.825000,4915.125000,4915.615000,0
2026.02.03,05:22,4915.585000,4918.095000,4914.765000,4917.075000,0
2026.02.03,05:23,4917.105000,4918.145000,4914.225000,4917.435000,0
2026.02.03,05:24,4917.485000,4918.985000,4915.355000,4916.385000,0
2026.02.03,05:25,4916.385000,4918.095000,4915.155000,4915.695000,0
2026.02.03,05:26,4915.725000,4917.185000,4915.065000,4915.905000,0
2026.02.03,05:27,4915.915000,4917.955000,4915.355000,4916.605000,0
2026.02.03,05:28,4916.675000,4919.315000,4915.835000,4919.295000,0
2026.02.03,05:29,4919.325000,4919.325000,4913.975000,4914.465000,0
2026.02.03,05:30,4914.535000,4922.665000,4914.535000,4921.695000,0
2026.02.03,05:31,4921.695000,4922.065000,4917.035000,4920.825000,0
2026.02.03,05:32,4920.845000,4923.635000,4918.815000,4923.535000,0
2026.02.03,05:33,4923.485000,4923.485000,4919.365000,4922.215000,0
2026.02.03,05:34,4922.205000,4922.885000,4916.815000,4919.995000,0
2026.02.03,05:35,4920.035000,4921.035000,4916.195000,4917.255000,0
2026.02.03,05:36,4917.265000,4919.135000,4916.815000,4917.515000,0
2026.02.03,05:37,4917.285000,4918.185000,4915.875000,4917.095000,0
2026.02.03,05:38,4917.075000,4919.245000,4916.795000,4917.625000,0
2026.02.03,05:39,4917.645000,4918.415000,4915.105000,4916.645000,0
2026.02.03,05:40,4916.665000,4916.815000,4914.348000,4916.565000,0
2026.02.03,05:41,4916.505000,4917.895000,4916.415000,4917.845000,0
2026.02.03,05:42,4917.915000,4920.525000,4916.955000,4919.625000,0
2026.02.03,05:43,4919.765000,4920.225000,4913.988000,4917.085000,0
2026.02.03,05:44,4917.065000,4920.475000,4916.675000,4919.695000,0
2026.02.03,05:45,4919.645000,4919.875000,4914.498000,4916.205000,0
2026.02.03,05:46,4916.205000,4917.065000,4914.775000,4916.635000,0
2026.02.03,05:47,4916.605000,4923.735000,4915.985000,4923.735000,0
2026.02.03,05:48,4923.545000,4923.875000,4919.705000,4921.515000,0
2026.02.03,05:49,4921.685000,4921.785000,4918.305000,4918.875000,0
2026.02.03,05:50,4918.905000,4919.525000,4915.755000,4918.665000,0
2026.02.03,05:51,4918.755000,4919.355000,4915.345000,4918.305000,0
2026.02.03,05:52,4917.888000,4917.888000,4915.905000,4915.965000,0
2026.02.03,05:53,4915.975000,4916.915000,4914.455000,4915.125000,0
2026.02.03,05:54,4915.065000,4917.605000,4915.065000,4916.205000,0
2026.02.03,05:55,4916.205000,4917.905000,4914.975000,4917.775000,0
2026.02.03,05:56,4916.955000,4917.705000,4907.575000,4908.385000,0
2026.02.03,05:57,4908.645000,4908.645000,4905.775000,4907.375000,0
2026.02.03,05:58,4907.925000,4908.485000,4905.325000,4907.205000,0
2026.02.03,05:59,4907.245000,4907.395000,4901.415000,4901.965000,0
2026.02.03,06:00,4901.985000,4902.635000,4896.625000,4898.005000,0
2026.02.03,06:01,4898.005000,4898.675000,4895.545000,4897.145000,0
2026.02.03,06:02,4897.165000,4897.395000,4889.465000,4889.515000,0
2026.02.03,06:03,4889.625000,4899.465000,4889.515000,4898.445000,0
2026.02.03,06:04,4898.595000,4903.205000,4894.745000,4902.675000,0
2026.02.03,06:05,4902.675000,4911.605000,4901.885000,4911.225000,0
2026.02.03,06:06,4911.225000,4912.318000,4908.565000,4910.898000,0
2026.02.03,06:07,4911.095000,4911.095000,4908.265000,4910.175000,0
2026.02.03,06:08,4910.175000,4911.225000,4908.025000,4909.355000,0
2026.02.03,06:09,4909.385000,4911.095000,4906.628000,4907.555000,0
2026.02.03,06:10,4907.515000,4910.135000,4907.075000,4908.595000,0
2026.02.03,06:11,4908.625000,4910.665000,4907.155000,4907.165000,0
2026.02.03,06:12,4907.245000,4908.435000,4906.205000,4907.925000,0
2026.02.03,06:13,4907.825000,4910.135000,4906.265000,4908.675000,0
2026.02.03,06:14,4908.705000,4909.415000,4905.805000,4906.285000,0
2026.02.03,06:15,4906.055000,4909.775000,4905.925000,4909.095000,0
2026.02.03,06:16,4909.085000,4909.145000,4905.535000,4905.625000,0
2026.02.03,06:17,4905.655000,4905.675000,4896.535000,4897.645000,0
2026.02.03,06:18,4897.875000,4901.355000,4897.408000,4900.105000,0
2026.02.03,06:19,4900.305000,4900.815000,4897.349000,4899.015000,0
2026.02.03,06:20,4899.065000,4899.275000,4894.765000,4895.835000,0
2026.02.03,06:21,4895.875000,4897.605000,4892.015000,4896.155000,0
2026.02.03,06:22,4896.155000,4896.385000,4891.275000,4893.875000,0
2026.02.03,06:23,4893.875000,4894.085000,4888.365000,4888.535000,0
2026.02.03,06:24,4888.535000,4888.535000,4883.445000,4884.645000,0
2026.02.03,06:25,4884.605000,4896.685000,4884.475000,4896.285000,0
2026.02.03,06:26,4896.295000,4903.195000,4896.295000,4901.715000,0
2026.02.03,06:27,4901.735000,4903.435000,4900.335000,4902.715000,0
2026.02.03,06:28,4902.745000,4903.515000,4900.165000,4901.735000,0
2026.02.03,06:29,4901.745000,4905.275000,4900.265000,4900.805000,0
2026.02.03,06:30,4900.765000,4901.765000,4899.295000,4900.915000,0
2026.02.03,06:31,4900.885000,4901.165000,4898.085000,4899.025000,0
2026.02.03,06:32,4899.035000,4904.425000,4897.955000,4904.425000,0
2026.02.03,06:33,4904.555000,4916.495000,4904.455000,4913.955000,0
2026.02.03,06:34,4913.965000,4914.125000,4910.548000,4913.555000,0
2026.02.03,06:35,4913.545000,4916.315000,4912.315000,4913.075000,0
2026.02.03,06:36,4913.065000,4915.025000,4910.375000,4914.265000,0
2026.02.03,06:37,4914.205000,4918.905000,4914.005000,4916.935000,0
2026.02.03,06:38,4916.925000,4917.285000,4915.125000,4916.875000,0
2026.02.03,06:39,4916.875000,4916.895000,4913.855000,4913.855000,0
2026.02.03,06:40,4913.855000,4913.865000,4910.945000,4912.845000,0
2026.02.03,06:41,4912.875000,4915.975000,4911.695000,4912.865000,0
2026.02.03,06:42,4912.855000,4913.555000,4912.245000,4912.745000,0
2026.02.03,06:43,4912.755000,4912.755000,4908.928000,4910.695000,0
2026.02.03,06:44,4910.778000,4911.085000,4908.725000,4909.235000,0
2026.02.03,06:45,4909.195000,4910.895000,4908.925000,4910.685000,0
2026.02.03,06:46,4910.695000,4914.805000,4910.045000,4913.715000,0
2026.02.03,06:47,4913.725000,4914.175000,4910.125000,4910.165000,0
2026.02.03,06:48,4910.335000,4910.335000,4907.125000,4908.185000,0
2026.02.03,06:49,4908.195000,4909.385000,4906.515000,4906.515000,0
2026.02.03,06:50,4906.105000,4909.555000,4905.475000,4906.585000,0
2026.02.03,06:51,4906.915000,4907.725000,4904.685000,4907.015000,0
2026.02.03,06:52,4906.915000,4907.905000,4903.255000,4903.368000,0
2026.02.03,06:53,4903.358000,4903.388000,4898.345000,4900.055000,0
2026.02.03,06:54,4900.085000,4904.418000,4900.055000,4903.498000,0
2026.02.03,06:55,4903.488000,4907.095000,4902.665000,4906.725000,0
2026.02.03,06:56,4906.675000,4907.565000,4904.825000,4907.215000,0
2026.02.03,06:57,4907.245000,4915.448000,4905.785000,4915.415000,0
2026.02.03,06:58,4915.408000,4916.895000,4912.165000,4913.195000,0
2026.02.03,06:59,4913.095000,4916.765000,4912.255000,4916.475000,0
2026.02.03,07:00,4916.991000,4925.858000,4909.715000,4924.505000,0
2026.02.03,07:01,4924.475000,4928.808000,4922.465000,4926.665000,0
2026.02.03,07:02,4926.705000,4931.218000,4925.335000,4931.218000,0
2026.02.03,07:03,4931.135000,4932.955000,4928.925000,4932.635000,0
2026.02.03,07:04,4932.665000,4935.308000,4931.355000,4931.805000,0
2026.02.03,07:05,4931.805000,4934.105000,4929.415000,4932.385000,0
2026.02.03,07:06,4932.335000,4932.845000,4926.225000,4927.455000,0
2026.02.03,07:07,4927.455000,4930.375000,4925.125000,4929.955000,0
2026.02.03,07:08,4930.258000,4933.865000,4927.675000,4932.528000,0
2026.02.03,07:09,4932.508000,4932.538000,4926.188000,4929.478000,0
2026.02.03,07:10,4929.448000,4929.708000,4926.355000,4927.405000,0
2026.02.03,07:11,4927.425000,4930.445000,4925.988000,4927.688000,0
2026.02.03,07:12,4927.698000,4930.225000,4925.305000,4928.215000,0
2026.02.03,07:13,4928.235000,4930.055000,4927.468000,4928.215000,0
2026.02.03,07:14,4927.905000,4929.825000,4922.475000,4924.425000,0
2026.02.03,07:15,4924.525000,4925.595000,4922.535000,4924.895000,0
2026.02.03,07:16,4924.915000,4925.415000,4922.195000,4924.515000,0
2026.02.03,07:17,4924.495000,4924.495000,4918.245000,4919.035000,0
2026.02.03,07:18,4918.985000,4920.105000,4912.685000,4913.205000,0
2026.02.03,07:19,4913.235000,4918.548000,4912.125000,4912.685000,0
2026.02.03,07:20,4912.665000,4912.895000,4909.465000,4910.115000,0
2026.02.03,07:21,4910.135000,4911.358000,4903.285000,4903.315000,0
2026.02.03,07:22,4903.235000,4908.095000,4902.955000,4904.365000,0
2026.02.03,07:23,4904.355000,4904.355000,4899.135000,4901.118000,0
2026.02.03,07:24,4901.448000,4903.225000,4898.695000,4899.118000,0
2026.02.03,07:25,4898.925000,4900.015000,4891.855000,4894.815000,0
2026.02.03,07:26,4894.888000,4904.125000,4894.888000,4899.395000,0
2026.02.03,07:27,4899.245000,4907.155000,4898.365000,4899.975000,0
2026.02.03,07:28,4899.975000,4900.815000,4893.615000,4895.385000,0
2026.02.03,07:29,4895.385000,4904.125000,4895.345000,4902.165000,0
2026.02.03,07:30,4902.185000,4906.825000,4899.865000,4906.615000,0
2026.02.03,07:31,4906.675000,4910.315000,4906.195000,4908.255000,0
2026.02.03,07:32,4908.395000,4908.395000,4905.395000,4906.395000,0
2026.02.03,07:33,4906.425000,4913.415000,4906.415000,4913.125000,0
2026.02.03,07:34,4913.115000,4917.765000,4911.788000,4916.645000,0
2026.02.03,07:35,4916.635000,4917.845000,4913.785000,4913.785000,0
2026.02.03,07:36,4913.815000,4914.535000,4910.985000,4911.635000,0
2026.02.03,07:37,4911.525000,4915.365000,4910.775000,4914.935000,0
2026.02.03,07:38,4914.735000,4916.855000,4912.585000,4914.755000,0
2026.02.03,07:39,4914.755000,4915.555000,4910.735000,4911.225000,0
2026.02.03,07:40,4911.175000,4913.665000,4910.085000,4911.335000,0
2026.02.03,07:41,4911.305000,4915.655000,4910.275000,4913.515000,0
2026.02.03,07:42,4913.365000,4915.665000,4913.045000,4913.845000,0
2026.02.03,07:43,4913.855000,4916.225000,4911.505000,4915.045000,0
2026.02.03,07:44,4915.135000,4918.778000,4910.465000,4911.955000,0
2026.02.03,07:45,4911.965000,4915.585000,4911.835000,4914.445000,0
2026.02.03,07:46,4914.445000,4916.185000,4913.785000,4915.055000,0
2026.02.03,07:47,4915.055000,4916.825000,4913.695000,4915.255000,0
2026.02.03,07:48,4915.255000,4916.625000,4913.675000,4915.305000,0
2026.02.03,07:49,4915.295000,4916.445000,4912.985000,4913.045000,0
2026.02.03,07:50,4913.075000,4918.255000,4912.955000,4915.315000,0
2026.02.03,07:51,4914.965000,4916.515000,4912.575000,4913.005000,0
2026.02.03,07:52,4913.045000,4913.775000,4906.865000,4912.815000,0
2026.02.03,07:53,4912.805000,4917.205000,4912.765000,4913.665000,0
2026.02.03,07:54,4913.665000,4915.435000,4908.945000,4909.065000,0
2026.02.03,07:55,4908.955000,4912.295000,4908.955000,4912.225000,0
2026.02.03,07:56,4912.225000,4912.685000,4911.645000,4911.985000,0
2026.02.03,07:57,4912.005000,4915.275000,4911.925000,4914.935000,0
2026.02.03,07:58,4914.945000,4917.755000,4913.445000,4914.105000,0
2026.02.03,07:59,4914.165000,4916.095000,4912.735000,4913.405000,0
2026.02.03,08:00,4913.395000,4920.175000,4909.255000,4916.365000,0
2026.02.03,08:01,4916.395000,4917.145000,4905.025000,4909.198000,0
2026.02.03,08:02,4909.695000,4911.215000,4902.825000,4902.865000,0
2026.02.03,08:03,4902.905000,4915.325000,4902.325000,4913.655000,0
2026.02.03,08:04,4913.545000,4921.075000,4909.935000,4920.925000,0
2026.02.03,08:05,4920.845000,4928.725000,4920.845000,4926.375000,0
2026.02.03,08:06,4926.395000,4929.445000,4923.135000,4924.695000,0
2026.02.03,08:07,4924.695000,4929.405000,4923.768000,4927.185000,0
2026.02.03,08:08,4927.205000,4930.685000,4921.528000,4923.685000,0
2026.02.03,08:09,4923.715000,4926.705000,4921.845000,4926.385000,0
2026.02.03,08:10,4926.375000,4926.685000,4921.015000,4925.575000,0
2026.02.03,08:11,4925.615000,4925.965000,4916.405000,4919.825000,0
2026.02.03,08:12,4919.845000,4919.845000,4916.505000,4918.655000,0
2026.02.03,08:13,4918.925000,4926.185000,4918.468000,4924.425000,0
2026.02.03,08:14,4924.365000,4928.835000,4920.745000,4928.415000,0
2026.02.03,08:15,4928.525000,4929.695000,4919.675000,4926.625000,0
2026.02.03,08:16,4926.585000,4927.995000,4917.835000,4923.515000,0
2026.02.03,08:17,4923.455000,4927.005000,4922.048000,4923.775000,0
2026.02.03,08:18,4923.805000,4927.025000,4921.205000,4922.115000,0
2026.02.03,08:19,4922.135000,4923.675000,4916.695000,4917.615000,0
2026.02.03,08:20,4918.055000,4922.045000,4916.828000,4919.915000,0
2026.02.03,08:21,4919.925000,4924.855000,4919.625000,4922.505000,0
2026.02.03,08:22,4922.435000,4925.195000,4917.945000,4921.665000,0
2026.02.03,08:23,4921.625000,4925.075000,4919.555000,4923.885000,0
2026.02.03,08:24,4923.915000,4924.495000,4919.455000,4921.855000,0
2026.02.03,08:25,4921.855000,4932.275000,4921.465000,4932.275000,0
2026.02.03,08:26,4932.235000,4933.135000,4927.235000,4927.305000,0
2026.02.03,08:27,4927.295000,4930.875000,4924.875000,4930.225000,0
2026.02.03,08:28,4930.225000,4935.365000,4929.385000,4935.025000,0
2026.02.03,08:29,4935.235000,4938.945000,4932.655000,4933.805000,0
2026.02.03,08:30,4933.795000,4936.935000,4932.015000,4935.845000,0
2026.02.03,08:31,4935.855000,4937.905000,4933.275000,4934.785000,0
2026.02.03,08:32,4934.395000,4937.465000,4929.875000,4932.275000,0
2026.02.03,08:33,4932.845000,4936.725000,4929.838000,4930.065000,0
2026.02.03,08:34,4930.068000,4938.015000,4929.645000,4935.495000,0
2026.02.03,08:35,4935.475000,4936.475000,4929.505000,4934.865000,0
2026.02.03,08:36,4935.225000,4938.608000,4933.715000,4934.395000,0
2026.02.03,08:37,4934.195000,4936.898000,4932.058000,4936.805000,0
2026.02.03,08:38,4936.845000,4936.845000,4931.525000,4932.155000,0
2026.02.03,08:39,4932.235000,4932.705000,4928.415000,4930.445000,0
2026.02.03,08:40,4930.395000,4936.305000,4929.265000,4936.165000,0
2026.02.03,08:41,4936.395000,4939.175000,4936.035000,4937.745000,0
2026.02.03,08:42,4937.695000,4940.925000,4937.695000,4939.595000,0
2026.02.03,08:43,4939.405000,4940.955000,4937.925000,4940.375000,0
2026.02.03,08:44,4940.285000,4941.675000,4939.845000,4941.385000,0
2026.02.03,08:45,4941.425000,4945.925000,4941.425000,4944.955000,0
2026.02.03,08:46,4944.935000,4950.835000,4943.995000,4945.245000,0
2026.02.03,08:47,4945.255000,4949.985000,4943.135000,4949.375000,0
2026.02.03,08:48,4949.485000,4950.555000,4945.765000,4946.265000,0
2026.02.03,08:49,4946.315000,4947.925000,4944.285000,4945.455000,0
2026.02.03,08:50,4945.205000,4947.645000,4937.928000,4938.175000,0
2026.02.03,08:51,4938.135000,4938.935000,4931.005000,4932.785000,0
2026.02.03,08:52,4932.835000,4936.345000,4931.655000,4932.245000,0
2026.02.03,08:53,4932.195000,4933.885000,4921.418000,4926.195000,0
2026.02.03,08:54,4926.255000,4927.855000,4923.355000,4925.755000,0
2026.02.03,08:55,4925.765000,4928.025000,4920.335000,4926.305000,0
2026.02.03,08:56,4926.335000,4931.595000,4924.825000,4929.865000,0
2026.02.03,08:57,4929.875000,4934.695000,4929.045000,4932.095000,0
2026.02.03,08:58,4932.115000,4934.195000,4930.365000,4932.575000,0
2026.02.03,08:59,4932.595000,4934.975000,4931.725000,4932.745000,0
2026.02.03,09:00,4932.685000,4936.195000,4917.205000,4919.945000,0
2026.02.03,09:01,4919.885000,4927.345000,4918.075000,4926.315000,0
2026.02.03,09:02,4926.275000,4927.065000,4921.855000,4925.695000,0
2026.02.03,09:03,4925.635000,4928.245000,4920.485000,4921.865000,0
2026.02.03,09:04,4921.865000,4928.275000,4921.185000,4921.685000,0
2026.02.03,09:05,4921.715000,4926.475000,4918.955000,4926.475000,0
2026.02.03,09:06,4926.475000,4928.205000,4921.935000,4923.705000,0
2026.02.03,09:07,4923.545000,4925.935000,4919.675000,4923.315000,0
2026.02.03,09:08,4923.305000,4927.055000,4920.165000,4926.645000,0
2026.02.03,09:09,4926.665000,4928.885000,4922.145000,4928.615000,0
2026.02.03,09:10,4928.585000,4929.045000,4922.865000,4923.345000,0
2026.02.03,09:11,4923.315000,4926.105000,4920.925000,4925.305000,0
2026.02.03,09:12,4925.185000,4927.535000,4924.805000,4927.535000,0
2026.02.03,09:13,4927.515000,4927.775000,4921.335000,4922.098000,0
2026.02.03,09:14,4922.405000,4927.805000,4922.025000,4923.515000,0
2026.02.03,09:15,4923.515000,4923.515000,4914.095000,4914.845000,0
2026.02.03,09:16,4914.705000,4917.145000,4909.058000,4909.295000,0
2026.02.03,09:17,4909.255000,4910.735000,4895.975000,4906.518000,0
2026.02.03,09:18,4906.578000,4912.135000,4905.965000,4911.345000,0
2026.02.03,09:19,4911.375000,4916.905000,4910.665000,4916.825000,0
2026.02.03,09:20,4916.755000,4916.755000,4906.915000,4908.698000,0
2026.02.03,09:21,4908.698000,4910.555000,4905.125000,4909.245000,0
2026.02.03,09:22,4909.195000,4909.195000,4903.245000,4907.145000,0
2026.02.03,09:23,4907.225000,4907.225000,4899.485000,4903.515000,0
2026.02.03,09:24,4903.575000,4910.075000,4902.715000,4909.985000,0
2026.02.03,09:25,4910.015000,4913.255000,4906.405000,4912.105000,0
2026.02.03,09:26,4912.145000,4915.585000,4909.315000,4913.525000,0
2026.02.03,09:27,4913.505000,4919.055000,4912.845000,4918.035000,0
2026.02.03,09:28,4917.945000,4919.735000,4914.408000,4917.845000,0
2026.02.03,09:29,4917.845000,4925.065000,4917.415000,4924.645000,0
2026.02.03,09:30,4924.645000,4928.675000,4920.495000,4923.505000,0
2026.02.03,09:31,4923.645000,4925.295000,4914.095000,4916.375000,0
2026.02.03,09:32,4916.445000,4919.335000,4903.705000,4910.575000,0
2026.02.03,09:33,4910.585000,4910.745000,4899.235000,4900.765000,0
2026.02.03,09:34,4901.465000,4903.785000,4896.895000,4903.145000,0
2026.02.03,09:35,4903.145000,4906.445000,4892.895000,4903.805000,0
2026.02.03,09:36,4904.125000,4909.025000,4898.255000,4904.705000,0
2026.02.03,09:37,4905.155000,4911.895000,4903.055000,4906.185000,0
2026.02.03,09:38,4906.205000,4908.075000,4897.325000,4908.045000,0
2026.02.03,09:39,4908.265000,4918.005000,4908.125000,4917.935000,0
2026.02.03,09:40,4918.085000,4924.775000,4917.895000,4923.725000,0
2026.02.03,09:41,4923.165000,4925.505000,4918.725000,4922.825000,0
2026.02.03,09:42,4922.845000,4924.915000,4917.005000,4919.735000,0
2026.02.03,09:43,4919.635000,4920.805000,4912.455000,4919.385000,0
2026.02.03,09:44,4919.405000,4919.835000,4915.225000,4917.745000,0
2026.02.03,09:45,4917.755000,4919.385000,4910.775000,4910.775000,0
2026.02.03,09:46,4911.045000,4918.035000,4909.315000,4912.595000,0
2026.02.03,09:47,4912.615000,4919.155000,4912.615000,4918.165000,0
2026.02.03,09:48,4918.185000,4922.088000,4915.468000,4919.238000,0
2026.02.03,09:49,4918.145000,4923.825000,4916.705000,4923.008000,0
2026.02.03,09:50,4923.008000,4924.965000,4920.185000,4920.875000,0
2026.02.03,09:51,4920.905000,4924.575000,4919.075000,4919.485000,0
2026.02.03,09:52,4919.465000,4925.968000,4919.465000,4925.708000,0
2026.02.03,09:53,4925.595000,4929.655000,4923.745000,4925.145000,0
2026.02.03,09:54,4925.065000,4929.915000,4924.035000,4928.585000,0
2026.02.03,09:55,4928.535000,4928.648000,4923.355000,4925.535000,0
2026.02.03,09:56,4925.385000,4928.675000,4923.975000,4924.755000,0
2026.02.03,09:57,4925.145000,4927.005000,4914.758000,4914.915000,0
2026.02.03,09:58,4914.935000,4918.445000,4912.825000,4918.045000,0
2026.02.03,09:59,4918.025000,4920.135000,4914.435000,4916.245000,0
2026.02.03,10:00,4916.315000,4924.355000,4911.275000,4922.065000,0
2026.02.03,10:01,4922.005000,4922.075000,4912.615000,4914.145000,0
2026.02.03,10:02,4914.065000,4920.335000,4904.025000,4914.595000,0
2026.02.03,10:03,4914.575000,4918.235000,4911.485000,4914.495000,0
2026.02.03,10:04,4914.525000,4921.855000,4912.485000,4918.675000,0
2026.02.03,10:05,4918.765000,4926.285000,4918.035000,4923.865000,0
2026.02.03,10:06,4923.845000,4928.475000,4923.845000,4926.135000,0
2026.02.03,10:07,4926.295000,4926.955000,4918.945000,4921.885000,0
2026.02.03,10:08,4921.835000,4935.265000,4918.918000,4934.025000,0
2026.02.03,10:09,4934.005000,4938.175000,4933.845000,4936.715000,0
2026.02.03,10:10,4936.835000,4943.065000,4936.665000,4940.405000,0
2026.02.03,10:11,4940.425000,4948.355000,4940.125000,4946.215000,0
2026.02.03,10:12,4946.205000,4946.905000,4941.325000,4941.715000,0
2026.02.03,10:13,4941.705000,4944.545000,4933.235000,4934.675000,0
2026.02.03,10:14,4934.645000,4939.988000,4932.848000,4936.055000,0
2026.02.03,10:15,4936.055000,4940.598000,4931.798000,4939.298000,0
2026.02.03,10:16,4938.648000,4942.748000,4935.775000,4937.095000,0
2026.02.03,10:17,4937.095000,4939.635000,4934.025000,4937.859000,0
2026.02.03,10:18,4937.869000,4937.869000,4933.015000,4934.798000,0
2026.02.03,10:19,4934.775000,4935.505000,4926.875000,4927.365000,0
2026.02.03,10:20,4927.345000,4927.475000,4922.005000,4923.258000,0
2026.02.03,10:21,4923.258000,4923.616000,4914.375000,4919.125000,0
2026.02.03,10:22,4919.145000,4923.235000,4917.475000,4922.595000,0
2026.02.03,10:23,4922.585000,4926.045000,4915.575000,4915.845000,0
2026.02.03,10:24,4915.885000,4916.605000,4910.285000,4912.785000,0
2026.02.03,10:25,4912.805000,4916.465000,4907.595000,4916.285000,0
2026.02.03,10:26,4916.365000,4917.585000,4910.125000,4916.595000,0
2026.02.03,10:27,4916.625000,4926.505000,4912.918000,4926.435000,0
2026.02.03,10:28,4926.265000,4927.355000,4922.945000,4924.248000,0
2026.02.03,10:29,4924.425000,4927.305000,4922.808000,4924.708000,0
2026.02.03,10:30,4924.708000,4928.575000,4918.138000,4920.255000,0
2026.02.03,10:31,4920.335000,4921.115000,4915.658000,4917.375000,0
2026.02.03,10:32,4917.375000,4922.765000,4917.345000,4921.865000,0
2026.02.03,10:33,4921.905000,4923.765000,4916.365000,4918.575000,0
2026.02.03,10:34,4918.295000,4919.158000,4913.915000,4914.575000,0
2026.02.03,10:35,4914.375000,4917.775000,4907.465000,4907.935000,0
2026.02.03,10:36,4907.925000,4918.805000,4907.925000,4917.135000,0
2026.02.03,10:37,4917.175000,4918.905000,4914.145000,4915.895000,0
2026.02.03,10:38,4915.945000,4917.365000,4914.155000,4916.715000,0
2026.02.03,10:39,4916.645000,4919.485000,4913.375000,4916.445000,0
2026.02.03,10:40,4916.555000,4920.815000,4915.695000,4918.038000,0
2026.02.03,10:41,4918.035000,4921.745000,4918.035000,4919.095000,0
2026.02.03,10:42,4919.095000,4922.385000,4918.325000,4919.225000,0
2026.02.03,10:43,4919.115000,4922.105000,4918.805000,4921.065000,0
2026.02.03,10:44,4920.955000,4924.575000,4920.385000,4923.435000,0
2026.02.03,10:45,4923.445000,4924.865000,4917.975000,4920.685000,0
2026.02.03,10:46,4920.825000,4923.535000,4918.965000,4921.565000,0
2026.02.03,10:47,4921.535000,4924.395000,4920.925000,4922.235000,0
2026.02.03,10:48,4922.145000,4925.625000,4921.605000,4924.895000,0
2026.02.03,10:49,4924.855000,4925.695000,4922.925000,4925.615000,0
2026.02.03,10:50,4925.555000,4930.675000,4924.955000,4926.925000,0
2026.02.03,10:51,4926.955000,4928.795000,4923.395000,4925.335000,0
2026.02.03,10:52,4925.265000,4925.405000,4922.498000,4923.665000,0
2026.02.03,10:53,4923.705000,4930.925000,4922.615000,4930.385000,0
2026.02.03,10:54,4930.698000,4933.955000,4929.705000,4933.585000,0
2026.02.03,10:55,4933.385000,4935.285000,4927.955000,4929.175000,0
2026.02.03,10:56,4929.105000,4929.335000,4926.808000,4928.455000,0
2026.02.03,10:57,4928.495000,4932.185000,4928.329000,4932.175000,0
2026.02.03,10:58,4932.125000,4933.155000,4929.725000,4931.605000,0
2026.02.03,10:59,4931.565000,4935.465000,4931.565000,4935.115000,0
2026.02.03,11:00,4935.265000,4938.955000,4929.955000,4938.875000,0
2026.02.03,11:01,4938.945000,4941.845000,4936.215000,4941.025000,0
2026.02.03,11:02,4941.055000,4944.835000,4940.745000,4940.965000,0
2026.02.03,11:03,4940.945000,4941.475000,4938.415000,4940.565000,0
2026.02.03,11:04,4940.585000,4942.255000,4937.825000,4939.575000,0
2026.02.03,11:05,4939.605000,4942.095000,4938.515000,4939.845000,0
2026.02.03,11:06,4939.875000,4940.115000,4933.405000,4933.405000,0
2026.02.03,11:07,4933.535000,4934.655000,4929.785000,4930.725000,0
2026.02.03,11:08,4930.325000,4935.865000,4929.425000,4933.015000,0
2026.02.03,11:09,4932.505000,4936.355000,4932.205000,4936.355000,0
2026.02.03,11:10,4936.405000,4939.145000,4934.575000,4939.085000,0
2026.02.03,11:11,4939.045000,4940.865000,4936.115000,4937.325000,0
2026.02.03,11:12,4937.315000,4945.155000,4935.745000,4945.085000,0
2026.02.03,11:13,4945.065000,4945.708000,4943.405000,4944.845000,0
2026.02.03,11:14,4944.775000,4944.935000,4943.245000,4943.945000,0
2026.02.03,11:15,4943.915000,4945.195000,4941.015000,4944.765000,0
2026.02.03,11:16,4944.745000,4967.425000,4944.115000,4964.845000,0
2026.02.03,11:17,4964.765000,4971.095000,4964.155000,4967.315000,0
2026.02.03,11:18,4967.335000,4967.335000,4957.098000,4962.495000,0
2026.02.03,11:19,4962.495000,4967.365000,4961.065000,4966.879000,0
2026.02.03,11:20,4966.818000,4971.765000,4965.565000,4971.505000,0
2026.02.03,11:21,4971.655000,4971.765000,4966.675000,4967.045000,0
2026.02.03,11:22,4967.015000,4973.445000,4966.975000,4970.785000,0
2026.02.03,11:23,4970.415000,4971.285000,4966.898000,4971.115000,0
2026.02.03,11:24,4971.115000,4972.055000,4968.915000,4969.685000,0
2026.02.03,11:25,4969.685000,4973.775000,4969.285000,4971.235000,0
2026.02.03,11:26,4971.215000,4975.195000,4969.735000,4972.015000,0
2026.02.03,11:27,4971.605000,4980.255000,4971.605000,4977.835000,0
2026.02.03,11:28,4977.865000,4980.075000,4974.455000,4976.435000,0
2026.02.03,11:29,4976.475000,4977.015000,4970.785000,4973.035000,0
2026.02.03,11:30,4973.065000,4973.575000,4966.265000,4967.365000,0
2026.02.03,11:31,4967.335000,4971.825000,4965.355000,4968.315000,0
2026.02.03,11:32,4968.355000,4969.545000,4963.795000,4969.135000,0
2026.02.03,11:33,4969.225000,4976.545000,4967.425000,4976.455000,0
2026.02.03,11:34,4976.475000,4977.195000,4973.225000,4973.355000,0
2026.02.03,11:35,4973.485000,4985.775000,4973.485000,4984.345000,0
2026.02.03,11:36,4984.055000,4988.425000,4976.348000,4984.935000,0
2026.02.03,11:37,4985.015000,4986.825000,4977.935000,4983.625000,0
2026.02.03,11:38,4983.615000,4991.998000,4981.835000,4990.848000,0
2026.02.03,11:39,4990.938000,4993.458000,4989.565000,4992.748000,0
2026.02.03,11:40,4992.758000,4992.758000,4985.128000,4985.735000,0
2026.02.03,11:41,4985.809000,4985.945000,4981.755000,4981.785000,0
2026.02.03,11:42,4981.885000,4982.595000,4980.175000,4980.555000,0
2026.02.03,11:43,4980.375000,4984.975000,4980.315000,4982.855000,0
2026.02.03,11:44,4982.835000,4984.425000,4980.255000,4980.695000,0
2026.02.03,11:45,4980.665000,4983.055000,4975.955000,4977.795000,0
2026.02.03,11:46,4978.165000,4979.698000,4967.265000,4972.165000,0
2026.02.03,11:47,4972.125000,4976.385000,4971.305000,4974.905000,0
2026.02.03,11:48,4974.935000,4975.365000,4971.025000,4974.835000,0
2026.02.03,11:49,4974.815000,4980.105000,4974.498000,4976.215000,0
2026.02.03,11:50,4976.225000,4976.225000,4965.255000,4965.305000,0
2026.02.03,11:51,4965.345000,4967.875000,4960.335000,4965.098000,0
2026.02.03,11:52,4965.098000,4967.145000,4962.045000,4964.005000,0
2026.02.03,11:53,4963.975000,4964.815000,4952.718000,4955.118000,0
2026.02.03,11:54,4955.098000,4956.198000,4951.598000,4953.098000,0
2026.02.03,11:55,4953.165000,4961.365000,4951.395000,4960.365000,0
2026.02.03,11:56,4960.385000,4961.215000,4957.075000,4959.955000,0
2026.02.03,11:57,4959.855000,4964.068000,4957.898000,4961.545000,0
2026.02.03,11:58,4961.535000,4961.875000,4955.595000,4955.615000,0
2026.02.03,11:59,4955.435000,4958.245000,4952.295000,4955.348000,0
2026.02.03,12:00,4955.358000,4960.808000,4946.068000,4948.315000,0
2026.02.03,12:01,4948.295000,4957.835000,4947.735000,4955.905000,0
2026.02.03,12:02,4955.835000,4962.215000,4955.475000,4959.785000,0
2026.02.03,12:03,4959.815000,4960.675000,4954.255000,4960.205000,0
2026.02.03,12:04,4960.185000,4961.055000,4953.348000,4954.098000,0
2026.02.03,12:05,4953.905000,4957.295000,4950.288000,4956.725000,0
2026.02.03,12:06,4956.795000,4956.805000,4946.635000,4949.985000,0
2026.02.03,12:07,4949.955000,4952.265000,4944.255000,4948.198000,0
2026.02.03,12:08,4948.198000,4949.398000,4939.745000,4941.115000,0
2026.02.03,12:09,4941.588000,4942.738000,4936.328000,4941.405000,0
2026.02.03,12:10,4941.498000,4944.205000,4936.735000,4937.298000,0
2026.02.03,12:11,4937.395000,4937.395000,4922.965000,4926.425000,0
2026.02.03,12:12,4926.575000,4937.648000,4925.265000,4934.668000,0
2026.02.03,12:13,4934.865000,4946.578000,4934.478000,4944.865000,0
2026.02.03,12:14,4944.835000,4947.265000,4934.645000,4943.418000,0
2026.02.03,12:15,4943.495000,4945.468000,4936.558000,4942.445000,0
2026.02.03,12:16,4942.475000,4952.115000,4941.455000,4950.315000,0
2026.02.03,12:17,4950.345000,4957.545000,4949.785000,4955.795000,0
2026.02.03,12:18,4955.965000,4965.175000,4954.845000,4962.775000,0
2026.02.03,12:19,4962.825000,4966.685000,4960.995000,4965.565000,0
2026.02.03,12:20,4965.545000,4969.425000,4963.345000,4965.055000,0
2026.02.03,12:21,4964.898000,4967.055000,4956.318000,4960.515000,0
2026.02.03,12:22,4960.535000,4960.555000,4953.095000,4954.448000,0
2026.02.03,12:23,4954.555000,4955.568000,4951.948000,4953.799000,0
2026.02.03,12:24,4953.839000,4959.395000,4952.498000,4953.038000,0
2026.02.03,12:25,4953.098000,4957.915000,4953.098000,4956.715000,0
2026.02.03,12:26,4956.745000,4959.355000,4953.035000,4953.465000,0
2026.02.03,12:27,4953.375000,4955.415000,4947.705000,4948.005000,0
2026.02.03,12:28,4948.095000,4950.505000,4945.735000,4947.135000,0
2026.02.03,12:29,4947.015000,4948.608000,4945.615000,4948.025000,0
2026.02.03,12:30,4948.088000,4952.525000,4947.615000,4951.695000,0
2026.02.03,12:31,4951.745000,4955.905000,4951.115000,4955.715000,0
2026.02.03,12:32,4955.745000,4961.305000,4955.388000,4960.578000,0
2026.02.03,12:33,4960.579000,4964.308000,4958.018000,4964.018000,0
2026.02.03,12:34,4964.048000,4964.048000,4953.535000,4954.309000,0
2026.02.03,12:35,4954.299000,4954.598000,4951.185000,4953.658000,0
2026.02.03,12:36,4953.715000,4956.788000,4951.978000,4953.755000,0
2026.02.03,12:37,4953.505000,4955.095000,4948.435000,4952.058000,0
2026.02.03,12:38,4952.005000,4953.898000,4948.985000,4949.308000,0
2026.02.03,12:39,4949.328000,4955.298000,4945.428000,4952.015000,0
2026.02.03,12:40,4951.985000,4951.985000,4936.255000,4936.455000,0
2026.02.03,12:41,4936.405000,4936.655000,4930.128000,4933.015000,0
2026.02.03,12:42,4933.005000,4933.878000,4921.488000,4923.175000,0
2026.02.03,12:43,4923.685000,4926.495000,4913.178000,4918.495000,0
2026.02.03,12:44,4918.645000,4924.275000,4916.505000,4921.715000,0
2026.02.03,12:45,4921.695000,4922.245000,4913.905000,4916.025000,0
2026.02.03,12:46,4916.145000,4922.995000,4907.675000,4908.435000,0
2026.02.03,12:47,4909.705000,4924.985000,4906.975000,4924.865000,0
2026.02.03,12:48,4924.945000,4932.835000,4923.485000,4931.185000,0
2026.02.03,12:49,4931.145000,4934.805000,4927.088000,4932.275000,0
2026.02.03,12:50,4932.205000,4940.795000,4930.935000,4940.255000,0
2026.02.03,12:51,4940.205000,4944.645000,4938.545000,4943.855000,0
2026.02.03,12:52,4943.905000,4946.155000,4941.358000,4943.235000,0
2026.02.03,12:53,4943.745000,4947.715000,4941.215000,4941.775000,0
2026.02.03,12:54,4941.745000,4941.745000,4936.535000,4938.668000,0
2026.02.03,12:55,4938.665000,4940.748000,4933.285000,4934.095000,0
2026.02.03,12:56,4934.095000,4936.315000,4932.835000,4935.365000,0
2026.02.03,12:57,4934.755000,4938.695000,4932.185000,4936.885000,0
2026.02.03,12:58,4936.785000,4941.355000,4928.548000,4940.165000,0
2026.02.03,12:59,4940.115000,4940.115000,4927.068000,4928.405000,0
2026.02.03,13:00,4928.405000,4933.015000,4925.795000,4931.755000,0
2026.02.03,13:01,4931.735000,4939.305000,4931.235000,4936.725000,0
2026.02.03,13:02,4936.698000,4939.455000,4929.185000,4929.975000,0
2026.02.03,13:03,4930.175000,4937.308000,4929.165000,4935.678000,0
2026.02.03,13:04,4935.678000,4937.958000,4932.948000,4934.935000,0
2026.02.03,13:05,4934.855000,4939.335000,4928.928000,4938.045000,0
2026.02.03,13:06,4938.205000,4943.965000,4935.495000,4942.925000,0
2026.02.03,13:07,4943.078000,4949.408000,4942.965000,4947.255000,0
2026.02.03,13:08,4947.225000,4947.325000,4940.455000,4941.738000,0
2026.02.03,13:09,4941.735000,4942.928000,4938.928000,4940.918000,0
2026.02.03,13:10,4940.915000,4947.648000,4938.438000,4944.005000,0
2026.02.03,13:11,4944.028000,4945.825000,4943.428000,4944.665000,0
2026.02.03,13:12,4944.645000,4953.078000,4944.045000,4953.015000,0
2026.02.03,13:13,4953.045000,4953.635000,4939.708000,4943.988000,0
2026.02.03,13:14,4943.998000,4944.895000,4940.348000,4942.718000,0
2026.02.03,13:15,4942.708000,4947.345000,4942.708000,4946.675000,0
2026.02.03,13:16,4946.735000,4948.225000,4944.555000,4945.675000,0
2026.02.03,13:17,4945.685000,4945.765000,4940.485000,4941.365000,0
2026.02.03,13:18,4941.345000,4942.605000,4936.735000,4938.775000,0
2026.02.03,13:19,4938.755000,4941.375000,4936.055000,4941.065000,0
2026.02.03,13:20,4940.525000,4945.345000,4936.398000,4944.905000,0
2026.02.03,13:21,4944.865000,4944.965000,4936.625000,4938.185000,0
2026.02.03,13:22,4938.715000,4940.225000,4934.305000,4937.785000,0
2026.02.03,13:23,4937.795000,4938.595000,4931.435000,4935.055000,0
2026.02.03,13:24,4934.455000,4934.645000,4919.535000,4922.605000,0
2026.02.03,13:25,4922.545000,4924.955000,4917.745000,4921.155000,0
2026.02.03,13:26,4921.305000,4928.105000,4921.235000,4923.515000,0
2026.02.03,13:27,4923.525000,4930.945000,4920.785000,4925.305000,0
2026.02.03,13:28,4925.385000,4929.445000,4923.825000,4926.545000,0
2026.02.03,13:29,4926.585000,4926.585000,4904.515000,4908.525000,0
2026.02.03,13:30,4908.575000,4916.855000,4905.725000,4916.855000,0
2026.02.03,13:31,4916.955000,4918.285000,4905.685000,4910.945000,0
2026.02.03,13:32,4910.945000,4913.155000,4888.075000,4889.878000,0
2026.02.03,13:33,4890.235000,4894.465000,4882.365000,4891.355000,0
2026.02.03,13:34,4891.355000,4895.815000,4887.685000,4895.335000,0
2026.02.03,13:35,4895.265000,4902.005000,4892.625000,4901.505000,0
2026.02.03,13:36,4901.525000,4905.825000,4900.215000,4901.465000,0
2026.02.03,13:37,4901.485000,4903.955000,4896.898000,4896.898000,0
2026.02.03,13:38,4896.635000,4899.495000,4894.465000,4898.025000,0
2026.02.03,13:39,4898.025000,4904.645000,4896.285000,4904.355000,0
2026.02.03,13:40,4904.375000,4909.955000,4897.375000,4906.665000,0
2026.02.03,13:41,4906.605000,4912.355000,4904.595000,4911.685000,0
2026.02.03,13:42,4911.715000,4912.285000,4906.595000,4908.385000,0
2026.02.03,13:43,4908.015000,4910.155000,4904.825000,4908.095000,0
2026.02.03,13:44,4908.115000,4908.115000,4903.305000,4905.685000,0
2026.02.03,13:45,4905.725000,4914.648000,4904.615000,4912.375000,0
2026.02.03,13:46,4912.375000,4914.745000,4911.285000,4911.285000,0
2026.02.03,13:47,4911.285000,4913.105000,4907.745000,4908.655000,0
2026.02.03,13:48,4908.665000,4908.735000,4900.815000,4901.955000,0
2026.02.03,13:49,4901.795000,4904.335000,4900.605000,4902.365000,0
2026.02.03,13:50,4902.325000,4903.225000,4899.715000,4900.915000,0
2026.02.03,13:51,4900.945000,4902.655000,4891.055000,4893.445000,0
2026.02.03,13:52,4893.425000,4898.125000,4891.768000,4896.175000,0
2026.02.03,13:53,4896.145000,4906.735000,4894.955000,4906.325000,0
2026.02.03,13:54,4906.325000,4911.055000,4906.275000,4908.505000,0
2026.02.03,13:55,4908.525000,4911.295000,4907.665000,4909.595000,0
2026.02.03,13:56,4909.635000,4914.685000,4907.025000,4911.975000,0
2026.02.03,13:57,4912.495000,4913.225000,4907.845000,4909.045000,0
2026.02.03,13:58,4909.035000,4910.378000,4906.465000,4908.635000,0
2026.02.03,13:59,4908.635000,4910.015000,4899.895000,4908.075000,0
2026.02.03,14:00,4908.075000,4908.115000,4899.125000,4902.425000,0
2026.02.03,14:01,4902.395000,4902.805000,4896.075000,4900.645000,0
2026.02.03,14:02,4900.595000,4901.515000,4895.995000,4896.235000,0
2026.02.03,14:03,4896.315000,4899.658000,4889.945000,4890.705000,0
2026.02.03,14:04,4890.675000,4892.725000,4883.895000,4888.095000,0
2026.02.03,14:05,4888.135000,4889.115000,4884.498000,4888.585000,0
2026.02.03,14:06,4888.655000,4889.075000,4882.365000,4888.095000,0
2026.02.03,14:07,4888.125000,4892.205000,4885.778000,4890.965000,0
2026.02.03,14:08,4891.105000,4893.165000,4884.025000,4887.075000,0
2026.02.03,14:09,4887.125000,4887.125000,4880.295000,4881.085000,0
2026.02.03,14:10,4881.055000,4890.498000,4880.955000,4889.425000,0
2026.02.03,14:11,4889.465000,4900.015000,4889.105000,4898.405000,0
2026.02.03,14:12,4898.375000,4905.158000,4898.325000,4903.545000,0
2026.02.03,14:13,4903.558000,4910.698000,4903.245000,4909.755000,0
2026.02.03,14:14,4910.115000,4917.425000,4909.675000,4915.328000,0
2026.02.03,14:15,4915.318000,4918.585000,4914.335000,4916.525000,0
2026.02.03,14:16,4916.585000,4918.285000,4914.428000,4915.095000,0
2026.02.03,14:17,4914.875000,4922.925000,4914.668000,4922.925000,0
2026.02.03,14:18,4923.038000,4929.455000,4923.038000,4928.425000,0
2026.02.03,14:19,4927.525000,4929.325000,4925.218000,4925.555000,0
2026.02.03,14:20,4925.645000,4927.755000,4921.585000,4924.155000,0
2026.02.03,14:21,4924.135000,4928.145000,4918.275000,4925.085000,0
2026.02.03,14:22,4925.498000,4926.775000,4922.185000,4925.795000,0
2026.02.03,14:23,4925.658000,4929.835000,4924.925000,4926.595000,0
2026.02.03,14:24,4926.565000,4927.595000,4921.125000,4922.035000,0
2026.02.03,14:25,4922.128000,4925.705000,4920.308000,4921.125000,0
2026.02.03,14:26,4921.175000,4921.315000,4916.165000,4917.905000,0
2026.02.03,14:27,4917.985000,4923.965000,4917.795000,4922.685000,0
2026.02.03,14:28,4922.715000,4928.285000,4922.705000,4927.715000,0
2026.02.03,14:29,4927.685000,4933.305000,4923.215000,4930.155000,0
2026.02.03,14:30,4930.048000,4930.815000,4922.265000,4925.185000,0
2026.02.03,14:31,4925.215000,4927.555000,4923.315000,4923.705000,0
2026.02.03,14:32,4923.775000,4927.518000,4921.805000,4926.955000,0
2026.02.03,14:33,4926.585000,4930.705000,4926.585000,4929.945000,0
2026.02.03,14:34,4929.935000,4930.805000,4923.525000,4924.325000,0
2026.02.03,14:35,4924.365000,4936.115000,4923.145000,4935.065000,0
2026.02.03,14:36,4935.185000,4937.055000,4930.758000,4934.945000,0
2026.02.03,14:37,4934.705000,4937.885000,4932.805000,4937.885000,0
2026.02.03,14:38,4937.855000,4940.115000,4935.885000,4939.795000,0
2026.02.03,14:39,4939.815000,4941.875000,4937.585000,4938.805000,0
2026.02.03,14:40,4938.755000,4942.518000,4937.535000,4941.188000,0
2026.02.03,14:41,4941.208000,4948.141000,4940.208000,4946.905000,0
2026.02.03,14:42,4946.895000,4948.538000,4939.698000,4942.559000,0
2026.02.03,14:43,4942.725000,4945.975000,4939.298000,4944.605000,0
2026.02.03,14:44,4944.595000,4944.885000,4939.685000,4940.035000,0
2026.02.03,14:45,4940.075000,4941.885000,4934.408000,4936.365000,0
2026.02.03,14:46,4936.828000,4938.025000,4932.695000,4934.325000,0
2026.02.03,14:47,4934.215000,4936.635000,4931.578000,4933.925000,0
2026.02.03,14:48,4933.965000,4937.755000,4929.905000,4937.215000,0
2026.02.03,14:49,4937.325000,4939.275000,4934.035000,4934.845000,0
2026.02.03,14:50,4934.885000,4937.575000,4933.705000,4937.365000,0
2026.02.03,14:51,4937.355000,4937.355000,4927.158000,4930.115000,0
2026.02.03,14:52,4930.085000,4930.935000,4921.965000,4922.575000,0
2026.02.03,14:53,4922.445000,4924.275000,4917.548000,4923.995000,0
2026.02.03,14:54,4923.615000,4924.755000,4915.545000,4923.925000,0
2026.02.03,14:55,4923.945000,4923.965000,4919.808000,4921.475000,0
2026.02.03,14:56,4921.495000,4926.515000,4918.615000,4925.175000,0
2026.02.03,14:57,4924.855000,4927.895000,4922.975000,4925.495000,0
2026.02.03,14:58,4925.725000,4928.805000,4922.725000,4927.185000,0
2026.02.03,14:59,4927.215000,4928.155000,4923.765000,4926.945000,0
2026.02.03,15:00,4926.925000,4927.015000,4918.965000,4921.715000,0
2026.02.03,15:01,4921.519000,4921.519000,4910.005000,4913.905000,0
2026.02.03,15:02,4914.025000,4920.265000,4912.705000,4919.075000,0
2026.02.03,15:03,4919.045000,4920.865000,4908.405000,4910.625000,0
2026.02.03,15:04,4910.605000,4911.565000,4905.485000,4909.745000,0
2026.02.03,15:05,4910.185000,4911.555000,4906.715000,4908.655000,0
2026.02.03,15:06,4907.995000,4910.045000,4903.095000,4908.825000,0
2026.02.03,15:07,4908.845000,4912.465000,4903.785000,4912.405000,0
2026.02.03,15:08,4912.545000,4915.745000,4910.558000,4915.465000,0
2026.02.03,15:09,4915.589000,4917.855000,4915.065000,4917.855000,0
2026.02.03,15:10,4917.875000,4918.275000,4910.025000,4912.685000,0
2026.02.03,15:11,4912.985000,4914.175000,4901.945000,4906.669000,0
2026.02.03,15:12,4906.589000,4911.258000,4906.118000,4910.025000,0
2026.02.03,15:13,4910.485000,4916.135000,4910.235000,4915.975000,0
2026.02.03,15:14,4915.265000,4920.715000,4915.175000,4920.625000,0
2026.02.03,15:15,4920.755000,4920.815000,4911.635000,4915.555000,0
2026.02.03,15:16,4915.615000,4924.985000,4913.855000,4924.715000,0
2026.02.03,15:17,4924.715000,4927.235000,4921.835000,4924.105000,0
2026.02.03,15:18,4924.159000,4930.635000,4924.159000,4928.685000,0
2026.02.03,15:19,4928.738000,4932.825000,4928.728000,4930.695000,0
2026.02.03,15:20,4930.725000,4935.765000,4930.675000,4932.449000,0
2026.02.03,15:21,4932.389000,4933.165000,4929.875000,4929.935000,0
2026.02.03,15:22,4929.875000,4931.005000,4927.345000,4929.599000,0
2026.02.03,15:23,4929.599000,4929.599000,4923.015000,4928.095000,0
2026.02.03,15:24,4927.985000,4936.965000,4927.985000,4936.715000,0
2026.02.03,15:25,4936.308000,4936.308000,4929.395000,4930.195000,0
2026.02.03,15:26,4930.035000,4933.525000,4928.795000,4932.795000,0
2026.02.03,15:27,4932.775000,4941.505000,4931.495000,4941.335000,0
2026.02.03,15:28,4941.315000,4941.755000,4933.489000,4933.589000,0
2026.02.03,15:29,4933.639000,4939.145000,4933.069000,4938.895000,0
2026.02.03,15:30,4938.965000,4943.595000,4937.295000,4942.875000,0
2026.02.03,15:31,4942.749000,4946.699000,4941.565000,4945.809000,0
2026.02.03,15:32,4945.809000,4947.765000,4945.205000,4946.535000,0
2026.02.03,15:33,4946.545000,4947.565000,4943.345000,4944.195000,0
2026.02.03,15:34,4944.235000,4955.485000,4944.179000,4955.415000,0
2026.02.03,15:35,4954.858000,4956.698000,4951.185000,4955.345000,0
2026.02.03,15:36,4955.585000,4955.855000,4949.205000,4951.485000,0
2026.02.03,15:37,4951.505000,4956.475000,4951.435000,4955.945000,0
2026.02.03,15:38,4956.125000,4956.255000,4952.345000,4953.595000,0
2026.02.03,15:39,4953.535000,4953.605000,4948.355000,4951.709000,0
2026.02.03,15:40,4951.629000,4955.025000,4951.235000,4952.599000,0
2026.02.03,15:41,4952.675000,4954.645000,4948.615000,4954.195000,0
2026.02.03,15:42,4954.205000,4956.525000,4950.635000,4954.525000,0
2026.02.03,15:43,4955.005000,4955.935000,4949.095000,4949.865000,0
2026.02.03,15:44,4950.045000,4951.585000,4947.645000,4951.365000,0
2026.02.03,15:45,4951.355000,4956.465000,4950.295000,4952.125000,0
2026.02.03,15:46,4952.105000,4952.505000,4948.795000,4951.765000,0
2026.02.03,15:47,4951.765000,4954.465000,4945.809000,4946.145000,0
2026.02.03,15:48,4946.165000,4947.965000,4944.885000,4947.115000,0
2026.02.03,15:49,4947.015000,4947.285000,4934.405000,4937.725000,0
2026.02.03,15:50,4937.715000,4938.195000,4932.425000,4935.898000,0
2026.02.03,15:51,4935.898000,4937.585000,4932.365000,4937.185000,0
2026.02.03,15:52,4937.145000,4942.075000,4936.745000,4941.625000,0
2026.02.03,15:53,4941.775000,4941.935000,4934.629000,4938.015000,0
2026.02.03,15:54,4937.975000,4939.875000,4936.745000,4937.199000,0
2026.02.03,15:55,4938.298000,4939.405000,4934.945000,4938.815000,0
2026.02.03,15:56,4938.795000,4944.665000,4938.009000,4943.845000,0
2026.02.03,15:57,4943.835000,4945.945000,4943.465000,4945.035000,0
2026.02.03,15:58,4945.215000,4945.985000,4941.128000,4944.355000,0
2026.02.03,15:59,4944.405000,4946.265000,4939.378000,4943.988000,0
2026.02.03,16:00,4944.078000,4944.625000,4939.365000,4942.349000,0
2026.02.03,16:01,4942.349000,4942.359000,4937.985000,4939.425000,0
2026.02.03,16:02,4939.465000,4943.215000,4939.465000,4941.815000,0
2026.02.03,16:03,4941.805000,4948.495000,4940.455000,4948.345000,0
2026.02.03,16:04,4948.355000,4953.405000,4948.345000,4950.275000,0
2026.02.03,16:05,4950.245000,4951.485000,4946.375000,4946.425000,0
2026.02.03,16:06,4946.425000,4950.969000,4945.225000,4950.675000,0
2026.02.03,16:07,4950.675000,4953.735000,4950.675000,4952.605000,0
2026.02.03,16:08,4952.589000,4952.805000,4947.325000,4947.869000,0
2026.02.03,16:09,4947.919000,4949.675000,4947.005000,4947.885000,0
2026.02.03,16:10,4947.875000,4952.055000,4947.105000,4949.939000,0
2026.02.03,16:11,4949.969000,4963.505000,4949.435000,4962.895000,0
2026.02.03,16:12,4962.865000,4963.965000,4958.185000,4958.275000,0
2026.02.03,16:13,4958.269000,4958.455000,4956.195000,4956.955000,0
2026.02.03,16:14,4956.965000,4957.689000,4955.355000,4957.609000,0
2026.02.03,16:15,4957.609000,4958.179000,4955.005000,4956.205000,0
2026.02.03,16:16,4956.235000,4957.135000,4953.295000,4954.285000,0
2026.02.03,16:17,4953.665000,4953.665000,4952.228000,4952.725000,0
2026.02.03,16:18,4952.658000,4954.255000,4950.218000,4950.228000,0
2026.02.03,16:19,4950.165000,4950.165000,4944.525000,4944.525000,0
2026.02.03,16:20,4944.545000,4947.165000,4942.565000,4947.165000,0
2026.02.03,16:21,4947.148000,4951.875000,4946.718000,4951.095000,0
2026.02.03,16:22,4951.115000,4951.955000,4949.835000,4951.865000,0
2026.02.03,16:23,4952.255000,4952.295000,4950.205000,4950.845000,0
2026.02.03,16:24,4951.038000,4952.125000,4950.765000,4951.799000,0
2026.02.03,16:25,4951.799000,4952.745000,4950.915000,4951.445000,0
2026.02.03,16:26,4951.475000,4954.715000,4951.475000,4954.225000,0
2026.02.03,16:27,4954.265000,4955.055000,4952.505000,4953.155000,0
2026.02.03,16:28,4953.095000,4953.095000,4949.369000,4950.125000,0
2026.02.03,16:29,4950.025000,4952.665000,4949.225000,4950.525000,0
2026.02.03,16:30,4950.535000,4955.615000,4950.535000,4955.309000,0
2026.02.03,16:31,4955.635000,4955.675000,4953.039000,4953.515000,0
2026.02.03,16:32,4953.515000,4957.915000,4953.515000,4953.985000,0
2026.02.03,16:33,4954.005000,4956.105000,4953.245000,4954.115000,0
2026.02.03,16:34,4954.155000,4954.155000,4951.185000,4951.735000,0
2026.02.03,16:35,4951.745000,4954.095000,4951.275000,4952.035000,0
2026.02.03,16:36,4952.055000,4953.105000,4948.725000,4951.285000,0
2026.02.03,16:37,4951.845000,4953.275000,4951.805000,4952.885000,0
2026.02.03,16:38,4952.909000,4953.215000,4950.845000,4951.355000,0
2026.02.03,16:39,4951.305000,4951.785000,4944.575000,4944.795000,0
2026.02.03,16:40,4944.775000,4944.965000,4935.795000,4936.785000,0
2026.02.03,16:41,4936.725000,4942.155000,4936.008000,4941.129000,0
2026.02.03,16:42,4941.139000,4942.649000,4935.265000,4935.735000,0
2026.02.03,16:43,4935.685000,4941.008000,4935.265000,4940.975000,0
2026.02.03,16:44,4940.955000,4941.325000,4938.225000,4939.845000,0
2026.02.03,16:45,4939.825000,4939.825000,4936.598000,4937.445000,0
2026.02.03,16:46,4937.448000,4940.935000,4935.765000,4935.978000,0
2026.02.03,16:47,4935.988000,4936.815000,4934.698000,4936.555000,0
2026.02.03,16:48,4936.535000,4938.755000,4934.618000,4938.475000,0
2026.02.03,16:49,4938.435000,4939.465000,4936.305000,4938.448000,0
2026.02.03,16:50,4938.645000,4938.985000,4933.328000,4934.105000,0
2026.02.03,16:51,4933.525000,4936.195000,4933.505000,4936.115000,0
2026.02.03,16:52,4936.125000,4937.805000,4935.385000,4937.699000,0
2026.02.03,16:53,4937.749000,4944.895000,4936.805000,4944.749000,0
2026.02.03,16:54,4944.715000,4944.715000,4942.165000,4943.315000,0
2026.02.03,16:55,4943.335000,4944.285000,4940.188000,4943.095000,0
2026.02.03,16:56,4943.135000,4943.715000,4941.585000,4943.065000,0
2026.02.03,16:57,4943.095000,4946.825000,4943.095000,4945.959000,0
2026.02.03,16:58,4945.899000,4948.315000,4945.085000,4946.345000,0
2026.02.03,16:59,4946.385000,4946.695000,4944.665000,4944.665000,0
2026.02.03,18:00,4940.908000,4965.698000,4940.908000,4963.398000,0
2026.02.03,18:01,4962.199000,4963.298000,4955.798000,4960.098000,0
2026.02.03,18:02,4960.198000,4971.098000,4958.448000,4970.798000,0
2026.02.03,18:03,4970.798000,4970.798000,4958.898000,4961.998000,0
2026.02.03,18:04,4961.998000,4961.998000,4946.368000,4955.898000,0
2026.02.03,18:05,4956.098000,4956.198000,4943.729000,4947.348000,0
2026.02.03,18:06,4946.948000,4949.698000,4943.498000,4946.798000,0
2026.02.03,18:07,4946.529000,4946.659000,4904.069000,4909.498000,0
2026.02.03,18:08,4905.499000,4923.848000,4905.499000,4916.198000,0
2026.02.03,18:09,4916.098000,4928.198000,4912.248000,4924.698000,0
2026.02.03,18:10,4924.698000,4933.445000,4924.098000,4929.865000,0
2026.02.03,18:11,4930.055000,4930.185000,4923.098000,4928.145000,0
2026.02.03,18:12,4928.135000,4935.585000,4927.185000,4931.755000,0
2026.02.03,18:13,4931.755000,4935.125000,4928.015000,4929.485000,0
2026.02.03,18:14,4929.515000,4932.065000,4927.445000,4932.015000,0
2026.02.03,18:15,4931.535000,4941.785000,4931.535000,4935.635000,0
2026.02.03,18:16,4935.505000,4941.535000,4934.765000,4936.365000,0
2026.02.03,18:17,4936.355000,4941.175000,4934.875000,4935.585000,0
2026.02.03,18:18,4934.285000,4941.915000,4932.445000,4940.585000,0
2026.02.03,18:19,4940.585000,4944.325000,4928.075000,4933.655000,0
2026.02.03,18:20,4934.565000,4934.605000,4926.765000,4926.765000,0
2026.02.03,18:21,4927.055000,4934.465000,4927.055000,4931.915000,0
2026.02.03,18:22,4931.685000,4939.525000,4931.645000,4938.815000,0
2026.02.03,18:23,4938.875000,4938.945000,4933.965000,4937.555000,0
2026.02.03,18:24,4937.525000,4938.445000,4926.765000,4934.585000,0
2026.02.03,18:25,4934.575000,4939.675000,4933.515000,4936.725000,0
2026.02.03,18:26,4936.575000,4939.245000,4933.125000,4934.015000,0
2026.02.03,18:27,4934.015000,4934.035000,4928.515000,4930.685000,0
2026.02.03,18:28,4930.665000,4931.315000,4926.865000,4930.915000,0
2026.02.03,18:29,4930.755000,4931.035000,4919.265000,4922.585000,0
2026.02.03,18:30,4922.675000,4935.778000,4919.515000,4935.125000,0
2026.02.03,18:31,4935.148000,4939.875000,4933.355000,4935.045000,0
2026.02.03,18:32,4934.975000,4935.045000,4930.945000,4931.685000,0
2026.02.03,18:33,4931.655000,4931.655000,4926.775000,4928.015000,0
2026.02.03,18:34,4928.045000,4928.985000,4926.375000,4928.855000,0
2026.02.03,18:35,4928.735000,4932.715000,4928.589000,4930.665000,0
2026.02.03,18:36,4930.665000,4933.025000,4929.705000,4932.255000,0
2026.02.03,18:37,4932.205000,4932.725000,4928.905000,4930.905000,0
2026.02.03,18:38,4931.615000,4938.315000,4930.075000,4936.225000,0
2026.02.03,18:39,4936.245000,4941.935000,4935.158000,4941.935000,0
2026.02.03,18:40,4942.745000,4945.475000,4938.425000,4943.005000,0
2026.02.03,18:41,4943.085000,4946.325000,4941.535000,4945.125000,0
2026.02.03,18:42,4945.095000,4949.785000,4945.095000,4949.785000,0
2026.02.03,18:43,4949.775000,4949.875000,4945.105000,4947.805000,0
2026.02.03,18:44,4947.785000,4949.275000,4946.345000,4947.985000,0
2026.02.03,18:45,4947.955000,4951.535000,4947.925000,4950.245000,0
2026.02.03,18:46,4950.195000,4954.765000,4946.575000,4946.575000,0
2026.02.03,18:47,4946.525000,4948.685000,4942.125000,4946.755000,0
2026.02.03,18:48,4946.765000,4949.995000,4944.595000,4948.535000,0
2026.02.03,18:49,4948.535000,4948.535000,4940.825000,4940.895000,0
2026.02.03,18:50,4941.015000,4943.175000,4940.355000,4943.135000,0
2026.02.03,18:51,4943.365000,4945.695000,4943.065000,4945.245000,0
2026.02.03,18:52,4945.285000,4953.275000,4945.205000,4953.185000,0
2026.02.03,18:53,4953.185000,4953.955000,4945.665000,4946.268000,0
2026.02.03,18:54,4946.665000,4948.335000,4938.965000,4942.905000,0
2026.02.03,18:55,4942.955000,4948.675000,4942.465000,4946.375000,0
2026.02.03,18:56,4946.425000,4951.505000,4945.705000,4948.745000,0
2026.02.03,18:57,4948.775000,4949.615000,4946.605000,4947.075000,0
2026.02.03,18:58,4946.925000,4949.285000,4946.065000,4948.415000,0
2026.02.03,18:59,4948.425000,4948.495000,4945.715000,4946.875000,0
2026.02.03,19:00,4946.895000,4953.705000,4946.235000,4951.525000,0
2026.02.03,19:01,4951.605000,4951.935000,4945.725000,4949.175000,0
2026.02.03,19:02,4949.185000,4957.055000,4948.445000,4955.465000,0
2026.02.03,19:03,4955.485000,4958.295000,4952.925000,4955.665000,0
2026.02.03,19:04,4955.705000,4956.885000,4954.915000,4956.685000,0
2026.02.03,19:05,4956.715000,4960.895000,4956.595000,4957.715000,0
2026.02.03,19:06,4957.695000,4961.475000,4957.685000,4960.785000,0
2026.02.03,19:07,4960.755000,4962.925000,4959.375000,4960.075000,0
2026.02.03,19:08,4960.425000,4966.095000,4958.915000,4965.595000,0
2026.02.03,19:09,4965.555000,4968.855000,4964.838000,4968.815000,0
2026.02.03,19:10,4968.815000,4970.365000,4968.198000,4970.305000,0
2026.02.03,19:11,4970.315000,4970.415000,4965.425000,4965.875000,0
2026.02.03,19:12,4965.985000,4970.755000,4965.725000,4970.545000,0
2026.02.03,19:13,4970.525000,4981.835000,4970.525000,4981.645000,0
2026.02.03,19:14,4981.735000,4987.535000,4978.005000,4986.565000,0
2026.02.03,19:15,4986.585000,4994.048000,4986.585000,4987.945000,0
2026.02.03,19:16,4987.715000,4993.145000,4984.335000,4992.705000,0
2026.02.03,19:17,4992.705000,4996.495000,4987.725000,4993.705000,0
2026.02.03,19:18,4993.745000,4997.465000,4993.125000,4995.725000,0
2026.02.03,19:19,4995.665000,4995.665000,4991.375000,4994.235000,0
2026.02.03,19:20,4994.305000,4994.865000,4991.515000,4993.265000,0
2026.02.03,19:21,4993.265000,4998.415000,4991.805000,4997.125000,0
2026.02.03,19:22,4997.255000,4999.288000,4989.195000,4992.165000,0
2026.02.03,19:23,4991.945000,4995.525000,4988.535000,4992.355000,0
2026.02.03,19:24,4992.385000,4999.155000,4991.415000,4991.885000,0
2026.02.03,19:25,4991.915000,4992.615000,4987.858000,4989.125000,0
2026.02.03,19:26,4989.125000,4991.975000,4978.095000,4981.885000,0
2026.02.03,19:27,4982.125000,4985.055000,4979.015000,4979.848000,0
2026.02.03,19:28,4979.855000,4984.148000,4977.815000,4981.925000,0
2026.02.03,19:29,4981.845000,4983.278000,4977.548000,4980.778000,0
2026.02.03,19:30,4980.558000,4986.448000,4977.718000,4984.218000,0
2026.02.03,19:31,4984.218000,4984.898000,4977.925000,4978.128000,0
2026.02.03,19:32,4977.998000,4978.178000,4967.788000,4974.748000,0
2026.02.03,19:33,4974.848000,4979.848000,4974.328000,4977.448000,0
2026.02.03,19:34,4977.345000,4982.375000,4977.025000,4979.328000,0
2026.02.03,19:35,4979.485000,4986.018000,4979.365000,4980.605000,0
2026.02.03,19:36,4980.625000,4986.745000,4980.295000,4985.855000,0
2026.02.03,19:37,4985.885000,4993.805000,4985.005000,4992.685000,0
2026.02.03,19:38,4992.735000,4993.135000,4988.495000,4988.515000,0
2026.02.03,19:39,4988.535000,4990.748000,4981.905000,4982.595000,0
2026.02.03,19:40,4982.765000,4982.765000,4980.135000,4982.655000,0
2026.02.03,19:41,4982.665000,4985.425000,4981.225000,4981.395000,0
2026.02.03,19:42,4982.515000,4988.795000,4982.395000,4986.585000,0
2026.02.03,19:43,4986.555000,4989.235000,4985.395000,4988.015000,0
2026.02.03,19:44,4988.835000,4988.845000,4982.415000,4986.335000,0
2026.02.03,19:45,4986.335000,4990.755000,4986.315000,4986.745000,0
2026.02.03,19:46,4986.685000,4992.995000,4986.275000,4988.945000,0
2026.02.03,19:47,4988.965000,4998.985000,4988.585000,4998.605000,0
2026.02.03,19:48,4998.525000,4999.245000,4995.885000,4999.195000,0
2026.02.03,19:49,4999.155000,5003.655000,4998.695000,5002.715000,0
2026.02.03,19:50,5002.765000,5004.465000,4998.915000,5003.465000,0
2026.02.03,19:51,5003.515000,5003.685000,5000.465000,5001.575000,0
2026.02.03,19:52,5001.255000,5001.255000,4994.055000,4994.585000,0
2026.02.03,19:53,4994.515000,4999.075000,4993.335000,4996.855000,0
2026.02.03,19:54,4997.655000,5005.315000,4996.715000,5004.825000,0
2026.02.03,19:55,5004.855000,5014.175000,5004.845000,5012.295000,0
2026.02.03,19:56,5012.085000,5015.015000,5011.325000,5013.375000,0
2026.02.03,19:57,5013.365000,5015.868000,5012.195000,5014.325000,0
2026.02.03,19:58,5014.345000,5015.745000,5012.415000,5015.685000,0
2026.02.03,19:59,5015.705000,5015.808000,5011.645000,5015.425000,0
2026.02.03,20:00,5015.865000,5017.055000,4984.635000,5008.685000,0
2026.02.03,20:01,5008.815000,5015.785000,5006.285000,5008.115000,0
2026.02.03,20:02,5008.055000,5011.825000,5001.005000,5005.925000,0
2026.02.03,20:03,5005.945000,5015.655000,5005.925000,5012.835000,0
2026.02.03,20:04,5012.245000,5016.465000,5010.635000,5013.985000,0
2026.02.03,20:05,5014.015000,5015.998000,5012.498000,5014.315000,0
2026.02.03,20:06,5014.325000,5028.245000,5014.315000,5024.815000,0
2026.02.03,20:07,5024.795000,5038.475000,5022.675000,5035.955000,0
2026.02.03,20:08,5035.955000,5036.845000,5028.585000,5033.365000,0
2026.02.03,20:09,5033.265000,5039.365000,5030.635000,5030.825000,0
2026.02.03,20:10,5030.815000,5045.155000,5030.815000,5045.155000,0
2026.02.03,20:11,5046.625000,5048.225000,5040.285000,5040.895000,0
2026.02.03,20:12,5040.935000,5048.735000,5039.509000,5043.585000,0
2026.02.03,20:13,5043.555000,5047.025000,5035.135000,5046.695000,0
2026.02.03,20:14,5046.965000,5052.815000,5044.905000,5050.545000,0
2026.02.03,20:15,5050.535000,5052.745000,5044.475000,5045.095000,0
2026.02.03,20:16,5045.325000,5051.075000,5045.135000,5046.215000,0
2026.02.03,20:17,5046.245000,5051.185000,5043.785000,5049.245000,0
2026.02.03,20:18,5049.459000,5050.155000,5045.425000,5048.985000,0
2026.02.03,20:19,5048.955000,5052.865000,5045.855000,5046.375000,0
2026.02.03,20:20,5046.428000,5046.875000,5037.485000,5040.255000,0
2026.02.03,20:21,5040.235000,5040.975000,5033.285000,5038.235000,0
2026.02.03,20:22,5038.235000,5039.695000,5032.945000,5039.195000,0
2026.02.03,20:23,5039.165000,5052.135000,5038.245000,5050.515000,0
2026.02.03,20:24,5050.545000,5051.745000,5047.675000,5050.145000,0
2026.02.03,20:25,5050.135000,5050.135000,5040.655000,5041.995000,0
2026.02.03,20:26,5041.985000,5045.325000,5037.735000,5040.295000,0
2026.02.03,20:27,5040.315000,5042.915000,5037.365000,5042.335000,0
2026.02.03,20:28,5042.295000,5042.755000,5033.405000,5035.805000,0
2026.02.03,20:29,5035.825000,5038.415000,5030.765000,5036.565000,0
2026.02.03,20:30,5036.485000,5038.635000,5025.275000,5025.495000,0
2026.02.03,20:31,5025.579000,5030.635000,5024.065000,5030.635000,0
2026.02.03,20:32,5030.305000,5031.125000,5026.515000,5030.795000,0
2026.02.03,20:33,5030.435000,5034.035000,5027.728000,5030.365000,0
2026.02.03,20:34,5030.405000,5031.765000,5022.375000,5028.925000,0
2026.02.03,20:35,5029.098000,5035.005000,5027.745000,5028.225000,0
2026.02.03,20:36,5027.755000,5034.495000,5027.075000,5030.815000,0
2026.02.03,20:37,5030.105000,5030.145000,5017.565000,5017.635000,0
2026.02.03,20:38,5017.645000,5020.785000,5011.105000,5012.665000,0
2026.02.03,20:39,5012.635000,5019.775000,5010.145000,5019.415000,0
2026.02.03,20:40,5019.485000,5025.775000,5017.835000,5024.955000,0
2026.02.03,20:41,5024.855000,5032.945000,5024.855000,5030.805000,0
2026.02.03,20:42,5030.805000,5034.088000,5029.535000,5032.295000,0
2026.02.03,20:43,5032.295000,5037.115000,5029.765000,5037.115000,0
2026.02.03,20:44,5037.065000,5037.065000,5031.035000,5031.615000,0
2026.02.03,20:45,5031.855000,5034.755000,5027.735000,5034.755000,0
2026.02.03,20:46,5034.825000,5042.055000,5034.665000,5038.995000,0
2026.02.03,20:47,5039.035000,5041.125000,5038.165000,5040.545000,0
2026.02.03,20:48,5040.525000,5041.925000,5040.025000,5041.495000,0
2026.02.03,20:49,5041.998000,5048.975000,5041.698000,5047.255000,0
2026.02.03,20:50,5047.255000,5049.975000,5044.205000,5044.855000,0
2026.02.03,20:51,5044.888000,5047.545000,5041.035000,5041.195000,0
2026.02.03,20:52,5041.145000,5041.935000,5038.375000,5041.315000,0
2026.02.03,20:53,5041.335000,5043.365000,5039.455000,5041.255000,0
2026.02.03,20:54,5041.225000,5041.225000,5035.075000,5036.755000,0
2026.02.03,20:55,5036.765000,5044.855000,5035.015000,5042.845000,0
2026.02.03,20:56,5042.845000,5045.035000,5036.685000,5037.095000,0
2026.02.03,20:57,5037.065000,5039.835000,5036.755000,5039.145000,0
2026.02.03,20:58,5039.145000,5041.715000,5037.865000,5040.955000,0
2026.02.03,20:59,5041.525000,5046.855000,5041.525000,5046.125000,0
2026.02.03,21:00,5046.115000,5052.145000,5045.995000,5052.145000,0
2026.02.03,21:01,5052.225000,5052.255000,5049.825000,5049.975000,0
2026.02.03,21:02,5050.015000,5061.965000,5050.005000,5061.925000,0
2026.02.03,21:03,5061.905000,5063.335000,5059.025000,5059.425000,0
2026.02.03,21:04,5059.445000,5061.705000,5057.845000,5058.075000,0
2026.02.03,21:05,5058.025000,5058.695000,5054.799000,5057.165000,0
2026.02.03,21:06,5057.195000,5061.915000,5054.225000,5061.355000,0
2026.02.03,21:07,5061.475000,5064.355000,5060.515000,5064.335000,0
2026.02.03,21:08,5064.335000,5065.325000,5059.885000,5060.565000,0
2026.02.03,21:09,5060.485000,5062.665000,5059.855000,5061.335000,0
2026.02.03,21:10,5061.315000,5064.665000,5058.075000,5059.675000,0
2026.02.03,21:11,5059.645000,5063.625000,5058.875000,5060.145000,0
2026.02.03,21:12,5060.105000,5062.745000,5058.185000,5058.825000,0
2026.02.03,21:13,5058.785000,5059.438000,5055.595000,5056.405000,0
2026.02.03,21:14,5056.605000,5059.695000,5056.045000,5059.455000,0
2026.02.03,21:15,5059.485000,5064.275000,5059.199000,5061.395000,0
2026.02.03,21:16,5061.355000,5062.065000,5056.675000,5056.675000,0
2026.02.03,21:17,5056.705000,5060.545000,5055.105000,5060.235000,0
2026.02.03,21:18,5060.235000,5062.765000,5059.905000,5061.335000,0
2026.02.03,21:19,5061.315000,5063.555000,5059.795000,5060.875000,0
2026.02.03,21:20,5060.865000,5063.275000,5060.665000,5061.105000,0
2026.02.03,21:21,5061.115000,5062.785000,5060.235000,5061.475000,0
2026.02.03,21:22,5061.385000,5064.635000,5061.075000,5061.635000,0
2026.02.03,21:23,5061.695000,5061.705000,5054.615000,5057.365000,0
2026.02.03,21:24,5056.695000,5057.745000,5052.585000,5056.655000,0
2026.02.03,21:25,5056.665000,5061.385000,5055.375000,5060.985000,0
2026.02.03,21:26,5060.955000,5062.435000,5060.945000,5062.325000,0
2026.02.03,21:27,5062.355000,5062.725000,5057.435000,5058.505000,0
2026.02.03,21:28,5058.575000,5061.995000,5057.155000,5061.705000,0
2026.02.03,21:29,5061.745000,5062.205000,5054.888000,5057.355000,0
2026.02.03,21:30,5057.335000,5058.545000,5051.928000,5058.355000,0
2026.02.03,21:31,5058.385000,5058.575000,5048.365000,5049.355000,0
2026.02.03,21:32,5048.905000,5056.105000,5048.875000,5055.975000,0
2026.02.03,21:33,5055.885000,5056.455000,5047.875000,5048.405000,0
2026.02.03,21:34,5048.415000,5049.535000,5043.755000,5044.145000,0
2026.02.03,21:35,5043.995000,5050.625000,5043.535000,5048.635000,0
2026.02.03,21:36,5048.605000,5049.545000,5043.055000,5047.285000,0
2026.02.03,21:37,5047.755000,5049.895000,5043.335000,5043.455000,0
2026.02.03,21:38,5043.435000,5045.365000,5038.815000,5041.715000,0
2026.02.03,21:39,5041.705000,5045.405000,5040.528000,5043.345000,0
2026.02.03,21:40,5043.325000,5048.185000,5041.765000,5048.135000,0
2026.02.03,21:41,5048.155000,5050.275000,5046.215000,5047.635000,0
2026.02.03,21:42,5047.625000,5056.425000,5046.025000,5056.395000,0
2026.02.03,21:43,5056.405000,5061.755000,5056.085000,5060.875000,0
2026.02.03,21:44,5060.945000,5061.125000,5057.345000,5060.235000,0
2026.02.03,21:45,5060.255000,5060.685000,5057.095000,5060.355000,0
2026.02.03,21:46,5060.345000,5060.585000,5055.065000,5055.385000,0
2026.02.03,21:47,5055.435000,5056.475000,5051.005000,5052.165000,0
2026.02.03,21:48,5052.165000,5056.595000,5049.605000,5056.565000,0
2026.02.03,21:49,5056.915000,5060.095000,5056.305000,5059.328000,0
2026.02.03,21:50,5059.355000,5059.465000,5048.755000,5048.875000,0
2026.02.03,21:51,5049.165000,5053.725000,5047.795000,5048.595000,0
2026.02.03,21:52,5048.545000,5048.585000,5041.415000,5042.635000,0
2026.02.03,21:53,5042.655000,5042.655000,5036.305000,5040.845000,0
2026.02.03,21:54,5040.835000,5044.555000,5038.895000,5042.155000,0
2026.02.03,21:55,5042.225000,5044.035000,5036.045000,5040.435000,0
2026.02.03,21:56,5040.415000,5044.725000,5037.405000,5037.425000,0
2026.02.03,21:57,5037.435000,5042.385000,5035.085000,5041.295000,0
2026.02.03,21:58,5041.335000,5047.235000,5038.795000,5038.915000,0
2026.02.03,21:59,5039.295000,5044.455000,5039.055000,5039.645000,0
2026.02.03,22:00,5039.309000,5042.225000,5035.675000,5036.815000,0
2026.02.03,22:01,5036.825000,5042.945000,5036.415000,5040.255000,0
2026.02.03,22:02,5040.225000,5046.055000,5038.105000,5039.375000,0
2026.02.03,22:03,5039.335000,5046.695000,5038.915000,5044.975000,0
2026.02.03,22:04,5044.975000,5048.575000,5044.639000,5047.655000,0
2026.02.03,22:05,5047.685000,5052.269000,5047.505000,5048.625000,0
2026.02.03,22:06,5048.655000,5051.415000,5047.845000,5048.115000,0
2026.02.03,22:07,5048.155000,5048.545000,5041.415000,5042.585000,0
2026.02.03,22:08,5042.585000,5052.865000,5041.855000,5051.695000,0
2026.02.03,22:09,5051.715000,5052.775000,5044.629000,5048.525000,0
2026.02.03,22:10,5048.495000,5055.665000,5046.975000,5054.195000,0
2026.02.03,22:11,5054.235000,5055.625000,5051.945000,5055.625000,0
2026.02.03,22:12,5055.615000,5055.805000,5052.065000,5052.599000,0
2026.02.03,22:13,5052.605000,5054.519000,5050.125000,5050.779000,0
2026.02.03,22:14,5050.779000,5050.779000,5048.065000,5048.839000,0
2026.02.03,22:15,5048.499000,5052.525000,5048.115000,5051.415000,0
2026.02.03,22:16,5051.015000,5051.485000,5047.155000,5047.935000,0
2026.02.03,22:17,5047.035000,5048.555000,5042.555000,5042.935000,0
2026.02.03,22:18,5042.935000,5044.495000,5039.215000,5040.055000,0
2026.02.03,22:19,5040.015000,5046.415000,5038.995000,5045.435000,0
2026.02.03,22:20,5045.285000,5047.425000,5040.155000,5041.425000,0
2026.02.03,22:21,5041.395000,5043.115000,5038.505000,5041.775000,0
2026.02.03,22:22,5041.805000,5047.215000,5041.685000,5045.635000,0
2026.02.03,22:23,5045.605000,5047.855000,5042.825000,5044.235000,0
2026.02.03,22:24,5044.215000,5046.825000,5042.005000,5043.505000,0
2026.02.03,22:25,5043.535000,5047.955000,5039.915000,5047.745000,0
2026.02.03,22:26,5047.775000,5054.065000,5047.775000,5051.855000,0
2026.02.03,22:27,5051.835000,5054.345000,5051.789000,5053.515000,0
2026.02.03,22:28,5053.525000,5053.935000,5050.965000,5051.655000,0
2026.02.03,22:29,5051.595000,5053.845000,5051.325000,5052.145000,0
2026.02.03,22:30,5051.275000,5055.865000,5051.205000,5055.695000,0
2026.02.03,22:31,5055.535000,5056.885000,5051.395000,5055.715000,0
2026.02.03,22:32,5055.695000,5056.579000,5054.925000,5054.925000,0
2026.02.03,22:33,5054.855000,5056.525000,5054.125000,5055.439000,0
2026.02.03,22:34,5055.305000,5061.775000,5055.249000,5061.775000,0
2026.02.03,22:35,5061.785000,5067.725000,5061.185000,5066.875000,0
2026.02.03,22:36,5066.875000,5067.745000,5065.015000,5067.075000,0
2026.02.03,22:37,5067.065000,5067.855000,5064.655000,5065.315000,0
2026.02.03,22:38,5065.365000,5070.465000,5065.245000,5069.895000,0
2026.02.03,22:39,5069.895000,5070.795000,5068.755000,5069.955000,0
2026.02.03,22:40,5070.015000,5071.075000,5067.755000,5070.575000,0
2026.02.03,22:41,5070.535000,5071.605000,5069.485000,5070.665000,0
2026.02.03,22:42,5070.729000,5071.609000,5068.655000,5068.985000,0
2026.02.03,22:43,5068.985000,5069.135000,5065.885000,5066.065000,0
2026.02.03,22:44,5066.065000,5066.765000,5061.779000,5062.109000,0
2026.02.03,22:45,5062.099000,5064.095000,5061.725000,5063.485000,0
2026.02.03,22:46,5063.485000,5064.265000,5060.785000,5063.265000,0
2026.02.03,22:47,5063.265000,5066.535000,5063.265000,5066.005000,0
2026.02.03,22:48,5066.089000,5068.365000,5066.088000,5066.375000,0
2026.02.03,22:49,5066.355000,5066.549000,5063.825000,5064.205000,0
2026.02.03,22:50,5064.475000,5066.415000,5063.855000,5066.025000,0
2026.02.03,22:51,5066.025000,5070.235000,5065.905000,5069.095000,0
2026.02.03,22:52,5069.125000,5071.755000,5068.905000,5070.095000,0
2026.02.03,22:53,5070.055000,5073.085000,5069.965000,5072.595000,0
2026.02.03,22:54,5072.575000,5073.315000,5071.975000,5072.255000,0
2026.02.03,22:55,5072.225000,5072.655000,5068.985000,5070.645000,0
2026.02.03,22:56,5070.625000,5071.045000,5068.835000,5069.005000,0
2026.02.03,22:57,5069.015000,5070.345000,5068.809000,5069.265000,0
2026.02.03,22:58,5069.265000,5069.765000,5067.085000,5069.115000,0
2026.02.03,22:59,5069.145000,5070.655000,5067.755000,5069.805000,0
2026.02.03,23:00,5069.815000,5070.945000,5064.495000,5064.495000,0
2026.02.03,23:01,5064.435000,5067.315000,5064.435000,5066.385000,0
2026.02.03,23:02,5066.365000,5067.155000,5065.815000,5066.165000,0
2026.02.03,23:03,5066.139000,5066.505000,5064.705000,5066.115000,0
2026.02.03,23:04,5065.875000,5066.435000,5064.635000,5064.758000,0
2026.02.03,23:05,5065.035000,5065.545000,5062.345000,5064.345000,0
2026.02.03,23:06,5064.325000,5067.835000,5064.155000,5066.125000,0
2026.02.03,23:07,5066.155000,5068.285000,5066.155000,5067.715000,0
2026.02.03,23:08,5067.715000,5069.908000,5067.505000,5068.155000,0
2026.02.03,23:09,5068.135000,5068.235000,5063.898000,5063.975000,0
2026.02.03,23:10,5064.098000,5073.478000,5063.975000,5070.728000,0
2026.02.03,23:11,5070.758000,5072.165000,5070.115000,5071.785000,0
2026.02.03,23:12,5071.715000,5072.955000,5069.685000,5072.245000,0
2026.02.03,23:13,5072.265000,5073.228000,5071.835000,5071.895000,0
2026.02.03,23:14,5072.168000,5072.865000,5071.798000,5072.278000,0
2026.02.03,23:15,5072.288000,5073.578000,5070.878000,5071.408000,0
2026.02.03,23:16,5071.418000,5071.855000,5066.188000,5066.188000,0
2026.02.03,23:17,5066.188000,5066.778000,5066.188000,5066.398000,0
2026.02.03,23:18,5065.558000,5065.875000,5064.975000,5065.765000,0
2026.02.03,23:19,5065.765000,5067.225000,5065.765000,5067.135000,0
2026.02.03,23:20,5067.145000,5067.465000,5065.555000,5066.225000,0
2026.02.03,23:21,5066.225000,5067.385000,5065.755000,5066.365000,0
2026.02.03,23:22,5066.365000,5066.365000,5064.538000,5064.845000,0
2026.02.03,23:23,5064.835000,5066.255000,5063.985000,5064.015000,0
2026.02.03,23:24,5064.015000,5064.015000,5055.895000,5061.815000,0
2026.02.03,23:25,5061.955000,5064.035000,5058.345000,5063.265000,0
2026.02.03,23:26,5063.328000,5064.138000,5061.525000,5063.165000,0
2026.02.03,23:27,5063.015000,5064.628000,5059.828000,5060.755000,0
2026.02.03,23:28,5060.725000,5061.235000,5060.345000,5061.005000,0
2026.02.03,23:29,5061.015000,5063.535000,5060.665000,5061.515000,0
2026.02.03,23:30,5061.545000,5061.545000,5059.975000,5060.625000,0
2026.02.03,23:31,5060.515000,5065.975000,5060.485000,5065.855000,0
2026.02.03,23:32,5065.875000,5066.155000,5064.705000,5065.915000,0
2026.02.03,23:33,5065.935000,5067.895000,5065.885000,5066.895000,0
2026.02.03,23:34,5066.845000,5066.915000,5062.985000,5064.255000,0
2026.02.03,23:35,5064.255000,5069.575000,5063.845000,5068.995000,0
2026.02.03,23:36,5068.985000,5069.785000,5065.585000,5069.255000,0
2026.02.03,23:37,5069.255000,5069.305000,5067.585000,5067.785000,0
2026.02.03,23:38,5067.785000,5067.785000,5066.505000,5067.585000,0
2026.02.03,23:39,5067.565000,5072.185000,5067.535000,5071.245000,0
2026.02.03,23:40,5071.225000,5072.385000,5071.125000,5072.335000,0
2026.02.03,23:41,5072.315000,5072.715000,5071.978000,5072.375000,0
2026.02.03,23:42,5072.355000,5072.355000,5068.445000,5069.415000,0
2026.02.03,23:43,5069.415000,5070.085000,5068.945000,5069.685000,0
2026.02.03,23:44,5069.695000,5072.095000,5068.375000,5071.525000,0
2026.02.03,23:45,5071.495000,5073.145000,5070.905000,5072.805000,0
2026.02.03,23:46,5072.815000,5074.155000,5072.165000,5074.155000,0
2026.02.03,23:47,5074.125000,5076.615000,5074.055000,5074.855000,0
2026.02.03,23:48,5074.875000,5074.925000,5073.285000,5073.985000,0
2026.02.03,23:49,5074.075000,5076.525000,5074.055000,5076.375000,0
2026.02.03,23:50,5076.345000,5078.345000,5076.008000,5077.955000,0
2026.02.03,23:51,5077.785000,5079.485000,5076.955000,5077.225000,0
2026.02.03,23:52,5077.165000,5079.095000,5077.125000,5078.215000,0
2026.02.03,23:53,5078.405000,5078.425000,5076.905000,5077.575000,0
2026.02.03,23:54,5077.555000,5079.015000,5077.455000,5078.595000,0
2026.02.03,23:55,5078.585000,5078.585000,5076.895000,5077.145000,0
2026.02.03,23:56,5077.105000,5079.455000,5075.995000,5079.275000,0
2026.02.03,23:57,5079.245000,5080.505000,5078.905000,5080.085000,0
2026.02.03,23:58,5080.005000,5080.075000,5079.045000,5079.425000,0
2026.02.03,23:59,5079.335000,5081.225000,5078.535000,5080.195000,0
2026.02.04,00:00,5080.125000,5080.645000,5077.015000,5079.065000,0
2026.02.04,00:01,5079.055000,5079.065000,5077.698000,5077.885000,0
2026.02.04,00:02,5077.935000,5078.445000,5076.365000,5078.365000,0
2026.02.04,00:03,5078.385000,5078.635000,5077.695000,5078.485000,0
2026.02.04,00:04,5078.475000,5079.515000,5077.365000,5079.205000,0
2026.02.04,00:05,5079.245000,5082.355000,5079.205000,5079.995000,0
2026.02.04,00:06,5079.975000,5081.385000,5079.635000,5079.765000,0
2026.02.04,00:07,5079.635000,5080.895000,5078.565000,5078.925000,0
2026.02.04,00:08,5078.875000,5079.615000,5076.895000,5079.615000,0
2026.02.04,00:09,5079.645000,5082.925000,5079.045000,5082.755000,0
2026.02.04,00:10,5082.855000,5083.205000,5081.085000,5081.145000,0
2026.02.04,00:11,5081.055000,5081.795000,5080.865000,5081.735000,0
2026.02.04,00:12,5081.795000,5082.785000,5080.715000,5082.605000,0
2026.02.04,00:13,5082.585000,5082.725000,5081.655000,5082.035000,0
2026.02.04,00:14,5082.275000,5083.508000,5081.588000,5082.735000,0
2026.02.04,00:15,5082.735000,5083.625000,5082.575000,5083.205000,0
2026.02.04,00:16,5083.195000,5083.195000,5081.935000,5082.865000,0
2026.02.04,00:17,5082.845000,5083.995000,5082.235000,5083.955000,0
2026.02.04,00:18,5084.065000,5085.075000,5081.935000,5082.155000,0
2026.02.04,00:19,5082.115000,5082.805000,5080.195000,5081.245000,0
2026.02.04,00:20,5081.225000,5082.975000,5080.608000,5080.628000,0
2026.02.04,00:21,5080.985000,5081.915000,5079.645000,5079.765000,0
2026.02.04,00:22,5079.795000,5081.905000,5079.755000,5081.035000,0
2026.02.04,00:23,5081.095000,5081.215000,5080.245000,5080.805000,0
2026.02.04,00:24,5080.825000,5081.055000,5078.965000,5079.555000,0
2026.02.04,00:25,5079.585000,5080.935000,5078.775000,5080.485000,0
2026.02.04,00:26,5080.495000,5081.315000,5080.355000,5081.105000,0
2026.02.04,00:27,5081.175000,5081.205000,5079.415000,5079.498000,0
2026.02.04,00:28,5079.508000,5081.415000,5079.488000,5079.785000,0
2026.02.04,00:29,5079.845000,5079.875000,5078.508000,5079.875000,0
2026.02.04,00:30,5079.955000,5081.705000,5077.998000,5081.705000,0
2026.02.04,00:31,5081.079000,5084.755000,5078.415000,5079.105000,0
2026.02.04,00:32,5079.155000,5079.505000,5073.925000,5077.115000,0
2026.02.04,00:33,5077.095000,5077.218000,5073.468000,5075.858000,0
2026.02.04,00:34,5075.858000,5080.348000,5074.535000,5075.048000,0
2026.02.04,00:35,5075.168000,5077.695000,5070.478000,5071.208000,0
2026.02.04,00:36,5071.285000,5075.595000,5070.148000,5073.795000,0
2026.02.04,00:37,5073.825000,5074.795000,5068.855000,5072.465000,0
2026.02.04,00:38,5072.465000,5074.975000,5071.905000,5074.285000,0
2026.02.04,00:39,5074.305000,5077.315000,5074.055000,5076.955000,0
2026.02.04,00:40,5076.935000,5081.265000,5075.845000,5081.205000,0
2026.02.04,00:41,5081.195000,5085.745000,5079.795000,5084.855000,0
2026.02.04,00:42,5084.875000,5086.225000,5084.875000,5085.225000,0
2026.02.04,00:43,5085.225000,5086.355000,5083.788000,5084.325000,0
2026.02.04,00:44,5084.325000,5084.395000,5080.295000,5080.835000,0
2026.02.04,00:45,5081.965000,5085.775000,5081.265000,5085.505000,0
2026.02.04,00:46,5085.535000,5087.605000,5084.465000,5087.335000,0
2026.02.04,00:47,5087.365000,5088.615000,5087.065000,5088.355000,0
2026.02.04,00:48,5088.345000,5088.555000,5087.215000,5088.555000,0
2026.02.04,00:49,5088.535000,5089.095000,5088.095000,5088.525000,0
2026.02.04,00:50,5088.575000,5089.825000,5087.848000,5088.195000,0
2026.02.04,00:51,5088.385000,5090.145000,5087.555000,5088.825000,0
2026.02.04,00:52,5088.875000,5089.325000,5087.755000,5087.845000,0
2026.02.04,00:53,5087.835000,5087.835000,5084.495000,5084.955000,0
2026.02.04,00:54,5084.945000,5086.895000,5083.795000,5086.755000,0
2026.02.04,00:55,5086.755000,5087.085000,5080.605000,5080.605000,0
2026.02.04,00:56,5080.465000,5083.505000,5079.875000,5080.345000,0
2026.02.04,00:57,5080.225000,5082.135000,5078.195000,5078.315000,0
2026.02.04,00:58,5078.305000,5080.285000,5076.908000,5079.355000,0
2026.02.04,00:59,5079.375000,5080.075000,5077.815000,5079.155000,0
2026.02.04,01:00,5079.185000,5082.595000,5074.285000,5076.915000,0
2026.02.04,01:01,5076.895000,5082.525000,5076.505000,5081.545000,0
2026.02.04,01:02,5081.555000,5081.925000,5074.505000,5076.595000,0
2026.02.04,01:03,5076.585000,5080.635000,5076.275000,5076.655000,0
2026.02.04,01:04,5076.675000,5080.355000,5076.625000,5079.215000,0
2026.02.04,01:05,5079.215000,5079.375000,5074.275000,5074.715000,0
2026.02.04,01:06,5074.895000,5075.845000,5063.965000,5063.965000,0
2026.02.04,01:07,5064.195000,5068.275000,5060.495000,5062.735000,0
2026.02.04,01:08,5062.825000,5063.505000,5057.115000,5057.865000,0
2026.02.04,01:09,5057.845000,5063.915000,5055.565000,5063.915000,0
2026.02.04,01:10,5063.875000,5064.655000,5062.035000,5062.615000,0
2026.02.04,01:11,5062.645000,5063.905000,5059.295000,5059.425000,0
2026.02.04,01:12,5059.355000,5061.625000,5056.785000,5061.265000,0
2026.02.04,01:13,5061.275000,5063.115000,5061.205000,5061.945000,0
2026.02.04,01:14,5061.955000,5063.365000,5057.285000,5059.105000,0
2026.02.04,01:15,5059.305000,5059.535000,5050.745000,5052.935000,0
2026.02.04,01:16,5053.075000,5059.555000,5051.285000,5058.775000,0
2026.02.04,01:17,5058.775000,5062.035000,5057.925000,5058.295000,0
2026.02.04,01:18,5058.575000,5066.265000,5058.305000,5065.475000,0
2026.02.04,01:19,5065.495000,5067.965000,5064.555000,5065.255000,0
2026.02.04,01:20,5065.225000,5065.748000,5062.275000,5064.745000,0
2026.02.04,01:21,5064.795000,5065.015000,5059.598000,5060.435000,0
2026.02.04,01:22,5060.425000,5060.805000,5054.845000,5056.355000,0
2026.02.04,01:23,5056.315000,5059.655000,5053.605000,5057.435000,0
2026.02.04,01:24,5057.465000,5059.235000,5055.595000,5057.125000,0
2026.02.04,01:25,5057.195000,5060.855000,5056.165000,5057.925000,0
2026.02.04,01:26,5057.915000,5059.055000,5054.185000,5054.555000,0
2026.02.04,01:27,5054.585000,5056.685000,5052.678000,5056.655000,0
2026.02.04,01:28,5056.855000,5059.025000,5055.065000,5056.505000,0
2026.02.04,01:29,5056.475000,5057.305000,5053.985000,5054.155000,0
2026.02.04,01:30,5054.175000,5059.685000,5053.445000,5056.345000,0
2026.02.04,01:31,5056.345000,5060.965000,5054.005000,5058.625000,0
2026.02.04,01:32,5058.645000,5060.985000,5057.725000,5059.825000,0
2026.02.04,01:33,5059.765000,5063.395000,5058.335000,5059.745000,0
2026.02.04,01:34,5059.055000,5061.725000,5058.855000,5060.425000,0
2026.02.04,01:35,5060.648000,5063.655000,5060.205000,5062.385000,0
2026.02.04,01:36,5062.425000,5063.675000,5060.598000,5061.255000,0
2026.02.04,01:37,5061.285000,5065.625000,5061.065000,5065.625000,0
2026.02.04,01:38,5065.605000,5067.105000,5062.655000,5065.975000,0
2026.02.04,01:39,5066.035000,5067.425000,5064.415000,5065.495000,0
2026.02.04,01:40,5065.525000,5065.745000,5063.185000,5063.675000,0
2026.02.04,01:41,5063.665000,5065.908000,5063.665000,5065.375000,0
2026.02.04,01:42,5065.345000,5065.825000,5064.175000,5064.845000,0
2026.02.04,01:43,5064.895000,5068.385000,5063.875000,5064.335000,0
2026.02.04,01:44,5064.415000,5070.245000,5063.245000,5070.125000,0
2026.02.04,01:45,5070.045000,5071.035000,5067.095000,5070.115000,0
2026.02.04,01:46,5070.105000,5071.015000,5068.295000,5070.455000,0
2026.02.04,01:47,5070.425000,5079.595000,5070.335000,5077.705000,0
2026.02.04,01:48,5077.745000,5078.995000,5074.475000,5076.245000,0
2026.02.04,01:49,5076.115000,5077.845000,5074.675000,5075.185000,0
2026.02.04,01:50,5075.245000,5078.265000,5075.075000,5075.685000,0
2026.02.04,01:51,5075.675000,5076.355000,5074.725000,5074.775000,0
2026.02.04,01:52,5074.775000,5075.925000,5073.855000,5073.865000,0
2026.02.04,01:53,5073.925000,5077.425000,5073.195000,5077.395000,0
2026.02.04,01:54,5077.395000,5078.375000,5071.815000,5073.675000,0
2026.02.04,01:55,5073.675000,5076.695000,5073.275000,5076.255000,0
2026.02.04,01:56,5076.215000,5077.905000,5075.085000,5075.355000,0
2026.02.04,01:57,5075.325000,5075.585000,5073.245000,5075.035000,0
2026.02.04,01:58,5075.035000,5076.675000,5073.645000,5075.725000,0
2026.02.04,01:59,5075.665000,5076.865000,5075.225000,5076.275000,0
2026.02.04,02:00,5076.265000,5082.345000,5076.265000,5077.945000,0
2026.02.04,02:01,5077.955000,5078.015000,5069.415000,5070.165000,0
2026.02.04,02:02,5070.185000,5072.535000,5068.635000,5071.535000,0
2026.02.04,02:03,5071.535000,5071.645000,5067.445000,5067.495000,0
2026.02.04,02:04,5067.495000,5070.425000,5065.615000,5070.165000,0
2026.02.04,02:05,5070.145000,5070.595000,5066.385000,5068.935000,0
2026.02.04,02:06,5068.945000,5069.415000,5063.915000,5066.495000,0
2026.02.04,02:07,5066.525000,5068.968000,5066.165000,5068.125000,0
2026.02.04,02:08,5068.105000,5068.335000,5065.215000,5065.265000,0
2026.02.04,02:09,5065.255000,5067.835000,5064.348000,5064.625000,0
2026.02.04,02:10,5064.625000,5065.305000,5064.025000,5064.615000,0
2026.02.04,02:11,5064.615000,5066.635000,5064.615000,5065.725000,0
2026.02.04,02:12,5065.695000,5067.715000,5065.158000,5066.215000,0
2026.02.04,02:13,5066.195000,5066.925000,5063.855000,5066.385000,0
2026.02.04,02:14,5066.415000,5066.725000,5062.775000,5062.865000,0
2026.02.04,02:15,5062.885000,5065.875000,5061.785000,5065.765000,0
2026.02.04,02:16,5065.735000,5068.465000,5065.315000,5067.745000,0
2026.02.04,02:17,5067.838000,5068.085000,5065.145000,5065.305000,0
2026.02.04,02:18,5065.305000,5066.545000,5064.535000,5065.625000,0
2026.02.04,02:19,5066.105000,5068.135000,5065.265000,5068.075000,0
2026.02.04,02:20,5068.055000,5070.235000,5068.005000,5070.155000,0
2026.02.04,02:21,5070.135000,5074.225000,5069.525000,5074.225000,0
2026.02.04,02:22,5074.265000,5076.715000,5074.265000,5076.665000,0
2026.02.04,02:23,5076.705000,5077.245000,5075.765000,5077.115000,0
2026.02.04,02:24,5077.015000,5081.245000,5076.845000,5081.115000,0
2026.02.04,02:25,5081.105000,5083.295000,5079.645000,5082.115000,0
2026.02.04,02:26,5082.085000,5086.785000,5081.835000,5086.295000,0
2026.02.04,02:27,5086.335000,5086.915000,5085.075000,5085.245000,0
2026.02.04,02:28,5085.215000,5087.165000,5083.595000,5087.145000,0
2026.02.04,02:29,5087.415000,5089.105000,5086.985000,5088.935000,0
2026.02.04,02:30,5088.919000,5090.095000,5086.085000,5087.945000,0
2026.02.04,02:31,5087.865000,5089.975000,5086.855000,5088.955000,0
2026.02.04,02:32,5088.965000,5089.735000,5085.415000,5085.435000,0
2026.02.04,02:33,5085.475000,5085.905000,5081.605000,5081.725000,0
2026.02.04,02:34,5081.689000,5081.965000,5073.098000,5073.195000,0
2026.02.04,02:35,5073.205000,5074.108000,5069.115000,5070.258000,0
2026.02.04,02:36,5070.268000,5073.515000,5066.625000,5071.428000,0
2026.02.04,02:37,5071.438000,5071.908000,5068.115000,5071.619000,0
2026.02.04,02:38,5071.559000,5072.268000,5068.025000,5070.945000,0
2026.02.04,02:39,5070.745000,5072.855000,5070.115000,5071.209000,0
2026.02.04,02:40,5071.265000,5076.225000,5071.265000,5075.775000,0
2026.02.04,02:41,5075.805000,5077.655000,5075.795000,5076.145000,0
2026.02.04,02:42,5076.155000,5080.998000,5075.898000,5080.359000,0
2026.02.04,02:43,5080.359000,5081.318000,5078.429000,5078.895000,0
2026.02.04,02:44,5078.885000,5080.485000,5078.885000,5080.475000,0
2026.02.04,02:45,5080.365000,5083.245000,5080.005000,5083.245000,0
2026.02.04,02:46,5083.265000,5083.835000,5082.045000,5082.915000,0
2026.02.04,02:47,5082.935000,5086.895000,5081.895000,5086.295000,0
2026.02.04,02:48,5086.365000,5086.665000,5085.095000,5085.215000,0
2026.02.04,02:49,5085.235000,5085.395000,5082.875000,5082.925000,0
2026.02.04,02:50,5082.945000,5082.945000,5080.275000,5081.585000,0
2026.02.04,02:51,5081.665000,5082.618000,5080.205000,5082.618000,0
2026.02.04,02:52,5082.785000,5086.635000,5082.415000,5086.505000,0
2026.02.04,02:53,5086.525000,5089.948000,5085.895000,5089.845000,0
2026.02.04,02:54,5089.835000,5090.545000,5086.685000,5089.205000,0
2026.02.04,02:55,5089.275000,5090.475000,5088.779000,5090.075000,0
2026.02.04,02:56,5090.075000,5091.115000,5089.465000,5089.985000,0
2026.02.04,02:57,5089.965000,5090.895000,5087.095000,5087.765000,0
2026.02.04,02:58,5087.585000,5089.705000,5086.405000,5088.325000,0
2026.02.04,02:59,5087.925000,5087.935000,5084.108000,5084.298000,0
2026.02.04,03:00,5084.298000,5090.865000,5083.635000,5090.765000,0
2026.02.04,03:01,5090.835000,5091.395000,5087.648000,5088.469000,0
2026.02.04,03:02,5088.479000,5088.529000,5084.859000,5084.859000,0
2026.02.04,03:03,5084.939000,5085.009000,5080.048000,5080.348000,0
2026.02.04,03:04,5080.225000,5080.949000,5074.318000,5079.219000,0
2026.02.04,03:05,5079.219000,5079.859000,5077.948000,5079.709000,0
2026.02.04,03:06,5079.729000,5080.488000,5077.298000,5078.168000,0
2026.02.04,03:07,5078.155000,5081.528000,5077.008000,5081.528000,0
2026.02.04,03:08,5081.478000,5088.285000,5081.478000,5086.665000,0
2026.02.04,03:09,5086.685000,5087.095000,5084.855000,5085.585000,0
2026.02.04,03:10,5085.605000,5086.395000,5082.905000,5084.085000,0
2026.02.04,03:11,5084.085000,5084.245000,5079.705000,5080.365000,0
2026.02.04,03:12,5080.795000,5083.275000,5079.935000,5082.895000,0
2026.02.04,03:13,5082.879000,5084.105000,5079.135000,5079.145000,0
2026.02.04,03:14,5079.165000,5079.525000,5076.005000,5077.115000,0
2026.02.04,03:15,5077.165000,5082.375000,5076.405000,5082.245000,0
2026.02.04,03:16,5082.225000,5083.045000,5080.365000,5082.715000,0
2026.02.04,03:17,5082.735000,5085.615000,5082.735000,5085.455000,0
2026.02.04,03:18,5085.485000,5085.485000,5081.775000,5084.935000,0
2026.02.04,03:19,5085.155000,5086.765000,5084.638000,5086.599000,0
2026.02.04,03:20,5086.609000,5087.155000,5084.735000,5084.995000,0
2026.02.04,03:21,5085.025000,5085.045000,5080.539000,5082.435000,0
2026.02.04,03:22,5082.485000,5085.915000,5082.149000,5085.639000,0
2026.02.04,03:23,5085.639000,5085.709000,5083.595000,5083.835000,0
2026.02.04,03:24,5083.565000,5085.309000,5082.155000,5082.245000,0
2026.02.04,03:25,5082.245000,5084.585000,5082.245000,5083.165000,0
2026.02.04,03:26,5083.155000,5084.015000,5081.325000,5081.425000,0
2026.02.04,03:27,5081.475000,5084.355000,5081.405000,5083.435000,0
2026.02.04,03:28,5083.385000,5085.595000,5083.385000,5084.675000,0
2026.02.04,03:29,5084.685000,5085.025000,5083.745000,5083.875000,0
2026.02.04,03:30,5083.945000,5085.025000,5074.255000,5074.855000,0
2026.02.04,03:31,5074.865000,5080.585000,5073.765000,5076.305000,0
2026.02.04,03:32,5076.348000,5076.348000,5072.535000,5072.848000,0
2026.02.04,03:33,5072.848000,5073.748000,5071.248000,5073.748000,0
2026.02.04,03:34,5073.719000,5074.079000,5071.775000,5072.449000,0
2026.02.04,03:35,5072.499000,5073.348000,5069.038000,5072.265000,0
2026.02.04,03:36,5072.438000,5073.725000,5070.655000,5071.305000,0
2026.02.04,03:37,5070.815000,5072.035000,5068.475000,5070.705000,0
2026.02.04,03:38,5070.955000,5075.775000,5070.955000,5074.915000,0
2026.02.04,03:39,5075.029000,5078.328000,5074.505000,5078.328000,0
2026.02.04,03:40,5078.335000,5079.145000,5077.065000,5078.019000,0
2026.02.04,03:41,5078.009000,5079.285000,5077.275000,5077.879000,0
2026.02.04,03:42,5077.899000,5080.488000,5077.775000,5079.835000,0
2026.02.04,03:43,5079.825000,5081.435000,5079.155000,5079.325000,0
2026.02.04,03:44,5079.465000,5079.545000,5078.425000,5079.045000,0
2026.02.04,03:45,5079.055000,5079.225000,5077.285000,5077.285000,0
2026.02.04,03:46,5077.315000,5077.835000,5076.945000,5077.185000,0
2026.02.04,03:47,5077.185000,5077.185000,5073.825000,5074.115000,0
2026.02.04,03:48,5074.125000,5076.315000,5072.845000,5075.755000,0
2026.02.04,03:49,5075.575000,5080.605000,5074.795000,5080.605000,0
2026.02.04,03:50,5080.445000,5082.685000,5079.735000,5080.119000,0
2026.02.04,03:51,5080.119000,5080.398000,5076.765000,5077.329000,0
2026.02.04,03:52,5077.329000,5077.499000,5073.358000,5073.499000,0
2026.02.04,03:53,5073.419000,5076.098000,5070.898000,5075.629000,0
2026.02.04,03:54,5075.789000,5077.909000,5075.098000,5077.909000,0
2026.02.04,03:55,5077.909000,5079.229000,5076.538000,5077.638000,0
2026.02.04,03:56,5078.205000,5080.598000,5076.585000,5080.279000,0
2026.02.04,03:57,5080.279000,5084.549000,5079.698000,5084.549000,0
2026.02.04,03:58,5084.559000,5084.669000,5083.258000,5084.129000,0
2026.02.04,03:59,5084.129000,5084.129000,5082.145000,5083.138000,0
2026.02.04,04:00,5083.148000,5086.445000,5082.058000,5084.155000,0
2026.02.04,04:01,5084.158000,5084.158000,5075.165000,5081.798000,0
2026.02.04,04:02,5081.798000,5082.775000,5080.808000,5080.988000,0
2026.02.04,04:03,5080.788000,5082.515000,5080.018000,5081.758000,0
2026.02.04,04:04,5081.758000,5083.138000,5080.975000,5081.095000,0
2026.02.04,04:05,5081.135000,5082.535000,5079.715000,5079.978000,0
2026.02.04,04:06,5079.978000,5081.328000,5077.908000,5079.288000,0
2026.02.04,04:07,5079.288000,5079.288000,5076.848000,5077.325000,0
2026.02.04,04:08,5077.315000,5078.718000,5074.015000,5075.238000,0
2026.02.04,04:09,5075.258000,5075.718000,5073.728000,5074.958000,0
2026.02.04,04:10,5074.998000,5075.208000,5072.798000,5072.898000,0
2026.02.04,04:11,5072.898000,5074.858000,5072.675000,5073.015000,0
2026.02.04,04:12,5073.015000,5073.388000,5070.185000,5070.215000,0
2026.02.04,04:13,5069.785000,5072.035000,5067.995000,5070.595000,0
2026.02.04,04:14,5070.585000,5070.665000,5067.508000,5068.829000,0
2026.02.04,04:15,5068.829000,5068.829000,5062.468000,5062.618000,0
2026.02.04,04:16,5062.618000,5064.975000,5059.078000,5064.698000,0
2026.02.04,04:17,5064.698000,5067.198000,5061.895000,5064.525000,0
2026.02.04,04:18,5064.515000,5067.325000,5061.805000,5062.405000,0
2026.02.04,04:19,5062.405000,5063.155000,5058.985000,5061.875000,0
2026.02.04,04:20,5061.735000,5064.958000,5060.415000,5064.818000,0
2026.02.04,04:21,5064.798000,5065.408000,5062.268000,5062.629000,0
2026.02.04,04:22,5062.258000,5062.258000,5057.625000,5060.048000,0
2026.02.04,04:23,5060.309000,5060.339000,5052.675000,5059.098000,0
2026.02.04,04:24,5059.118000,5064.168000,5058.855000,5064.099000,0
2026.02.04,04:25,5064.229000,5064.819000,5061.948000,5064.619000,0
2026.02.04,04:26,5064.599000,5064.669000,5059.895000,5060.455000,0
2026.02.04,04:27,5060.475000,5060.475000,5058.655000,5058.975000,0
2026.02.04,04:28,5059.055000,5060.325000,5056.695000,5059.715000,0
2026.02.04,04:29,5059.769000,5059.895000,5055.055000,5056.475000,0
2026.02.04,04:30,5056.545000,5056.959000,5053.025000,5053.195000,0
2026.02.04,04:31,5053.175000,5054.375000,5052.225000,5052.535000,0
2026.02.04,04:32,5052.575000,5053.105000,5042.655000,5049.585000,0
2026.02.04,04:33,5049.545000,5051.055000,5045.965000,5050.465000,0
2026.02.04,04:34,5049.655000,5055.545000,5049.165000,5050.385000,0
2026.02.04,04:35,5050.365000,5056.135000,5050.325000,5054.515000,0
2026.02.04,04:36,5054.515000,5057.745000,5054.425000,5056.065000,0
2026.02.04,04:37,5055.965000,5055.965000,5052.175000,5055.465000,0
2026.02.04,04:38,5055.375000,5059.025000,5054.275000,5058.805000,0
2026.02.04,04:39,5058.795000,5059.235000,5057.215000,5057.915000,0
2026.02.04,04:40,5057.838000,5060.705000,5057.235000,5057.785000,0
2026.02.04,04:41,5057.795000,5061.045000,5056.895000,5060.725000,0
2026.02.04,04:42,5060.805000,5062.725000,5059.855000,5061.289000,0
2026.02.04,04:43,5061.415000,5065.745000,5061.145000,5063.305000,0
2026.02.04,04:44,5063.398000,5063.398000,5055.985000,5057.025000,0
2026.02.04,04:45,5056.975000,5058.625000,5056.125000,5057.515000,0
2026.02.04,04:46,5057.855000,5058.065000,5051.955000,5052.845000,0
2026.02.04,04:47,5052.725000,5053.115000,5050.815000,5050.875000,0
2026.02.04,04:48,5050.875000,5052.595000,5046.975000,5048.575000,0
2026.02.04,04:49,5048.635000,5055.265000,5048.635000,5055.075000,0
2026.02.04,04:50,5055.085000,5059.805000,5055.085000,5059.095000,0
2026.02.04,04:51,5059.295000,5063.979000,5057.495000,5057.755000,0
2026.02.04,04:52,5057.695000,5062.389000,5056.095000,5060.495000,0
2026.02.04,04:53,5060.585000,5061.965000,5059.935000,5060.495000,0
2026.02.04,04:54,5060.465000,5061.595000,5060.045000,5061.185000,0
2026.02.04,04:55,5060.965000,5061.605000,5060.085000,5060.365000,0
2026.02.04,04:56,5060.365000,5060.795000,5058.385000,5058.985000,0
2026.02.04,04:57,5058.925000,5060.435000,5057.835000,5060.435000,0
2026.02.04,04:58,5060.415000,5060.435000,5057.925000,5059.745000,0
2026.02.04,04:59,5059.705000,5060.495000,5059.298000,5059.835000,0
2026.02.04,05:00,5059.855000,5064.005000,5059.855000,5062.205000,0
2026.02.04,05:01,5062.205000,5064.068000,5060.105000,5060.565000,0
2026.02.04,05:02,5060.555000,5060.755000,5052.805000,5053.055000,0
2026.02.04,05:03,5053.065000,5053.895000,5051.065000,5052.155000,0
2026.02.04,05:04,5052.205000,5054.425000,5051.075000,5051.195000,0
2026.02.04,05:05,5051.235000,5053.785000,5050.558000,5051.955000,0
2026.02.04,05:06,5051.975000,5053.835000,5047.815000,5049.795000,0
2026.02.04,05:07,5049.765000,5052.975000,5048.735000,5050.475000,0
2026.02.04,05:08,5050.145000,5052.045000,5049.555000,5051.135000,0
2026.02.04,05:09,5051.215000,5053.845000,5050.005000,5052.885000,0
2026.02.04,05:10,5052.885000,5056.055000,5051.885000,5054.595000,0
2026.02.04,05:11,5054.595000,5056.575000,5053.415000,5054.595000,0
2026.02.04,05:12,5054.595000,5056.525000,5053.285000,5055.105000,0
2026.02.04,05:13,5055.115000,5057.675000,5053.135000,5053.485000,0
2026.02.04,05:14,5053.575000,5054.925000,5052.605000,5053.535000,0
2026.02.04,05:15,5053.515000,5055.475000,5049.825000,5054.975000,0
2026.02.04,05:16,5055.055000,5056.325000,5052.585000,5054.595000,0
2026.02.04,05:17,5054.625000,5054.955000,5048.555000,5049.105000,0
2026.02.04,05:18,5049.075000,5052.005000,5047.095000,5051.015000,0
2026.02.04,05:19,5051.015000,5052.995000,5050.765000,5050.905000,0
2026.02.04,05:20,5050.915000,5051.035000,5048.275000,5049.285000,0
2026.02.04,05:21,5049.345000,5054.865000,5049.335000,5053.575000,0
2026.02.04,05:22,5053.605000,5055.435000,5052.845000,5053.145000,0
2026.02.04,05:23,5053.165000,5053.335000,5048.245000,5048.425000,0
2026.02.04,05:24,5048.118000,5048.118000,5042.185000,5042.345000,0
2026.02.04,05:25,5042.375000,5046.255000,5042.375000,5045.515000,0
2026.02.04,05:26,5045.525000,5046.965000,5043.725000,5046.965000,0
2026.02.04,05:27,5047.005000,5047.705000,5044.085000,5044.455000,0
2026.02.04,05:28,5044.985000,5045.025000,5041.595000,5044.559000,0
2026.02.04,05:29,5044.559000,5045.159000,5043.015000,5043.015000,0
2026.02.04,05:30,5042.799000,5053.735000,5042.799000,5052.395000,0
2026.02.04,05:31,5051.258000,5053.465000,5050.265000,5052.485000,0
2026.02.04,05:32,5052.415000,5054.035000,5050.315000,5052.965000,0
2026.02.04,05:33,5052.885000,5056.355000,5051.885000,5054.295000,0
2026.02.04,05:34,5054.305000,5057.235000,5054.045000,5054.725000,0
2026.02.04,05:35,5054.775000,5057.255000,5049.395000,5050.569000,0
2026.02.04,05:36,5050.585000,5051.188000,5047.038000,5049.379000,0
2026.02.04,05:37,5049.379000,5052.128000,5046.995000,5050.975000,0
2026.02.04,05:38,5051.148000,5053.905000,5051.148000,5053.155000,0
2026.02.04,05:39,5053.145000,5058.085000,5053.095000,5055.085000,0
2026.02.04,05:40,5055.075000,5055.985000,5054.575000,5055.285000,0
2026.02.04,05:41,5055.345000,5055.785000,5052.635000,5054.075000,0
2026.02.04,05:42,5054.099000,5059.715000,5054.065000,5059.475000,0
2026.02.04,05:43,5059.485000,5061.059000,5058.319000,5059.405000,0
2026.02.04,05:44,5059.405000,5059.880000,5058.218000,5059.715000,0
2026.02.04,05:45,5059.695000,5059.695000,5055.525000,5057.435000,0
2026.02.04,05:46,5057.425000,5060.805000,5056.895000,5060.405000,0
2026.02.04,05:47,5060.425000,5060.735000,5057.445000,5057.675000,0
2026.02.04,05:48,5057.735000,5058.245000,5055.175000,5055.249000,0
2026.02.04,05:49,5055.255000,5055.425000,5052.855000,5053.245000,0
2026.02.04,05:50,5053.285000,5054.075000,5050.755000,5053.875000,0
2026.02.04,05:51,5053.865000,5054.005000,5051.975000,5053.265000,0
2026.02.04,05:52,5053.275000,5053.935000,5051.435000,5051.435000,0
2026.02.04,05:53,5051.435000,5051.625000,5048.795000,5048.815000,0
2026.02.04,05:54,5048.775000,5052.745000,5048.775000,5052.649000,0
2026.02.04,05:55,5052.628000,5054.845000,5051.495000,5051.505000,0
2026.02.04,05:56,5051.475000,5052.035000,5045.628000,5046.255000,0
2026.02.04,05:57,5046.245000,5049.505000,5046.245000,5047.385000,0
2026.02.04,05:58,5047.385000,5051.145000,5046.895000,5050.155000,0
2026.02.04,05:59,5050.105000,5052.445000,5045.935000,5048.285000,0
2026.02.04,06:00,5048.295000,5052.155000,5047.015000,5051.575000,0
2026.02.04,06:01,5051.619000,5053.015000,5050.075000,5051.235000,0
2026.02.04,06:02,5051.255000,5052.295000,5049.819000,5050.249000,0
2026.02.04,06:03,5050.435000,5052.705000,5049.905000,5051.169000,0
2026.02.04,06:04,5051.169000,5051.169000,5047.615000,5048.595000,0
2026.02.04,06:05,5048.605000,5048.675000,5045.755000,5047.835000,0
2026.02.04,06:06,5047.865000,5047.985000,5046.285000,5046.515000,0
2026.02.04,06:07,5046.555000,5048.395000,5046.155000,5046.845000,0
2026.02.04,06:08,5046.815000,5048.485000,5046.615000,5047.765000,0
2026.02.04,06:09,5047.785000,5048.085000,5046.145000,5047.435000,0
2026.02.04,06:10,5047.475000,5047.505000,5045.055000,5045.215000,0
2026.02.04,06:11,5045.295000,5046.905000,5043.565000,5044.835000,0
2026.02.04,06:12,5044.855000,5047.025000,5043.845000,5046.785000,0
2026.02.04,06:13,5046.175000,5047.595000,5046.175000,5047.445000,0
2026.02.04,06:14,5047.465000,5047.465000,5042.195000,5042.365000,0
2026.02.04,06:15,5042.305000,5043.935000,5038.065000,5038.065000,0
2026.02.04,06:16,5038.035000,5038.035000,5023.868000,5026.975000,0
2026.02.04,06:17,5027.005000,5027.005000,5013.885000,5015.065000,0
2026.02.04,06:18,5015.075000,5020.845000,5013.015000,5020.525000,0
2026.02.04,06:19,5020.775000,5029.965000,5020.385000,5029.635000,0
2026.02.04,06:20,5029.605000,5031.805000,5025.765000,5026.385000,0
2026.02.04,06:21,5026.425000,5027.795000,5025.455000,5025.515000,0
2026.02.04,06:22,5025.545000,5029.085000,5023.625000,5026.225000,0
2026.02.04,06:23,5025.758000,5030.805000,5024.715000,5030.805000,0
2026.02.04,06:24,5030.815000,5031.085000,5029.515000,5030.658000,0
2026.02.04,06:25,5030.648000,5032.115000,5023.265000,5023.695000,0
2026.02.04,06:26,5023.665000,5024.745000,5019.465000,5024.735000,0
2026.02.04,06:27,5022.938000,5025.695000,5021.295000,5025.015000,0
2026.02.04,06:28,5025.165000,5026.485000,5021.278000,5022.805000,0
2026.02.04,06:29,5022.805000,5026.515000,5020.948000,5023.475000,0
2026.02.04,06:30,5023.495000,5027.195000,5021.805000,5025.275000,0
2026.02.04,06:31,5025.285000,5027.935000,5023.405000,5026.545000,0
2026.02.04,06:32,5026.555000,5029.115000,5024.995000,5028.615000,0
2026.02.04,06:33,5028.605000,5035.155000,5026.115000,5033.485000,0
2026.02.04,06:34,5033.455000,5035.465000,5031.755000,5032.895000,0
2026.02.04,06:35,5032.895000,5034.375000,5032.145000,5033.495000,0
2026.02.04,06:36,5033.515000,5037.845000,5033.445000,5037.765000,0
2026.02.04,06:37,5037.795000,5039.605000,5037.585000,5039.245000,0
2026.02.04,06:38,5039.245000,5039.725000,5037.465000,5038.445000,0
2026.02.04,06:39,5038.495000,5038.495000,5036.305000,5038.185000,0
2026.02.04,06:40,5038.215000,5039.115000,5038.025000,5038.955000,0
2026.02.04,06:41,5039.005000,5039.005000,5036.125000,5036.155000,0
2026.02.04,06:42,5036.155000,5037.145000,5034.155000,5034.725000,0
2026.02.04,06:43,5034.625000,5034.725000,5031.885000,5033.775000,0
2026.02.04,06:44,5033.755000,5033.755000,5029.929000,5031.975000,0
2026.02.04,06:45,5031.985000,5032.935000,5031.125000,5032.015000,0
2026.02.04,06:46,5032.035000,5032.035000,5030.075000,5031.415000,0
2026.02.04,06:47,5031.435000,5032.635000,5030.235000,5030.965000,0
2026.02.04,06:48,5030.995000,5034.115000,5030.485000,5033.465000,0
2026.02.04,06:49,5033.425000,5038.695000,5032.985000,5038.675000,0
2026.02.04,06:50,5038.765000,5040.675000,5037.525000,5040.335000,0
2026.02.04,06:51,5040.055000,5041.115000,5038.935000,5040.225000,0
2026.02.04,06:52,5040.255000,5043.065000,5039.885000,5042.725000,0
2026.02.04,06:53,5042.795000,5045.735000,5042.795000,5045.605000,0
2026.02.04,06:54,5045.615000,5045.715000,5044.545000,5044.905000,0
2026.02.04,06:55,5044.835000,5045.995000,5044.575000,5045.735000,0
2026.02.04,06:56,5045.745000,5050.025000,5045.295000,5049.895000,0
2026.02.04,06:57,5049.915000,5050.155000,5046.889000,5048.005000,0
2026.02.04,06:58,5047.985000,5048.685000,5047.255000,5048.415000,0
2026.02.04,06:59,5048.395000,5049.445000,5046.885000,5047.255000,0
2026.02.04,07:00,5047.165000,5051.025000,5046.695000,5050.085000,0
2026.02.04,07:01,5050.105000,5055.115000,5049.475000,5051.635000,0
2026.02.04,07:02,5051.685000,5051.808000,5049.035000,5051.115000,0
2026.02.04,07:03,5051.069000,5051.875000,5049.819000,5050.605000,0
2026.02.04,07:04,5050.515000,5050.515000,5046.695000,5047.705000,0
2026.02.04,07:05,5047.655000,5050.155000,5047.655000,5049.785000,0
2026.02.04,07:06,5049.875000,5051.335000,5049.115000,5049.965000,0
2026.02.04,07:07,5049.915000,5050.845000,5047.105000,5047.535000,0
2026.02.04,07:08,5047.555000,5049.175000,5045.125000,5046.085000,0
2026.02.04,07:09,5046.035000,5046.139000,5040.505000,5040.695000,0
2026.02.04,07:10,5040.715000,5041.169000,5037.115000,5040.745000,0
2026.02.04,07:11,5040.975000,5045.515000,5039.295000,5045.305000,0
2026.02.04,07:12,5045.305000,5045.995000,5043.645000,5044.765000,0
2026.02.04,07:13,5044.775000,5044.775000,5043.375000,5044.015000,0
2026.02.04,07:14,5044.035000,5045.155000,5043.425000,5044.915000,0
2026.02.04,07:15,5044.965000,5049.545000,5044.505000,5048.035000,0
2026.02.04,07:16,5048.035000,5049.535000,5046.075000,5048.765000,0
2026.02.04,07:17,5048.775000,5049.215000,5046.525000,5046.675000,0
2026.02.04,07:18,5046.425000,5046.885000,5044.145000,5044.185000,0
2026.02.04,07:19,5043.849000,5043.985000,5040.825000,5042.995000,0
2026.02.04,07:20,5042.995000,5043.635000,5041.515000,5041.705000,0
2026.02.04,07:21,5041.715000,5046.965000,5039.645000,5046.955000,0
2026.02.04,07:22,5047.145000,5047.155000,5044.855000,5046.395000,0
2026.02.04,07:23,5046.355000,5048.105000,5045.385000,5046.895000,0
2026.02.04,07:24,5047.075000,5048.255000,5046.865000,5047.235000,0
2026.02.04,07:25,5047.125000,5048.275000,5046.478000,5047.195000,0
2026.02.04,07:26,5046.655000,5049.495000,5045.755000,5048.475000,0
2026.02.04,07:27,5048.365000,5049.545000,5048.245000,5049.045000,0
2026.02.04,07:28,5049.015000,5049.795000,5048.715000,5049.285000,0
2026.02.04,07:29,5049.205000,5049.205000,5045.968000,5047.185000,0
2026.02.04,07:30,5047.195000,5049.115000,5047.145000,5048.025000,0
2026.02.04,07:31,5048.015000,5052.795000,5047.985000,5052.575000,0
2026.02.04,07:32,5052.685000,5057.865000,5051.575000,5057.565000,0
2026.02.04,07:33,5057.625000,5062.905000,5056.905000,5061.265000,0
2026.02.04,07:34,5061.315000,5062.145000,5058.215000,5062.128000,0
2026.02.04,07:35,5062.085000,5062.788000,5058.845000,5060.155000,0
2026.02.04,07:36,5060.125000,5060.555000,5057.885000,5057.995000,0
2026.02.04,07:37,5058.025000,5060.865000,5057.055000,5058.115000,0
2026.02.04,07:38,5058.155000,5058.225000,5053.395000,5054.015000,0
2026.02.04,07:39,5054.045000,5054.255000,5050.105000,5050.125000,0
2026.02.04,07:40,5050.125000,5052.365000,5050.068000,5051.785000,0
2026.02.04,07:41,5051.795000,5052.555000,5051.375000,5051.735000,0
2026.02.04,07:42,5051.765000,5054.925000,5051.695000,5054.925000,0
2026.02.04,07:43,5054.995000,5055.665000,5053.875000,5055.335000,0
2026.02.04,07:44,5055.335000,5056.015000,5054.608000,5055.605000,0
2026.02.04,07:45,5055.605000,5056.665000,5055.538000,5056.265000,0
2026.02.04,07:46,5056.235000,5057.705000,5054.065000,5054.565000,0
2026.02.04,07:47,5054.535000,5054.535000,5049.075000,5051.165000,0
2026.02.04,07:48,5051.265000,5054.585000,5051.135000,5053.755000,0
2026.02.04,07:49,5053.815000,5054.295000,5052.225000,5052.585000,0
2026.02.04,07:50,5052.595000,5053.575000,5052.145000,5052.785000,0
2026.02.04,07:51,5052.815000,5053.255000,5050.995000,5051.835000,0
2026.02.04,07:52,5051.658000,5054.065000,5051.355000,5052.305000,0
2026.02.04,07:53,5052.325000,5052.325000,5044.485000,5044.525000,0
2026.02.04,07:54,5044.625000,5047.795000,5043.428000,5046.635000,0
2026.02.04,07:55,5046.655000,5047.398000,5044.465000,5044.965000,0
2026.02.04,07:56,5045.005000,5045.765000,5043.955000,5044.945000,0
2026.02.04,07:57,5044.945000,5046.165000,5042.305000,5045.255000,0
2026.02.04,07:58,5045.255000,5046.295000,5042.495000,5044.735000,0
2026.02.04,07:59,5044.345000,5044.345000,5036.135000,5040.645000,0
2026.02.04,08:00,5040.955000,5042.395000,5030.785000,5035.535000,0
2026.02.04,08:01,5035.545000,5044.645000,5034.755000,5037.735000,0
2026.02.04,08:02,5037.795000,5044.455000,5034.295000,5043.865000,0
2026.02.04,08:03,5043.745000,5045.465000,5038.045000,5042.539000,0
2026.02.04,08:04,5042.549000,5044.125000,5038.275000,5039.515000,0
2026.02.04,08:05,5039.335000,5040.715000,5034.065000,5035.965000,0
2026.02.04,08:06,5035.975000,5040.545000,5033.385000,5035.955000,0
2026.02.04,08:07,5035.895000,5039.775000,5034.325000,5039.775000,0
2026.02.04,08:08,5039.835000,5040.375000,5033.465000,5038.995000,0
2026.02.04,08:09,5038.995000,5039.215000,5029.115000,5029.115000,0
2026.02.04,08:10,5029.125000,5030.595000,5022.975000,5028.435000,0
2026.02.04,08:11,5028.485000,5032.525000,5027.395000,5028.755000,0
2026.02.04,08:12,5028.705000,5033.345000,5028.705000,5032.315000,0
2026.02.04,08:13,5032.295000,5033.925000,5029.645000,5030.235000,0
2026.02.04,08:14,5030.215000,5033.555000,5028.005000,5028.625000,0
2026.02.04,08:15,5029.215000,5042.305000,5027.715000,5040.535000,0
2026.02.04,08:16,5040.915000,5041.275000,5033.488000,5037.965000,0
2026.02.04,08:17,5038.025000,5040.425000,5035.795000,5036.185000,0
2026.02.04,08:18,5036.268000,5038.745000,5032.135000,5034.735000,0
2026.02.04,08:19,5034.865000,5038.535000,5033.728000,5038.145000,0
2026.02.04,08:20,5037.079000,5044.345000,5035.855000,5042.805000,0
2026.02.04,08:21,5042.865000,5044.725000,5039.355000,5043.728000,0
2026.02.04,08:22,5043.788000,5046.305000,5040.228000,5045.935000,0
2026.02.04,08:23,5044.555000,5047.555000,5044.345000,5045.715000,0
2026.02.04,08:24,5045.695000,5048.785000,5043.605000,5044.005000,0
2026.02.04,08:25,5043.995000,5049.805000,5040.885000,5049.775000,0
2026.02.04,08:26,5049.745000,5053.845000,5049.745000,5052.635000,0
2026.02.04,08:27,5052.515000,5053.755000,5050.085000,5050.985000,0
2026.02.04,08:28,5051.055000,5051.568000,5047.135000,5047.495000,0
2026.02.04,08:29,5047.525000,5048.495000,5046.385000,5048.405000,0
2026.02.04,08:30,5048.645000,5052.036000,5047.655000,5049.145000,0
2026.02.04,08:31,5049.185000,5056.515000,5049.178000,5055.545000,0
2026.02.04,08:32,5055.505000,5057.035000,5053.755000,5054.635000,0
2026.02.04,08:33,5054.915000,5056.315000,5050.635000,5052.075000,0
2026.02.04,08:34,5052.265000,5058.725000,5051.855000,5056.975000,0
2026.02.04,08:35,5057.165000,5057.315000,5054.025000,5056.875000,0
2026.02.04,08:36,5056.895000,5058.405000,5048.795000,5049.045000,0
2026.02.04,08:37,5049.005000,5052.995000,5047.805000,5052.505000,0
2026.02.04,08:38,5052.555000,5056.108000,5050.268000,5051.925000,0
2026.02.04,08:39,5051.988000,5052.028000,5046.295000,5046.835000,0
2026.02.04,08:40,5046.855000,5050.675000,5046.675000,5048.175000,0
2026.02.04,08:41,5048.135000,5048.135000,5039.575000,5039.875000,0
2026.02.04,08:42,5039.845000,5042.695000,5039.035000,5041.115000,0
2026.02.04,08:43,5041.145000,5041.685000,5034.895000,5034.895000,0
2026.02.04,08:44,5034.865000,5036.565000,5032.845000,5036.565000,0
2026.02.04,08:45,5036.585000,5039.395000,5035.855000,5035.915000,0
2026.02.04,08:46,5035.965000,5043.335000,5035.225000,5043.095000,0
2026.02.04,08:47,5043.095000,5043.105000,5040.665000,5041.295000,0
2026.02.04,08:48,5041.255000,5041.715000,5038.575000,5041.505000,0
2026.02.04,08:49,5041.705000,5050.285000,5041.245000,5050.285000,0
2026.02.04,08:50,5050.335000,5053.525000,5050.235000,5053.125000,0
2026.02.04,08:51,5053.155000,5054.075000,5051.218000,5052.105000,0
2026.02.04,08:52,5052.085000,5055.665000,5051.305000,5054.085000,0
2026.02.04,08:53,5054.045000,5055.785000,5052.345000,5055.735000,0
2026.02.04,08:54,5055.725000,5062.988000,5055.275000,5061.195000,0
2026.02.04,08:55,5061.155000,5062.435000,5058.515000,5062.165000,0
2026.02.04,08:56,5062.135000,5063.155000,5058.685000,5060.485000,0
2026.02.04,08:57,5060.465000,5062.285000,5059.395000,5061.495000,0
2026.02.04,08:58,5061.465000,5063.145000,5057.345000,5058.315000,0
2026.02.04,08:59,5058.345000,5059.545000,5052.295000,5053.765000,0
2026.02.04,09:00,5053.775000,5058.835000,5052.638000,5052.925000,0
2026.02.04,09:01,5052.915000,5054.545000,5049.975000,5052.145000,0
2026.02.04,09:02,5052.175000,5055.695000,5050.005000,5050.145000,0
2026.02.04,09:03,5050.125000,5053.215000,5048.405000,5050.485000,0
2026.02.04,09:04,5050.755000,5051.065000,5047.175000,5047.205000,0
2026.02.04,09:05,5047.035000,5054.705000,5046.895000,5052.925000,0
2026.02.04,09:06,5053.095000,5053.465000,5050.015000,5050.625000,0
2026.02.04,09:07,5050.575000,5050.585000,5046.965000,5047.635000,0
2026.02.04,09:08,5047.665000,5049.095000,5037.775000,5038.335000,0
2026.02.04,09:09,5038.295000,5038.295000,5034.285000,5036.745000,0
2026.02.04,09:10,5036.245000,5042.575000,5035.965000,5042.495000,0
2026.02.04,09:11,5042.595000,5044.605000,5039.475000,5040.955000,0
2026.02.04,09:12,5041.055000,5043.765000,5039.365000,5042.315000,0
2026.02.04,09:13,5042.805000,5047.975000,5042.785000,5046.475000,0
2026.02.04,09:14,5046.495000,5048.805000,5046.035000,5047.715000,0
2026.02.04,09:15,5047.695000,5047.875000,5043.285000,5046.645000,0
2026.02.04,09:16,5046.665000,5047.335000,5044.945000,5045.305000,0
2026.02.04,09:17,5045.275000,5051.018000,5037.945000,5039.158000,0
2026.02.04,09:18,5039.225000,5039.225000,5034.545000,5036.195000,0
2026.02.04,09:19,5036.265000,5044.805000,5036.235000,5042.905000,0
2026.02.04,09:20,5042.885000,5044.915000,5041.785000,5042.955000,0
2026.02.04,09:21,5042.465000,5046.035000,5039.775000,5041.895000,0
2026.02.04,09:22,5042.015000,5043.175000,5038.455000,5039.235000,0
2026.02.04,09:23,5039.285000,5041.875000,5037.745000,5038.375000,0
2026.02.04,09:24,5038.395000,5039.475000,5035.155000,5036.155000,0
2026.02.04,09:25,5035.995000,5040.195000,5031.815000,5038.505000,0
2026.02.04,09:26,5038.598000,5038.795000,5033.765000,5036.588000,0
2026.02.04,09:27,5036.608000,5039.295000,5028.585000,5035.015000,0
2026.02.04,09:28,5034.985000,5037.755000,5033.585000,5035.225000,0
2026.02.04,09:29,5035.175000,5036.565000,5030.535000,5030.895000,0
2026.02.04,09:30,5031.095000,5037.865000,5025.375000,5029.015000,0
2026.02.04,09:31,5029.295000,5033.215000,5020.845000,5029.945000,0
2026.02.04,09:32,5030.215000,5030.215000,5003.665000,5004.785000,0
2026.02.04,09:33,5005.035000,5017.015000,5005.035000,5015.075000,0
2026.02.04,09:34,5015.025000,5016.525000,5008.005000,5014.355000,0
2026.02.04,09:35,5014.365000,5021.355000,5009.695000,5021.085000,0
2026.02.04,09:36,5021.255000,5022.635000,5015.065000,5017.225000,0
2026.02.04,09:37,5017.195000,5017.635000,4994.215000,4997.635000,0
2026.02.04,09:38,4997.775000,4998.095000,4968.175000,4981.465000,0
2026.02.04,09:39,4981.445000,4985.625000,4969.115000,4981.605000,0
2026.02.04,09:40,4981.575000,4984.708000,4971.445000,4980.825000,0
2026.02.04,09:41,4980.475000,4984.305000,4966.515000,4972.805000,0
2026.02.04,09:42,4972.555000,4983.895000,4968.975000,4981.755000,0
2026.02.04,09:43,4981.225000,4994.695000,4981.225000,4986.895000,0
2026.02.04,09:44,4986.985000,4997.835000,4986.725000,4995.425000,0
2026.02.04,09:45,4995.915000,4996.665000,4970.558000,4973.048000,0
2026.02.04,09:46,4972.938000,4985.305000,4970.365000,4985.305000,0
2026.02.04,09:47,4985.245000,4992.285000,4982.855000,4986.228000,0
2026.02.04,09:48,4986.285000,4992.085000,4983.915000,4990.698000,0
2026.02.04,09:49,4990.718000,4999.968000,4985.515000,4999.408000,0
2026.02.04,09:50,4999.425000,5008.905000,4992.495000,5004.935000,0
2026.02.04,09:51,5004.855000,5010.595000,5001.965000,5010.595000,0
2026.02.04,09:52,5010.535000,5011.005000,5000.408000,5003.725000,0
2026.02.04,09:53,5003.665000,5004.665000,4997.945000,5002.345000,0
2026.02.04,09:54,5002.325000,5017.518000,5002.325000,5010.905000,0
2026.02.04,09:55,5010.905000,5011.878000,5005.698000,5006.205000,0
2026.02.04,09:56,5006.165000,5006.785000,4994.945000,4996.615000,0
2026.02.04,09:57,4996.815000,4998.555000,4988.845000,4993.745000,0
2026.02.04,09:58,4993.845000,4995.385000,4981.685000,4984.215000,0
2026.02.04,09:59,4984.385000,4987.055000,4976.165000,4984.445000,0
2026.02.04,10:00,4984.379000,4991.878000,4974.715000,4981.695000,0
2026.02.04,10:01,4981.488000,4989.825000,4974.405000,4974.465000,0
2026.02.04,10:02,4974.405000,4990.215000,4971.398000,4986.005000,0
2026.02.04,10:03,4985.895000,4998.235000,4982.545000,4997.915000,0
2026.02.04,10:04,4998.205000,4998.205000,4988.439000,4989.595000,0
2026.02.04,10:05,4989.615000,5000.345000,4989.615000,4996.275000,0
2026.02.04,10:06,4996.215000,5000.085000,4993.415000,4997.025000,0
2026.02.04,10:07,4997.475000,5007.485000,4997.345000,5003.005000,0
2026.02.04,10:08,5003.005000,5003.805000,4998.215000,4998.495000,0
2026.02.04,10:09,4998.515000,5006.098000,4994.655000,4996.055000,0
2026.02.04,10:10,4997.395000,5000.588000,4985.448000,4991.548000,0
2026.02.04,10:11,4991.548000,4997.278000,4989.445000,4989.615000,0
2026.02.04,10:12,4990.105000,4993.038000,4981.265000,4987.638000,0
2026.02.04,10:13,4987.775000,4995.678000,4987.095000,4988.565000,0
2026.02.04,10:14,4988.698000,4993.658000,4983.798000,4989.858000,0
2026.02.04,10:15,4989.798000,4993.295000,4972.585000,4974.685000,0
2026.02.04,10:16,4974.905000,4983.065000,4974.505000,4978.845000,0
2026.02.04,10:17,4978.945000,4983.215000,4970.778000,4977.015000,0
2026.02.04,10:18,4976.755000,4987.715000,4971.445000,4986.265000,0
2026.02.04,10:19,4986.305000,4987.545000,4977.295000,4977.535000,0
2026.02.04,10:20,4977.565000,4983.125000,4975.035000,4979.925000,0
2026.02.04,10:21,4979.925000,4984.735000,4976.655000,4979.085000,0
2026.02.04,10:22,4978.815000,4980.575000,4950.575000,4953.598000,0
2026.02.04,10:23,4953.648000,4958.755000,4951.075000,4955.045000,0
2026.02.04,10:24,4954.705000,4965.085000,4953.858000,4964.965000,0
2026.02.04,10:25,4964.975000,4975.825000,4964.498000,4970.085000,0
2026.02.04,10:26,4970.015000,4973.925000,4961.885000,4962.985000,0
2026.02.04,10:27,4962.985000,4967.115000,4958.175000,4959.285000,0
2026.02.04,10:28,4959.275000,4964.945000,4950.335000,4950.835000,0
2026.02.04,10:29,4950.835000,4961.068000,4950.565000,4957.525000,0
2026.02.04,10:30,4957.465000,4961.855000,4950.285000,4951.645000,0
2026.02.04,10:31,4951.695000,4952.765000,4928.805000,4939.195000,0
2026.02.04,10:32,4939.425000,4939.485000,4923.725000,4924.655000,0
2026.02.04,10:33,4924.755000,4932.235000,4919.315000,4923.955000,0
2026.02.04,10:34,4923.555000,4925.115000,4913.795000,4920.065000,0
2026.02.04,10:35,4919.978000,4926.745000,4910.185000,4910.495000,0
2026.02.04,10:36,4910.105000,4910.585000,4886.798000,4899.988000,0
2026.02.04,10:37,4899.648000,4914.045000,4898.175000,4911.825000,0
2026.02.04,10:38,4911.825000,4914.975000,4901.365000,4911.425000,0
2026.02.04,10:39,4911.375000,4916.775000,4907.418000,4912.175000,0
2026.02.04,10:40,4912.125000,4927.525000,4905.015000,4923.028000,0
2026.02.04,10:41,4923.188000,4929.468000,4919.888000,4928.355000,0
2026.02.04,10:42,4928.845000,4937.088000,4925.558000,4935.598000,0
2026.02.04,10:43,4935.508000,4938.235000,4931.685000,4937.155000,0
2026.02.04,10:44,4937.165000,4946.965000,4936.178000,4943.785000,0
2026.02.04,10:45,4943.715000,4945.375000,4934.495000,4935.445000,0
2026.02.04,10:46,4935.325000,4939.985000,4931.325000,4934.268000,0
2026.02.04,10:47,4934.985000,4940.745000,4932.625000,4936.125000,0
2026.02.04,10:48,4936.115000,4949.715000,4935.628000,4948.545000,0
2026.02.04,10:49,4948.665000,4948.895000,4933.995000,4936.595000,0
2026.02.04,10:50,4936.355000,4941.665000,4934.438000,4941.095000,0
2026.02.04,10:51,4941.075000,4941.975000,4929.935000,4938.235000,0
2026.02.04,10:52,4938.245000,4945.118000,4937.038000,4943.048000,0
2026.02.04,10:53,4943.455000,4945.755000,4932.008000,4933.238000,0
2026.02.04,10:54,4933.318000,4937.995000,4929.975000,4937.255000,0
2026.02.04,10:55,4937.175000,4949.868000,4937.065000,4943.815000,0
2026.02.04,10:56,4943.815000,4944.345000,4930.405000,4930.405000,0
2026.02.04,10:57,4930.395000,4930.395000,4917.608000,4917.828000,0
2026.02.04,10:58,4917.815000,4927.495000,4917.815000,4922.935000,0
2026.02.04,10:59,4922.985000,4923.588000,4909.188000,4919.995000,0
2026.02.04,11:00,4919.975000,4922.095000,4914.375000,4914.635000,0
2026.02.04,11:01,4914.645000,4922.448000,4908.095000,4917.065000,0
2026.02.04,11:02,4916.815000,4916.815000,4899.525000,4901.668000,0
2026.02.04,11:03,4901.668000,4903.355000,4894.988000,4902.938000,0
2026.02.04,11:04,4902.485000,4910.525000,4898.255000,4909.835000,0
2026.02.04,11:05,4909.778000,4922.065000,4905.958000,4919.355000,0
2026.02.04,11:06,4919.545000,4924.975000,4918.145000,4920.815000,0
2026.02.04,11:07,4920.775000,4923.008000,4914.475000,4914.475000,0
2026.02.04,11:08,4914.418000,4922.875000,4913.885000,4921.895000,0
2026.02.04,11:09,4921.905000,4923.035000,4913.665000,4921.718000,0
2026.02.04,11:10,4921.488000,4922.698000,4914.895000,4919.205000,0
2026.02.04,11:11,4919.185000,4931.175000,4918.035000,4926.835000,0
2026.02.04,11:12,4926.835000,4939.115000,4923.285000,4938.405000,0
2026.02.04,11:13,4938.405000,4939.555000,4925.608000,4929.775000,0
2026.02.04,11:14,4929.575000,4932.888000,4925.245000,4931.458000,0
2026.02.04,11:15,4931.458000,4935.918000,4926.595000,4929.835000,0
2026.02.04,11:16,4929.865000,4929.998000,4919.665000,4920.675000,0
2026.02.04,11:17,4920.818000,4926.338000,4918.095000,4919.925000,0
2026.02.04,11:18,4920.035000,4925.515000,4915.895000,4924.525000,0
2026.02.04,11:19,4924.775000,4924.775000,4911.415000,4913.015000,0
2026.02.04,11:20,4913.535000,4913.795000,4906.995000,4909.205000,0
2026.02.04,11:21,4909.225000,4909.515000,4890.315000,4892.148000,0
2026.02.04,11:22,4892.158000,4902.078000,4890.838000,4901.188000,0
2026.02.04,11:23,4901.228000,4902.628000,4890.078000,4892.798000,0
2026.02.04,11:24,4892.848000,4901.685000,4891.878000,4900.508000,0
2026.02.04,11:25,4900.518000,4900.518000,4893.645000,4897.135000,0
2026.02.04,11:26,4897.065000,4910.605000,4895.705000,4910.025000,0
2026.02.04,11:27,4909.965000,4921.575000,4909.965000,4921.178000,0
2026.02.04,11:28,4921.008000,4921.835000,4918.725000,4920.225000,0
2026.02.04,11:29,4920.445000,4926.175000,4920.445000,4923.915000,0
2026.02.04,11:30,4923.945000,4925.825000,4915.065000,4915.145000,0
2026.02.04,11:31,4915.135000,4918.795000,4913.658000,4916.985000,0
2026.02.04,11:32,4917.025000,4927.095000,4917.025000,4925.735000,0
2026.02.04,11:33,4925.705000,4930.385000,4924.995000,4927.175000,0
2026.02.04,11:34,4927.175000,4934.238000,4920.885000,4924.618000,0
2026.02.04,11:35,4924.045000,4926.908000,4919.645000,4922.355000,0
2026.02.04,11:36,4922.355000,4927.535000,4917.735000,4917.745000,0
2026.02.04,11:37,4917.765000,4921.225000,4916.855000,4920.035000,0
2026.02.04,11:38,4920.035000,4923.405000,4913.755000,4914.035000,0
2026.02.04,11:39,4914.075000,4919.755000,4908.335000,4909.625000,0
2026.02.04,11:40,4909.655000,4909.655000,4904.025000,4904.125000,0
2026.02.04,11:41,4904.175000,4905.148000,4899.795000,4903.115000,0
2026.02.04,11:42,4903.135000,4904.925000,4895.325000,4896.525000,0
2026.02.04,11:43,4896.575000,4902.415000,4894.845000,4901.085000,0
2026.02.04,11:44,4901.085000,4902.495000,4895.355000,4896.305000,0
2026.02.04,11:45,4896.295000,4900.485000,4892.425000,4898.655000,0
2026.02.04,11:46,4898.565000,4899.955000,4876.545000,4880.575000,0
2026.02.04,11:47,4880.615000,4888.835000,4878.245000,4884.588000,0
2026.02.04,11:48,4884.518000,4885.228000,4844.165000,4862.688000,0
2026.02.04,11:49,4862.098000,4875.585000,4861.598000,4870.768000,0
2026.02.04,11:50,4870.775000,4887.565000,4869.395000,4884.705000,0
2026.02.04,11:51,4884.705000,4894.455000,4884.705000,4886.425000,0
2026.02.04,11:52,4886.365000,4896.185000,4883.245000,4896.185000,0
2026.02.04,11:53,4897.035000,4902.045000,4892.445000,4900.305000,0
2026.02.04,11:54,4900.275000,4906.855000,4897.325000,4901.595000,0
2026.02.04,11:55,4901.625000,4905.218000,4900.555000,4904.355000,0
2026.02.04,11:56,4904.405000,4906.358000,4896.745000,4904.128000,0
2026.02.04,11:57,4904.125000,4904.848000,4897.785000,4901.998000,0
2026.02.04,11:58,4901.998000,4905.498000,4898.598000,4903.648000,0
2026.02.04,11:59,4903.748000,4909.498000,4897.925000,4904.165000,0
2026.02.04,12:00,4904.175000,4904.175000,4894.225000,4898.715000,0
2026.02.04,12:01,4898.755000,4902.795000,4892.315000,4900.505000,0
2026.02.04,12:02,4900.485000,4905.445000,4894.898000,4894.985000,0
2026.02.04,12:03,4895.018000,4899.748000,4891.738000,4896.825000,0
2026.02.04,12:04,4896.845000,4914.545000,4894.528000,4914.265000,0
2026.02.04,12:05,4914.068000,4915.298000,4910.818000,4912.395000,0
2026.02.04,12:06,4912.135000,4912.165000,4900.118000,4900.785000,0
2026.02.04,12:07,4900.835000,4903.105000,4894.845000,4901.085000,0
2026.02.04,12:08,4901.155000,4904.715000,4895.345000,4901.655000,0
2026.02.04,12:09,4901.675000,4906.575000,4900.115000,4904.035000,0
2026.02.04,12:10,4904.045000,4905.345000,4897.305000,4904.545000,0
2026.02.04,12:11,4904.575000,4915.135000,4901.435000,4914.678000,0
2026.02.04,12:12,4914.585000,4920.675000,4914.545000,4915.735000,0
2026.02.04,12:13,4915.725000,4922.388000,4915.605000,4921.125000,0
2026.02.04,12:14,4920.808000,4922.385000,4918.755000,4920.615000,0
2026.02.04,12:15,4920.805000,4923.405000,4916.495000,4920.555000,0
2026.02.04,12:16,4920.055000,4923.815000,4919.085000,4922.105000,0
2026.02.04,12:17,4922.315000,4925.275000,4913.375000,4915.175000,0
2026.02.04,12:18,4914.695000,4914.715000,4907.998000,4909.368000,0
2026.02.04,12:19,4909.468000,4913.618000,4906.965000,4907.139000,0
2026.02.04,12:20,4907.149000,4910.225000,4903.378000,4909.318000,0
2026.02.04,12:21,4909.308000,4916.745000,4907.925000,4911.925000,0
2026.02.04,12:22,4911.895000,4913.515000,4897.775000,4904.875000,0
2026.02.04,12:23,4904.975000,4906.358000,4901.305000,4905.345000,0
2026.02.04,12:24,4905.408000,4909.368000,4903.675000,4905.325000,0
2026.02.04,12:25,4905.305000,4906.098000,4893.918000,4894.195000,0
2026.02.04,12:26,4894.118000,4896.085000,4891.165000,4895.205000,0
2026.02.04,12:27,4895.235000,4903.375000,4887.995000,4901.085000,0
2026.02.04,12:28,4901.115000,4918.715000,4899.078000,4918.168000,0
2026.02.04,12:29,4918.168000,4921.055000,4904.185000,4917.145000,0
2026.02.04,12:30,4917.085000,4929.545000,4914.365000,4925.105000,0
2026.02.04,12:31,4925.005000,4930.625000,4918.518000,4919.778000,0
2026.02.04,12:32,4919.808000,4923.778000,4913.995000,4922.928000,0
2026.02.04,12:33,4922.765000,4926.815000,4917.968000,4920.778000,0
2026.02.04,12:34,4920.808000,4922.335000,4915.945000,4919.895000,0
2026.02.04,12:35,4919.845000,4921.275000,4914.988000,4919.475000,0
2026.02.04,12:36,4919.538000,4921.046000,4907.298000,4908.288000,0
2026.02.04,12:37,4908.438000,4912.778000,4905.485000,4906.645000,0
2026.02.04,12:38,4906.645000,4913.988000,4903.808000,4913.988000,0
2026.02.04,12:39,4913.945000,4915.585000,4909.265000,4910.875000,0
2026.02.04,12:40,4910.705000,4920.725000,4903.975000,4912.655000,0
2026.02.04,12:41,4912.555000,4916.595000,4907.705000,4913.908000,0
2026.02.04,12:42,4913.885000,4917.638000,4908.098000,4908.228000,0
2026.02.04,12:43,4908.248000,4908.688000,4905.408000,4905.578000,0
2026.02.04,12:44,4905.578000,4908.028000,4903.298000,4907.118000,0
2026.02.04,12:45,4907.118000,4909.488000,4899.135000,4899.808000,0
2026.02.04,12:46,4899.818000,4901.365000,4896.255000,4898.865000,0
2026.02.04,12:47,4898.795000,4901.815000,4896.218000,4901.815000,0
2026.02.04,12:48,4901.145000,4904.535000,4896.185000,4896.295000,0
2026.02.04,12:49,4896.225000,4901.328000,4895.935000,4899.188000,0
2026.02.04,12:50,4899.185000,4902.165000,4896.015000,4899.805000,0
2026.02.04,12:51,4899.755000,4906.155000,4899.345000,4903.365000,0
2026.02.04,12:52,4903.335000,4906.425000,4898.255000,4899.755000,0
2026.02.04,12:53,4899.725000,4906.865000,4898.925000,4902.375000,0
2026.02.04,12:54,4902.315000,4907.095000,4896.935000,4897.995000,0
2026.02.04,12:55,4897.995000,4899.705000,4895.545000,4898.555000,0
2026.02.04,12:56,4898.525000,4908.385000,4898.495000,4904.385000,0
2026.02.04,12:57,4904.415000,4909.235000,4903.105000,4903.345000,0
2026.02.04,12:58,4903.405000,4905.468000,4902.105000,4902.688000,0
2026.02.04,12:59,4902.415000,4903.785000,4895.518000,4897.435000,0
2026.02.04,13:00,4897.405000,4898.345000,4874.045000,4878.665000,0
2026.02.04,13:01,4878.925000,4879.375000,4872.365000,4874.085000,0
2026.02.04,13:02,4872.985000,4883.395000,4872.715000,4881.215000,0
2026.02.04,13:03,4881.145000,4888.675000,4879.595000,4888.425000,0
2026.02.04,13:04,4888.415000,4900.665000,4887.245000,4896.635000,0
2026.02.04,13:05,4896.575000,4901.935000,4895.695000,4901.368000,0
2026.02.04,13:06,4901.358000,4909.195000,4899.405000,4908.325000,0
2026.02.04,13:07,4908.315000,4917.045000,4907.675000,4916.688000,0
2026.02.04,13:08,4916.695000,4920.778000,4912.058000,4915.518000,0
2026.02.04,13:09,4915.428000,4915.438000,4908.298000,4910.508000,0
2026.02.04,13:10,4910.158000,4911.268000,4908.668000,4911.218000,0
2026.02.04,13:11,4911.218000,4911.718000,4908.995000,4908.995000,0
2026.02.04,13:12,4908.995000,4912.535000,4906.105000,4907.585000,0
2026.02.04,13:13,4907.595000,4910.535000,4907.379000,4907.545000,0
2026.02.04,13:14,4907.635000,4911.185000,4906.075000,4909.705000,0
2026.02.04,13:15,4909.675000,4917.805000,4909.675000,4916.135000,0
2026.02.04,13:16,4916.145000,4918.545000,4909.595000,4911.645000,0
2026.02.04,13:17,4911.635000,4917.698000,4911.535000,4913.395000,0
2026.02.04,13:18,4913.415000,4913.545000,4906.335000,4907.275000,0
2026.02.04,13:19,4907.285000,4907.385000,4901.305000,4901.435000,0
2026.02.04,13:20,4901.375000,4911.655000,4897.535000,4899.565000,0
2026.02.04,13:21,4899.405000,4906.675000,4895.885000,4906.675000,0
2026.02.04,13:22,4906.485000,4909.275000,4904.625000,4906.995000,0
2026.02.04,13:23,4907.005000,4911.275000,4904.085000,4905.865000,0
2026.02.04,13:24,4906.155000,4907.785000,4900.945000,4905.865000,0
2026.02.04,13:25,4906.415000,4925.155000,4906.075000,4922.085000,0
2026.02.04,13:26,4922.175000,4924.798000,4917.898000,4924.728000,0
2026.02.04,13:27,4924.828000,4929.298000,4923.959000,4927.518000,0
2026.02.04,13:28,4927.518000,4934.625000,4927.408000,4933.905000,0
2026.02.04,13:29,4933.918000,4933.918000,4923.858000,4926.015000,0
2026.02.04,13:30,4925.989000,4926.755000,4919.175000,4925.145000,0
2026.02.04,13:31,4925.165000,4927.935000,4923.555000,4925.435000,0
2026.02.04,13:32,4925.485000,4928.145000,4923.485000,4923.535000,0
2026.02.04,13:33,4923.515000,4925.025000,4921.178000,4921.225000,0
2026.02.04,13:34,4921.385000,4924.835000,4921.385000,4923.895000,0
2026.02.04,13:35,4923.865000,4926.755000,4922.985000,4923.175000,0
2026.02.04,13:36,4923.175000,4923.285000,4917.445000,4918.265000,0
2026.02.04,13:37,4918.265000,4922.075000,4916.425000,4919.995000,0
2026.02.04,13:38,4920.095000,4920.395000,4911.205000,4911.205000,0
2026.02.04,13:39,4911.215000,4911.695000,4903.495000,4904.325000,0
2026.02.04,13:40,4904.355000,4914.165000,4904.275000,4913.925000,0
2026.02.04,13:41,4913.875000,4915.295000,4912.195000,4913.155000,0
2026.02.04,13:42,4913.175000,4920.625000,4911.935000,4917.775000,0
2026.02.04,13:43,4917.805000,4923.105000,4917.805000,4922.615000,0
2026.02.04,13:44,4922.445000,4922.445000,4919.448000,4919.745000,0
2026.02.04,13:45,4919.755000,4920.285000,4916.155000,4917.095000,0
2026.02.04,13:46,4917.095000,4921.035000,4910.495000,4915.485000,0
2026.02.04,13:47,4915.435000,4918.238000,4915.435000,4916.405000,0
2026.02.04,13:48,4916.435000,4918.535000,4913.095000,4918.495000,0
2026.02.04,13:49,4918.505000,4921.045000,4916.245000,4917.415000,0
2026.02.04,13:50,4917.425000,4920.045000,4915.375000,4916.035000,0
2026.02.04,13:51,4916.015000,4916.135000,4910.975000,4913.145000,0
2026.02.04,13:52,4913.135000,4914.665000,4912.415000,4913.875000,0
2026.02.04,13:53,4913.895000,4913.965000,4912.065000,4912.985000,0
2026.02.04,13:54,4913.125000,4919.715000,4912.615000,4916.875000,0
2026.02.04,13:55,4917.065000,4925.735000,4917.065000,4925.375000,0
2026.02.04,13:56,4925.935000,4929.375000,4925.935000,4928.235000,0
2026.02.04,13:57,4928.195000,4930.975000,4927.185000,4929.825000,0
2026.02.04,13:58,4929.765000,4931.925000,4929.685000,4930.515000,0
2026.02.04,13:59,4930.545000,4930.585000,4925.515000,4926.965000,0
2026.02.04,14:00,4927.048000,4929.345000,4925.595000,4927.905000,0
2026.02.04,14:01,4927.915000,4931.045000,4925.495000,4929.875000,0
2026.02.04,14:02,4929.865000,4931.605000,4926.015000,4928.285000,0
2026.02.04,14:03,4928.435000,4933.155000,4927.235000,4928.945000,0
2026.02.04,14:04,4928.945000,4930.560000,4914.635000,4914.665000,0
2026.02.04,14:05,4914.565000,4924.145000,4914.155000,4923.685000,0
2026.02.04,14:06,4923.865000,4931.845000,4922.618000,4930.135000,0
2026.02.04,14:07,4930.245000,4933.225000,4928.315000,4929.375000,0
2026.02.04,14:08,4929.255000,4940.845000,4928.865000,4940.648000,0
2026.02.04,14:09,4940.648000,4940.805000,4936.835000,4938.078000,0
2026.02.04,14:10,4938.078000,4940.695000,4937.478000,4939.965000,0
2026.02.04,14:11,4939.965000,4941.745000,4937.168000,4938.825000,0
2026.02.04,14:12,4938.785000,4945.005000,4938.785000,4944.155000,0
2026.02.04,14:13,4944.138000,4945.675000,4942.268000,4943.935000,0
2026.02.04,14:14,4944.448000,4946.638000,4942.525000,4946.638000,0
2026.02.04,14:15,4946.595000,4949.885000,4944.828000,4945.355000,0
2026.02.04,14:16,4945.305000,4945.385000,4939.895000,4941.245000,0
2026.02.04,14:17,4941.275000,4942.735000,4939.595000,4940.815000,0
2026.02.04,14:18,4940.755000,4942.115000,4936.795000,4940.195000,0
2026.02.04,14:19,4940.135000,4942.245000,4937.035000,4937.835000,0
2026.02.04,14:20,4937.715000,4939.265000,4934.415000,4934.695000,0
2026.02.04,14:21,4934.745000,4936.195000,4927.975000,4928.435000,0
2026.02.04,14:22,4928.485000,4928.915000,4920.088000,4921.785000,0
2026.02.04,14:23,4921.835000,4932.738000,4920.525000,4931.158000,0
2026.02.04,14:24,4931.215000,4932.268000,4928.808000,4931.155000,0
2026.02.04,14:25,4931.305000,4935.315000,4931.275000,4933.905000,0
2026.02.04,14:26,4933.925000,4936.425000,4931.605000,4936.425000,0
2026.02.04,14:27,4936.455000,4939.065000,4934.225000,4938.905000,0
2026.02.04,14:28,4938.915000,4939.665000,4937.295000,4938.045000,0
2026.02.04,14:29,4938.055000,4938.225000,4933.295000,4933.545000,0
2026.02.04,14:30,4933.585000,4938.035000,4932.935000,4935.555000,0
2026.02.04,14:31,4935.565000,4935.795000,4928.195000,4929.335000,0
2026.02.04,14:32,4929.895000,4930.665000,4928.378000,4929.825000,0
2026.02.04,14:33,4930.335000,4932.675000,4929.485000,4931.755000,0
2026.02.04,14:34,4931.795000,4932.315000,4928.545000,4930.995000,0
2026.02.04,14:35,4931.288000,4935.165000,4930.465000,4934.975000,0
2026.02.04,14:36,4934.935000,4938.205000,4934.115000,4937.015000,0
2026.02.04,14:37,4937.025000,4938.125000,4935.615000,4936.185000,0
2026.02.04,14:38,4936.135000,4942.295000,4936.135000,4940.745000,0
2026.02.04,14:39,4940.765000,4941.485000,4937.035000,4937.915000,0
2026.02.04,14:40,4938.065000,4942.445000,4936.375000,4942.435000,0
2026.02.04,14:41,4942.655000,4943.785000,4939.345000,4941.715000,0
2026.02.04,14:42,4941.615000,4944.865000,4939.305000,4939.355000,0
2026.02.04,14:43,4939.365000,4941.525000,4938.845000,4941.225000,0
2026.02.04,14:44,4941.245000,4942.135000,4940.318000,4942.085000,0
2026.02.04,14:45,4941.445000,4944.855000,4941.265000,4944.855000,0
2026.02.04,14:46,4944.715000,4948.685000,4944.715000,4948.515000,0
2026.02.04,14:47,4948.885000,4950.395000,4946.895000,4949.985000,0
2026.02.04,14:48,4949.905000,4949.975000,4930.888000,4937.135000,0
2026.02.04,14:49,4937.185000,4939.835000,4934.015000,4937.985000,0
2026.02.04,14:50,4937.905000,4945.785000,4937.735000,4945.175000,0
2026.02.04,14:51,4945.245000,4945.405000,4940.105000,4945.125000,0
2026.02.04,14:52,4945.145000,4954.225000,4944.995000,4953.445000,0
2026.02.04,14:53,4953.415000,4957.335000,4948.995000,4949.015000,0
2026.02.04,14:54,4948.915000,4949.758000,4936.798000,4936.798000,0
2026.02.04,14:55,4936.855000,4938.858000,4931.098000,4938.858000,0
2026.02.04,14:56,4938.875000,4938.875000,4935.698000,4936.315000,0
2026.02.04,14:57,4936.385000,4941.825000,4936.205000,4940.085000,0
2026.02.04,14:58,4940.265000,4942.105000,4939.835000,4940.765000,0
2026.02.04,14:59,4940.725000,4943.198000,4939.765000,4941.535000,0
2026.02.04,15:00,4941.515000,4943.945000,4935.895000,4937.395000,0
2026.02.04,15:01,4937.225000,4939.985000,4936.698000,4939.275000,0
2026.02.04,15:02,4939.265000,4942.758000,4938.315000,4941.905000,0
2026.02.04,15:03,4941.855000,4945.525000,4941.148000,4943.915000,0
2026.02.04,15:04,4943.855000,4945.225000,4940.848000,4941.225000,0
2026.02.04,15:05,4941.225000,4942.435000,4938.055000,4938.215000,0
2026.02.04,15:06,4938.185000,4938.205000,4932.948000,4937.085000,0
2026.02.04,15:07,4937.125000,4939.405000,4936.435000,4937.755000,0
2026.02.04,15:08,4937.755000,4938.755000,4936.385000,4938.745000,0
2026.02.04,15:09,4938.735000,4940.115000,4938.435000,4940.105000,0
2026.02.04,15:10,4940.458000,4941.115000,4936.785000,4937.025000,0
2026.02.04,15:11,4937.025000,4937.365000,4920.955000,4924.345000,0
2026.02.04,15:12,4924.175000,4929.515000,4922.815000,4929.055000,0
2026.02.04,15:13,4929.025000,4931.985000,4929.025000,4931.045000,0
2026.02.04,15:14,4931.105000,4933.305000,4930.585000,4933.305000,0
2026.02.04,15:15,4933.295000,4936.425000,4933.055000,4934.845000,0
2026.02.04,15:16,4934.775000,4934.975000,4924.465000,4925.595000,0
2026.02.04,15:17,4925.615000,4928.515000,4924.405000,4928.205000,0
2026.02.04,15:18,4928.315000,4930.175000,4923.855000,4926.155000,0
2026.02.04,15:19,4926.125000,4928.415000,4924.785000,4926.085000,0
2026.02.04,15:20,4925.555000,4927.295000,4919.035000,4922.435000,0
2026.02.04,15:21,4922.465000,4924.035000,4921.075000,4924.035000,0
2026.02.04,15:22,4924.025000,4930.545000,4923.575000,4930.335000,0
2026.02.04,15:23,4930.365000,4932.705000,4929.085000,4930.685000,0
2026.02.04,15:24,4930.705000,4931.405000,4926.285000,4926.365000,0
2026.02.04,15:25,4926.345000,4928.225000,4923.795000,4927.835000,0
2026.02.04,15:26,4927.745000,4930.125000,4926.265000,4928.485000,0
2026.02.04,15:27,4928.435000,4928.435000,4926.145000,4927.345000,0
2026.02.04,15:28,4927.325000,4928.055000,4925.448000,4926.675000,0
2026.02.04,15:29,4926.595000,4927.115000,4920.855000,4922.275000,0
2026.02.04,15:30,4922.305000,4923.505000,4914.135000,4918.055000,0
2026.02.04,15:31,4918.035000,4919.595000,4916.835000,4917.575000,0
2026.02.04,15:32,4917.615000,4921.575000,4916.685000,4918.255000,0
2026.02.04,15:33,4918.295000,4922.195000,4917.995000,4921.285000,0
2026.02.04,15:34,4921.265000,4927.815000,4920.335000,4927.795000,0
2026.02.04,15:35,4927.808000,4930.615000,4926.305000,4930.145000,0
2026.02.04,15:36,4930.135000,4932.955000,4928.585000,4932.575000,0
2026.02.04,15:37,4932.505000,4939.405000,4932.065000,4939.385000,0
2026.02.04,15:38,4939.365000,4940.035000,4934.608000,4939.815000,0
2026.02.04,15:39,4939.855000,4948.105000,4939.815000,4947.885000,0
2026.02.04,15:40,4947.975000,4949.405000,4945.175000,4947.125000,0
2026.02.04,15:41,4946.618000,4951.035000,4945.825000,4948.365000,0
2026.02.04,15:42,4948.315000,4949.845000,4945.205000,4946.805000,0
2026.02.04,15:43,4946.825000,4949.345000,4946.535000,4947.735000,0
2026.02.04,15:44,4947.715000,4948.015000,4941.488000,4942.135000,0
2026.02.04,15:45,4942.185000,4944.005000,4939.815000,4940.255000,0
2026.02.04,15:46,4940.265000,4944.178000,4938.055000,4943.435000,0
2026.02.04,15:47,4943.455000,4947.315000,4943.455000,4945.505000,0
2026.02.04,15:48,4945.505000,4945.595000,4937.085000,4939.855000,0
2026.02.04,15:49,4939.855000,4940.938000,4937.795000,4940.145000,0
2026.02.04,15:50,4940.165000,4946.318000,4939.115000,4945.245000,0
2026.02.04,15:51,4945.255000,4946.915000,4944.745000,4945.655000,0
2026.02.04,15:52,4945.695000,4949.745000,4945.088000,4946.105000,0
2026.02.04,15:53,4946.105000,4948.055000,4945.535000,4946.495000,0
2026.02.04,15:54,4946.495000,4946.495000,4941.588000,4943.065000,0
2026.02.04,15:55,4943.095000,4950.988000,4942.848000,4944.948000,0
2026.02.04,15:56,4944.948000,4945.108000,4943.088000,4943.388000,0
2026.02.04,15:57,4943.388000,4946.048000,4943.078000,4943.078000,0
2026.02.04,15:58,4943.078000,4944.798000,4943.078000,4944.085000,0
2026.02.04,15:59,4944.018000,4944.365000,4933.768000,4937.705000,0
2026.02.04,16:00,4937.825000,4942.685000,4937.125000,4940.335000,0
2026.02.04,16:01,4940.305000,4944.725000,4939.065000,4944.695000,0
2026.02.04,16:02,4944.675000,4946.465000,4939.679000,4940.325000,0
2026.02.04,16:03,4940.305000,4940.825000,4939.835000,4940.445000,0
2026.02.04,16:04,4940.425000,4942.325000,4940.175000,4941.755000,0
2026.02.04,16:05,4941.765000,4946.115000,4941.465000,4946.105000,0
2026.02.04,16:06,4946.095000,4949.985000,4945.045000,4949.605000,0
2026.02.04,16:07,4949.359000,4949.935000,4947.295000,4947.295000,0
2026.02.04,16:08,4947.285000,4947.625000,4944.885000,4945.055000,0
2026.02.04,16:09,4945.085000,4946.405000,4943.095000,4946.125000,0
2026.02.04,16:10,4946.155000,4946.155000,4943.385000,4943.475000,0
2026.02.04,16:11,4943.485000,4946.195000,4943.379000,4945.205000,0
2026.02.04,16:12,4945.225000,4946.645000,4945.125000,4946.625000,0
2026.02.04,16:13,4946.625000,4948.665000,4946.585000,4947.785000,0
2026.02.04,16:14,4947.775000,4953.315000,4947.505000,4953.235000,0
2026.02.04,16:15,4953.195000,4958.015000,4951.425000,4951.465000,0
2026.02.04,16:16,4951.475000,4958.005000,4951.475000,4957.445000,0
2026.02.04,16:17,4957.405000,4957.405000,4953.355000,4953.355000,0
2026.02.04,16:18,4953.435000,4953.755000,4953.155000,4953.465000,0
2026.02.04,16:19,4953.485000,4953.955000,4952.435000,4953.835000,0
2026.02.04,16:20,4953.825000,4954.115000,4950.425000,4950.945000,0
2026.02.04,16:21,4951.155000,4951.155000,4949.155000,4949.405000,0
2026.02.04,16:22,4949.415000,4950.235000,4949.405000,4949.485000,0
2026.02.04,16:23,4949.495000,4952.365000,4949.495000,4950.965000,0
2026.02.04,16:24,4950.965000,4954.035000,4950.685000,4953.525000,0
2026.02.04,16:25,4953.515000,4954.315000,4952.855000,4954.315000,0
2026.02.04,16:26,4954.375000,4956.695000,4954.258000,4955.345000,0
2026.02.04,16:27,4955.345000,4955.815000,4954.545000,4955.745000,0
2026.02.04,16:28,4955.905000,4958.965000,4955.705000,4958.615000,0
2026.02.04,16:29,4958.635000,4959.205000,4957.655000,4958.635000,0
2026.02.04,16:30,4958.565000,4958.775000,4957.255000,4957.705000,0
2026.02.04,16:31,4957.705000,4957.715000,4953.055000,4953.075000,0
2026.02.04,16:32,4953.045000,4955.085000,4952.235000,4953.695000,0
2026.02.04,16:33,4953.695000,4955.535000,4953.315000,4953.555000,0
2026.02.04,16:34,4953.575000,4955.375000,4953.315000,4955.355000,0
2026.02.04,16:35,4955.385000,4961.725000,4955.385000,4960.625000,0
2026.02.04,16:36,4960.615000,4967.145000,4959.995000,4966.815000,0
2026.02.04,16:37,4966.795000,4968.575000,4965.545000,4966.415000,0
2026.02.04,16:38,4966.415000,4969.825000,4965.665000,4969.315000,0
2026.02.04,16:39,4969.215000,4969.385000,4966.835000,4967.705000,0
2026.02.04,16:40,4967.695000,4967.695000,4965.248000,4965.535000,0
2026.02.04,16:41,4965.435000,4967.225000,4965.375000,4966.055000,0
2026.02.04,16:42,4966.095000,4966.115000,4959.575000,4960.835000,0
2026.02.04,16:43,4960.555000,4962.315000,4959.555000,4961.085000,0
2026.02.04,16:44,4961.175000,4962.255000,4960.515000,4961.305000,0
2026.02.04,16:45,4961.325000,4963.555000,4959.285000,4959.285000,0
2026.02.04,16:46,4959.315000,4962.565000,4958.225000,4961.895000,0
2026.02.04,16:47,4961.915000,4962.175000,4960.805000,4961.595000,0
2026.02.04,16:48,4961.625000,4962.065000,4960.748000,4961.355000,0
2026.02.04,16:49,4961.355000,4963.125000,4961.355000,4963.125000,0
2026.02.04,16:50,4963.095000,4965.245000,4962.495000,4965.065000,0
2026.02.04,16:51,4965.095000,4967.125000,4965.015000,4966.225000,0
2026.02.04,16:52,4966.175000,4967.155000,4965.555000,4966.955000,0
2026.02.04,16:53,4966.965000,4970.475000,4966.855000,4969.675000,0
2026.02.04,16:54,4969.695000,4969.695000,4962.165000,4962.985000,0
2026.02.04,16:55,4962.975000,4964.105000,4960.965000,4962.175000,0
2026.02.04,16:56,4962.185000,4965.225000,4962.185000,4964.715000,0
2026.02.04,16:57,4964.625000,4965.955000,4964.515000,4964.745000,0
2026.02.04,16:58,4964.745000,4966.035000,4964.315000,4964.465000,0
2026.02.04,16:59,4964.445000,4965.945000,4963.965000,4964.125000,0
2026.02.04,18:00,4960.488000,4982.548000,4958.548000,4978.548000,0
2026.02.04,18:01,4979.548000,4987.298000,4958.417000,4987.298000,0
2026.02.04,18:02,4987.298000,4994.148000,4980.028000,4994.148000,0
2026.02.04,18:03,4994.098000,4994.948000,4987.648000,4989.148000,0
2026.02.04,18:04,4984.478000,4993.808000,4984.478000,4993.808000,0
2026.02.04,18:05,4993.898000,4997.548000,4989.309000,4990.148000,0
2026.02.04,18:06,4990.288000,4995.448000,4985.258000,4990.448000,0
2026.02.04,18:07,4990.348000,4993.948000,4987.109000,4993.048000,0
2026.02.04,18:08,4992.648000,4994.758000,4989.458000,4993.948000,0
2026.02.04,18:09,4993.848000,4995.148000,4991.958000,4993.748000,0
2026.02.04,18:10,4993.548000,4994.565000,4990.575000,4992.465000,0
2026.02.04,18:11,4992.505000,4995.725000,4992.505000,4994.845000,0
2026.02.04,18:12,4994.855000,4994.945000,4992.685000,4994.885000,0
2026.02.04,18:13,4994.905000,5002.515000,4994.905000,5000.105000,0
2026.02.04,18:14,4999.935000,5009.195000,4999.935000,5009.195000,0
2026.02.04,18:15,5009.205000,5009.675000,5004.555000,5009.675000,0
2026.02.04,18:16,5009.625000,5014.771000,5007.385000,5011.445000,0
2026.02.04,18:17,5011.575000,5015.885000,5011.395000,5015.135000,0
2026.02.04,18:18,5015.185000,5015.185000,5010.625000,5013.335000,0
2026.02.04,18:19,5012.615000,5013.675000,5007.065000,5007.595000,0
2026.02.04,18:20,5007.885000,5008.195000,5001.795000,5001.805000,0
2026.02.04,18:21,5001.805000,5006.835000,4999.715000,5006.305000,0
2026.02.04,18:22,5006.315000,5011.275000,5006.055000,5010.995000,0
2026.02.04,18:23,5010.625000,5016.745000,5010.345000,5015.835000,0
2026.02.04,18:24,5015.805000,5016.525000,5011.915000,5012.735000,0
2026.02.04,18:25,5012.695000,5017.225000,5012.695000,5013.715000,0
2026.02.04,18:26,5013.625000,5016.385000,5011.275000,5011.855000,0
2026.02.04,18:27,5011.875000,5012.385000,5008.465000,5012.215000,0
2026.02.04,18:28,5012.185000,5020.175000,5012.175000,5020.005000,0
2026.02.04,18:29,5020.055000,5020.665000,5018.625000,5019.175000,0
2026.02.04,18:30,5019.125000,5019.125000,5013.075000,5013.145000,0
2026.02.04,18:31,5013.085000,5016.255000,5008.935000,5014.005000,0
2026.02.04,18:32,5014.025000,5018.565000,5012.995000,5018.505000,0
2026.02.04,18:33,5018.325000,5018.435000,5015.575000,5017.795000,0
2026.02.04,18:34,5016.735000,5021.175000,5016.035000,5019.085000,0
2026.02.04,18:35,5019.115000,5021.715000,5017.595000,5020.755000,0
2026.02.04,18:36,5020.455000,5021.645000,5017.475000,5018.595000,0
2026.02.04,18:37,5018.605000,5020.625000,5017.575000,5017.915000,0
2026.02.04,18:38,5017.895000,5019.915000,5013.545000,5016.815000,0
2026.02.04,18:39,5016.825000,5018.475000,5013.425000,5017.945000,0
2026.02.04,18:40,5018.165000,5020.295000,5016.035000,5018.665000,0
2026.02.04,18:41,5018.715000,5022.005000,5016.325000,5020.765000,0
2026.02.04,18:42,5020.675000,5022.325000,5020.665000,5021.535000,0
2026.02.04,18:43,5021.425000,5022.778000,5020.835000,5022.375000,0
2026.02.04,18:44,5022.395000,5023.375000,5021.545000,5022.295000,0
2026.02.04,18:45,5022.355000,5023.405000,5021.365000,5023.005000,0
2026.02.04,18:46,5023.055000,5023.055000,5020.425000,5021.015000,0
2026.02.04,18:47,5021.505000,5022.905000,5020.005000,5022.765000,0
2026.02.04,18:48,5022.625000,5023.175000,5014.125000,5014.815000,0
2026.02.04,18:49,5014.875000,5022.275000,5014.875000,5021.945000,0
2026.02.04,18:50,5021.915000,5022.615000,5021.695000,5022.125000,0
2026.02.04,18:51,5022.105000,5022.125000,5019.145000,5020.535000,0
2026.02.04,18:52,5020.545000,5021.235000,5019.095000,5019.275000,0
2026.02.04,18:53,5019.245000,5019.865000,5016.915000,5018.925000,0
2026.02.04,18:54,5018.935000,5019.545000,5014.885000,5017.385000,0
2026.02.04,18:55,5017.405000,5021.195000,5014.615000,5015.855000,0
2026.02.04,18:56,5015.845000,5015.845000,5011.458000,5012.765000,0
2026.02.04,18:57,5012.785000,5016.315000,5012.775000,5014.685000,0
2026.02.04,18:58,5014.465000,5014.465000,5009.955000,5010.185000,0
2026.02.04,18:59,5010.205000,5012.695000,5007.605000,5011.895000,0
2026.02.04,19:00,5011.705000,5014.355000,5009.485000,5012.355000,0
2026.02.04,19:01,5012.375000,5012.725000,5009.385000,5010.465000,0
2026.02.04,19:02,5010.505000,5010.665000,5004.075000,5009.105000,0
2026.02.04,19:03,5009.135000,5010.865000,5007.555000,5009.655000,0
2026.02.04,19:04,5009.615000,5016.575000,5009.475000,5016.015000,0
2026.02.04,19:05,5016.385000,5016.815000,5015.985000,5016.505000,0
2026.02.04,19:06,5016.455000,5018.065000,5016.085000,5017.585000,0
2026.02.04,19:07,5017.645000,5017.705000,5011.395000,5011.765000,0
2026.02.04,19:08,5011.725000,5011.855000,5006.585000,5006.885000,0
2026.02.04,19:09,5006.885000,5006.885000,5001.165000,5004.295000,0
2026.02.04,19:10,5004.295000,5005.185000,5003.015000,5003.455000,0
2026.02.04,19:11,5003.485000,5006.495000,5002.785000,5005.315000,0
2026.02.04,19:12,5005.325000,5014.605000,5004.435000,5009.005000,0
2026.02.04,19:13,5009.065000,5009.475000,5005.025000,5005.155000,0
2026.02.04,19:14,5005.095000,5009.915000,4996.305000,4997.785000,0
2026.02.04,19:15,4997.865000,5006.485000,4997.115000,5004.885000,0
2026.02.04,19:16,5004.915000,5009.225000,5004.495000,5009.125000,0
2026.02.04,19:17,5009.075000,5016.805000,5009.075000,5014.745000,0
2026.02.04,19:18,5014.675000,5017.845000,5014.505000,5015.255000,0
2026.02.04,19:19,5015.275000,5017.545000,5014.639000,5017.005000,0
2026.02.04,19:20,5017.065000,5018.045000,5014.225000,5014.995000,0
2026.02.04,19:21,5014.085000,5016.955000,5014.065000,5016.855000,0
2026.02.04,19:22,5016.835000,5018.005000,5013.825000,5013.915000,0
2026.02.04,19:23,5013.965000,5014.435000,5006.595000,5010.265000,0
2026.02.04,19:24,5010.275000,5012.865000,5005.905000,5010.995000,0
2026.02.04,19:25,5011.035000,5015.895000,5011.035000,5015.225000,0
2026.02.04,19:26,5015.055000,5017.785000,5013.355000,5017.695000,0
2026.02.04,19:27,5017.705000,5019.088000,5017.005000,5017.515000,0
2026.02.04,19:28,5017.505000,5018.395000,5016.355000,5016.735000,0
2026.02.04,19:29,5016.625000,5017.005000,5014.775000,5015.039000,0
2026.02.04,19:30,5015.039000,5016.738000,5014.095000,5014.818000,0
2026.02.04,19:31,5014.655000,5015.545000,5014.018000,5014.738000,0
2026.02.04,19:32,5014.938000,5016.048000,5014.448000,5015.848000,0
2026.02.04,19:33,5016.008000,5016.248000,5014.828000,5014.868000,0
2026.02.04,19:34,5014.898000,5015.878000,5008.858000,5009.168000,0
2026.02.04,19:35,5009.095000,5012.728000,5008.878000,5011.048000,0
2026.02.04,19:36,5011.038000,5011.438000,5010.358000,5010.708000,0
2026.02.04,19:37,5010.718000,5016.548000,5010.718000,5016.338000,0
2026.02.04,19:38,5016.338000,5017.418000,5016.318000,5017.115000,0
2026.02.04,19:39,5017.125000,5017.265000,5015.235000,5015.865000,0
2026.02.04,19:40,5015.865000,5015.935000,5014.428000,5014.885000,0
2026.02.04,19:41,5014.885000,5015.365000,5013.765000,5014.665000,0
2026.02.04,19:42,5014.738000,5016.135000,5013.835000,5013.865000,0
2026.02.04,19:43,5013.865000,5017.475000,5013.545000,5017.075000,0
2026.02.04,19:44,5017.105000,5018.085000,5016.975000,5018.025000,0
2026.02.04,19:45,5017.995000,5019.975000,5017.995000,5019.815000,0
2026.02.04,19:46,5019.905000,5020.175000,5018.445000,5018.975000,0
2026.02.04,19:47,5019.015000,5019.755000,5018.815000,5019.715000,0
2026.02.04,19:48,5019.735000,5019.735000,5015.945000,5015.945000,0
2026.02.04,19:49,5015.975000,5018.238000,5015.865000,5016.425000,0
2026.02.04,19:50,5016.455000,5016.785000,5014.885000,5016.045000,0
2026.02.04,19:51,5016.065000,5016.485000,5015.105000,5015.475000,0
2026.02.04,19:52,5015.465000,5015.795000,5011.048000,5015.795000,0
2026.02.04,19:53,5015.805000,5015.948000,5011.205000,5011.775000,0
2026.02.04,19:54,5011.755000,5017.115000,5010.545000,5014.175000,0
2026.02.04,19:55,5014.205000,5014.995000,5008.035000,5009.705000,0
2026.02.04,19:56,5009.705000,5012.105000,5008.775000,5009.435000,0
2026.02.04,19:57,5009.475000,5010.695000,5009.355000,5009.825000,0
2026.02.04,19:58,5009.825000,5009.825000,5003.825000,5006.385000,0
2026.02.04,19:59,5004.725000,5010.575000,5003.945000,5006.335000,0
2026.02.04,20:00,5007.647000,5011.725000,5000.775000,5003.108000,0
2026.02.04,20:01,5003.585000,5007.285000,4990.595000,5000.815000,0
2026.02.04,20:02,5000.805000,5000.805000,4990.415000,4995.035000,0
2026.02.04,20:03,4995.105000,5000.285000,4993.175000,4993.865000,0
2026.02.04,20:04,4993.835000,5003.135000,4993.365000,5001.735000,0
2026.02.04,20:05,5001.795000,5003.055000,4996.725000,5001.698000,0
2026.02.04,20:06,5001.748000,5002.595000,4990.735000,4996.445000,0
2026.02.04,20:07,4996.085000,5005.335000,4994.405000,5004.708000,0
2026.02.04,20:08,5005.415000,5005.415000,4998.705000,4999.825000,0
2026.02.04,20:09,4999.855000,5003.835000,4998.285000,4999.185000,0
2026.02.04,20:10,4999.205000,5000.825000,4991.605000,4995.335000,0
2026.02.04,20:11,4995.319000,4997.395000,4988.035000,4989.425000,0
2026.02.04,20:12,4989.445000,4990.015000,4974.575000,4978.245000,0
2026.02.04,20:13,4978.205000,4981.995000,4972.715000,4975.425000,0
2026.02.04,20:14,4975.705000,4980.115000,4966.655000,4967.615000,0
2026.02.04,20:15,4967.775000,4972.925000,4950.588000,4954.955000,0
2026.02.04,20:16,4954.175000,4959.545000,4945.115000,4949.738000,0
2026.02.04,20:17,4949.625000,4961.335000,4948.495000,4958.125000,0
2026.02.04,20:18,4958.275000,4961.665000,4953.525000,4955.855000,0
2026.02.04,20:19,4955.855000,4956.248000,4943.665000,4943.945000,0
2026.02.04,20:20,4943.945000,4952.848000,4942.935000,4944.869000,0
2026.02.04,20:21,4944.865000,4950.255000,4939.278000,4946.745000,0
2026.02.04,20:22,4946.685000,4959.035000,4941.185000,4957.835000,0
2026.02.04,20:23,4957.835000,4959.855000,4948.105000,4949.645000,0
2026.02.04,20:24,4949.585000,4954.888000,4946.948000,4946.948000,0
2026.02.04,20:25,4946.948000,4949.345000,4937.095000,4942.245000,0
2026.02.04,20:26,4942.225000,4950.875000,4935.215000,4950.235000,0
2026.02.04,20:27,4950.205000,4956.925000,4947.215000,4947.215000,0
2026.02.04,20:28,4949.265000,4957.358000,4948.685000,4955.648000,0
2026.02.04,20:29,4955.718000,4956.288000,4948.485000,4951.775000,0
2026.02.04,20:30,4951.785000,4965.045000,4951.725000,4962.325000,0
2026.02.04,20:31,4962.365000,4967.675000,4961.658000,4966.365000,0
2026.02.04,20:32,4966.255000,4970.405000,4965.398000,4968.365000,0
2026.02.04,20:33,4968.395000,4970.445000,4966.818000,4969.065000,0
2026.02.04,20:34,4968.975000,4971.085000,4964.195000,4970.565000,0
2026.02.04,20:35,4970.585000,4976.465000,4970.585000,4976.105000,0
2026.02.04,20:36,4976.145000,4980.525000,4975.805000,4980.495000,0
2026.02.04,20:37,4980.535000,4981.735000,4976.755000,4977.255000,0
2026.02.04,20:38,4977.255000,4984.485000,4976.875000,4976.895000,0
2026.02.04,20:39,4976.359000,4981.325000,4975.145000,4978.975000,0
2026.02.04,20:40,4978.649000,4979.215000,4968.158000,4968.395000,0
2026.02.04,20:41,4968.455000,4972.655000,4965.675000,4970.135000,0
2026.02.04,20:42,4970.135000,4980.635000,4969.955000,4980.635000,0
2026.02.04,20:43,4980.905000,4983.105000,4977.305000,4977.575000,0
2026.02.04,20:44,4977.605000,4981.385000,4974.605000,4979.475000,0
2026.02.04,20:45,4979.315000,4980.375000,4975.545000,4976.125000,0
2026.02.04,20:46,4976.155000,4978.105000,4972.175000,4973.135000,0
2026.02.04,20:47,4973.105000,4976.255000,4967.985000,4975.905000,0
2026.02.04,20:48,4975.865000,4979.825000,4973.535000,4973.985000,0
2026.02.04,20:49,4974.035000,4980.385000,4973.515000,4979.645000,0
2026.02.04,20:50,4979.625000,4981.408000,4977.155000,4979.165000,0
2026.02.04,20:51,4979.165000,4983.195000,4977.145000,4983.175000,0
2026.02.04,20:52,4983.135000,4983.335000,4975.915000,4980.225000,0
2026.02.04,20:53,4980.345000,4985.875000,4978.185000,4979.835000,0
2026.02.04,20:54,4979.968000,4981.645000,4976.095000,4978.875000,0
2026.02.04,20:55,4978.865000,4981.165000,4977.465000,4977.815000,0
2026.02.04,20:56,4977.945000,4979.055000,4968.558000,4969.655000,0
2026.02.04,20:57,4969.675000,4973.905000,4968.695000,4971.105000,0
2026.02.04,20:58,4971.125000,4973.445000,4961.625000,4961.925000,0
2026.02.04,20:59,4962.115000,4962.265000,4957.255000,4958.285000,0
2026.02.04,21:00,4958.315000,4961.565000,4950.235000,4951.165000,0
2026.02.04,21:01,4951.165000,4956.595000,4948.045000,4952.215000,0
2026.02.04,21:02,4952.435000,4958.515000,4952.435000,4952.525000,0
2026.02.04,21:03,4952.525000,4956.395000,4950.055000,4951.985000,0
2026.02.04,21:04,4951.835000,4954.285000,4948.145000,4949.745000,0
2026.02.04,21:05,4950.365000,4950.365000,4940.115000,4942.525000,0
2026.02.04,21:06,4942.475000,4947.715000,4938.495000,4938.515000,0
2026.02.04,21:07,4938.585000,4942.915000,4931.465000,4932.255000,0
2026.02.04,21:08,4932.235000,4944.305000,4932.045000,4944.085000,0
2026.02.04,21:09,4944.195000,4944.215000,4932.035000,4936.405000,0
2026.02.04,21:10,4936.235000,4943.325000,4933.135000,4943.325000,0
2026.02.04,21:11,4943.345000,4944.805000,4925.175000,4935.015000,0
2026.02.04,21:12,4935.055000,4935.225000,4923.815000,4925.725000,0
2026.02.04,21:13,4925.725000,4927.815000,4918.815000,4927.125000,0
2026.02.04,21:14,4927.355000,4928.415000,4899.029000,4914.295000,0
2026.02.04,21:15,4914.065000,4921.075000,4893.105000,4908.195000,0
2026.02.04,21:16,4908.975000,4912.865000,4896.755000,4897.225000,0
2026.02.04,21:17,4897.225000,4914.895000,4895.845000,4908.295000,0
2026.02.04,21:18,4908.305000,4915.945000,4907.625000,4914.585000,0
2026.02.04,21:19,4914.525000,4917.505000,4905.275000,4907.915000,0
2026.02.04,21:20,4907.955000,4912.325000,4902.795000,4911.965000,0
2026.02.04,21:21,4912.575000,4918.575000,4906.925000,4915.925000,0
2026.02.04,21:22,4915.925000,4927.825000,4915.815000,4925.805000,0
2026.02.04,21:23,4925.825000,4933.149000,4925.205000,4930.349000,0
2026.02.04,21:24,4930.259000,4932.475000,4923.475000,4932.275000,0
2026.02.04,21:25,4932.285000,4937.875000,4930.155000,4934.545000,0
2026.02.04,21:26,4934.545000,4940.375000,4932.375000,4939.895000,0
2026.02.04,21:27,4939.845000,4940.695000,4932.495000,4935.279000,0
2026.02.04,21:28,4935.039000,4936.019000,4925.789000,4935.139000,0
2026.02.04,21:29,4935.609000,4941.579000,4935.609000,4936.389000,0
2026.02.04,21:30,4936.459000,4937.645000,4926.675000,4933.335000,0
2026.02.04,21:31,4933.335000,4940.245000,4932.065000,4939.745000,0
2026.02.04,21:32,4939.745000,4939.905000,4917.875000,4920.439000,0
2026.02.04,21:33,4920.385000,4921.215000,4912.165000,4918.075000,0
2026.02.04,21:34,4918.055000,4924.625000,4911.225000,4920.465000,0
2026.02.04,21:35,4920.465000,4932.535000,4920.385000,4926.245000,0
2026.02.04,21:36,4926.245000,4929.635000,4922.695000,4925.819000,0
2026.02.04,21:37,4925.739000,4926.625000,4919.675000,4923.955000,0
2026.02.04,21:38,4923.935000,4923.935000,4910.968000,4913.735000,0
2026.02.04,21:39,4913.605000,4917.245000,4908.515000,4914.905000,0
2026.02.04,21:40,4914.905000,4915.869000,4903.275000,4911.105000,0
2026.02.04,21:41,4911.365000,4914.165000,4895.485000,4903.106000,0
2026.02.04,21:42,4903.248000,4914.148000,4902.628000,4912.209000,0
2026.02.04,21:43,4912.149000,4912.885000,4905.805000,4906.545000,0
2026.02.04,21:44,4906.565000,4909.795000,4894.805000,4895.835000,0
2026.02.04,21:45,4896.015000,4898.515000,4869.475000,4875.355000,0
2026.02.04,21:46,4876.145000,4886.095000,4872.335000,4874.875000,0
2026.02.04,21:47,4874.419000,4874.885000,4834.945000,4840.448000,0
2026.02.04,21:48,4840.848000,4867.048000,4832.095000,4832.458000,0
2026.02.04,21:49,4832.458000,4856.548000,4826.805000,4851.198000,0
2026.02.04,21:50,4851.098000,4852.798000,4838.648000,4841.388000,0
2026.02.04,21:51,4841.458000,4844.845000,4808.798000,4813.828000,0
2026.02.04,21:52,4813.128000,4820.898000,4803.798000,4815.268000,0
2026.02.04,21:53,4815.708000,4843.035000,4814.798000,4839.478000,0
2026.02.04,21:54,4839.478000,4849.835000,4833.735000,4844.748000,0
2026.02.04,21:55,4843.988000,4845.595000,4831.368000,4845.485000,0
2026.02.04,21:56,4845.065000,4853.158000,4841.328000,4846.299000,0
2026.02.04,21:57,4845.969000,4846.769000,4829.878000,4839.735000,0
2026.02.04,21:58,4840.935000,4841.815000,4825.268000,4826.499000,0
2026.02.04,21:59,4826.349000,4826.519000,4805.938000,4810.648000,0
2026.02.04,22:00,4810.768000,4810.788000,4787.685000,4793.095000,0
2026.02.04,22:01,4792.695000,4812.845000,4792.585000,4804.735000,0
2026.02.04,22:02,4804.735000,4820.748000,4804.435000,4812.935000,0
2026.02.04,22:03,4811.928000,4834.895000,4811.928000,4832.335000,0
2026.02.04,22:04,4832.235000,4843.305000,4824.338000,4836.108000,0
2026.02.04,22:05,4836.138000,4843.858000,4831.248000,4837.348000,0
2026.02.04,22:06,4837.218000,4846.879000,4830.948000,4846.769000,0
2026.02.04,22:07,4846.759000,4847.088000,4831.018000,4835.589000,0
2026.02.04,22:08,4835.539000,4838.928000,4825.588000,4838.449000,0
2026.02.04,22:09,4838.678000,4847.005000,4833.445000,4845.825000,0
2026.02.04,22:10,4845.915000,4857.085000,4845.635000,4853.525000,0
2026.02.04,22:11,4853.565000,4855.495000,4845.855000,4853.508000,0
2026.02.04,22:12,4852.985000,4855.168000,4840.548000,4848.199000,0
2026.02.04,22:13,4848.009000,4857.489000,4847.058000,4851.035000,0
2026.02.04,22:14,4850.969000,4854.795000,4842.955000,4846.235000,0
2026.02.04,22:15,4846.045000,4847.125000,4834.085000,4835.875000,0
2026.02.04,22:16,4835.845000,4847.115000,4832.355000,4844.175000,0
2026.02.04,22:17,4843.995000,4855.845000,4843.185000,4854.445000,0
2026.02.04,22:18,4854.465000,4856.215000,4846.995000,4855.035000,0
2026.02.04,22:19,4855.045000,4861.525000,4852.639000,4859.165000,0
2026.02.04,22:20,4859.165000,4872.425000,4853.875000,4869.685000,0
2026.02.04,22:21,4869.645000,4887.095000,4869.585000,4880.225000,0
2026.02.04,22:22,4880.245000,4880.255000,4869.135000,4871.355000,0
2026.02.04,22:23,4871.225000,4873.285000,4865.355000,4867.695000,0
2026.02.04,22:24,4867.725000,4875.085000,4867.725000,4870.585000,0
2026.02.04,22:25,4870.585000,4876.875000,4868.635000,4876.515000,0
2026.02.04,22:26,4876.515000,4882.055000,4871.115000,4872.785000,0
2026.02.04,22:27,4872.765000,4873.575000,4861.945000,4865.805000,0
2026.02.04,22:28,4865.805000,4869.475000,4860.225000,4861.645000,0
2026.02.04,22:29,4861.155000,4867.895000,4857.275000,4858.025000,0
2026.02.04,22:30,4858.025000,4860.065000,4847.805000,4847.805000,0
2026.02.04,22:31,4847.735000,4858.245000,4847.145000,4853.755000,0
2026.02.04,22:32,4853.745000,4865.585000,4853.435000,4865.025000,0
2026.02.04,22:33,4865.005000,4869.855000,4857.785000,4861.735000,0
2026.02.04,22:34,4861.625000,4864.285000,4857.985000,4859.505000,0
2026.02.04,22:35,4859.505000,4863.625000,4857.015000,4859.965000,0
2026.02.04,22:36,4860.095000,4860.125000,4838.375000,4844.315000,0
2026.02.04,22:37,4844.385000,4854.395000,4843.775000,4853.045000,0
2026.02.04,22:38,4853.045000,4860.718000,4851.348000,4860.359000,0
2026.02.04,22:39,4860.155000,4863.735000,4857.505000,4859.618000,0
2026.02.04,22:40,4859.418000,4861.118000,4851.155000,4856.665000,0
2026.02.04,22:41,4856.665000,4870.098000,4855.505000,4864.649000,0
2026.02.04,22:42,4864.489000,4878.065000,4864.048000,4876.298000,0
2026.02.04,22:43,4876.298000,4876.298000,4869.198000,4871.009000,0
2026.02.04,22:44,4870.779000,4873.295000,4862.208000,4866.175000,0
2026.02.04,22:45,4866.175000,4866.965000,4858.905000,4864.635000,0
2026.02.04,22:46,4864.885000,4873.985000,4862.905000,4868.295000,0
2026.02.04,22:47,4868.325000,4870.245000,4864.695000,4866.485000,0
2026.02.04,22:48,4866.585000,4873.955000,4866.275000,4866.745000,0
2026.02.04,22:49,4866.745000,4866.745000,4857.055000,4865.405000,0
2026.02.04,22:50,4865.405000,4866.848000,4852.145000,4854.225000,0
2026.02.04,22:51,4854.205000,4864.015000,4852.045000,4863.865000,0
2026.02.04,22:52,4863.865000,4866.905000,4857.585000,4859.215000,0
2026.02.04,22:53,4859.055000,4873.765000,4859.055000,4872.795000,0
2026.02.04,22:54,4872.825000,4880.575000,4872.825000,4873.665000,0
2026.02.04,22:55,4873.585000,4876.455000,4871.955000,4874.895000,0
2026.02.04,22:56,4874.955000,4885.215000,4871.085000,4879.205000,0
2026.02.04,22:57,4879.275000,4880.355000,4873.225000,4879.525000,0
2026.02.04,22:58,4879.525000,4879.595000,4872.025000,4873.705000,0
2026.02.04,22:59,4873.685000,4880.935000,4873.045000,4879.905000,0
2026.02.04,23:00,4879.895000,4884.575000,4878.895000,4882.875000,0
2026.02.04,23:01,4882.805000,4882.815000,4875.585000,4875.755000,0
2026.02.04,23:02,4875.819000,4880.235000,4873.665000,4873.765000,0
2026.02.04,23:03,4873.875000,4876.275000,4870.715000,4872.065000,0
2026.02.04,23:04,4872.815000,4873.165000,4865.285000,4866.878000,0
2026.02.04,23:05,4866.615000,4877.075000,4866.615000,4869.215000,0
2026.02.04,23:06,4869.345000,4871.345000,4864.525000,4865.375000,0
2026.02.04,23:07,4865.335000,4873.885000,4865.335000,4867.355000,0
2026.02.04,23:08,4867.465000,4868.695000,4863.999000,4866.465000,0
2026.02.04,23:09,4866.415000,4868.565000,4865.235000,4867.925000,0
2026.02.04,23:10,4867.855000,4869.675000,4865.355000,4866.905000,0
2026.02.04,23:11,4866.935000,4873.145000,4862.765000,4871.375000,0
2026.02.04,23:12,4871.315000,4871.735000,4867.365000,4868.845000,0
2026.02.04,23:13,4868.865000,4871.905000,4863.945000,4864.335000,0
2026.02.04,23:14,4864.325000,4875.435000,4863.635000,4874.495000,0
2026.02.04,23:15,4874.565000,4874.775000,4870.285000,4874.665000,0
2026.02.04,23:16,4874.625000,4881.115000,4873.455000,4881.095000,0
2026.02.04,23:17,4880.945000,4880.945000,4874.505000,4876.205000,0
2026.02.04,23:18,4876.235000,4881.875000,4876.155000,4880.325000,0
2026.02.04,23:19,4880.345000,4884.245000,4878.625000,4879.585000,0
2026.02.04,23:20,4879.605000,4890.068000,4879.605000,4889.595000,0
2026.02.04,23:21,4889.575000,4889.945000,4885.479000,4886.455000,0
2026.02.04,23:22,4886.405000,4890.705000,4885.265000,4888.465000,0
2026.02.04,23:23,4888.435000,4890.615000,4885.505000,4890.105000,0
2026.02.04,23:24,4890.165000,4890.165000,4879.528000,4881.395000,0
2026.02.04,23:25,4881.195000,4884.535000,4878.845000,4883.375000,0
2026.02.04,23:26,4883.325000,4883.678000,4877.965000,4877.975000,0
2026.02.04,23:27,4877.995000,4885.995000,4875.725000,4885.619000,0
2026.02.04,23:28,4885.875000,4885.875000,4880.869000,4885.035000,0
2026.02.04,23:29,4884.975000,4887.925000,4883.365000,4886.285000,0
2026.02.04,23:30,4886.585000,4886.585000,4881.405000,4884.465000,0
2026.02.04,23:31,4884.305000,4887.775000,4882.435000,4884.575000,0
2026.02.04,23:32,4884.755000,4886.575000,4883.345000,4884.775000,0
2026.02.04,23:33,4884.835000,4885.515000,4878.995000,4879.355000,0
2026.02.04,23:34,4877.965000,4885.305000,4877.315000,4885.045000,0
2026.02.04,23:35,4884.955000,4887.275000,4880.635000,4880.665000,0
2026.02.04,23:36,4880.675000,4880.695000,4876.685000,4879.965000,0
2026.02.04,23:37,4879.925000,4880.635000,4876.695000,4877.175000,0
2026.02.04,23:38,4877.165000,4878.725000,4875.725000,4878.575000,0
2026.02.04,23:39,4878.565000,4879.195000,4870.235000,4870.635000,0
2026.02.04,23:40,4870.885000,4880.295000,4869.555000,4880.285000,0
2026.02.04,23:41,4880.345000,4882.745000,4876.055000,4882.595000,0
2026.02.04,23:42,4882.595000,4882.835000,4878.235000,4880.025000,0
2026.02.04,23:43,4880.105000,4884.685000,4879.995000,4883.415000,0
2026.02.04,23:44,4883.355000,4886.205000,4881.685000,4885.865000,0
2026.02.04,23:45,4885.985000,4887.815000,4881.725000,4887.405000,0
2026.02.04,23:46,4887.355000,4887.355000,4882.885000,4883.125000,0
2026.02.04,23:47,4883.045000,4885.935000,4882.975000,4884.795000,0
2026.02.04,23:48,4884.825000,4884.825000,4878.195000,4879.835000,0
2026.02.04,23:49,4879.875000,4882.495000,4878.925000,4880.345000,0
2026.02.04,23:50,4880.345000,4883.375000,4877.345000,4882.745000,0
2026.02.04,23:51,4882.705000,4886.225000,4882.685000,4886.005000,0
2026.02.04,23:52,4885.985000,4886.905000,4883.195000,4884.265000,0
2026.02.04,23:53,4884.265000,4885.765000,4880.685000,4881.295000,0
2026.02.04,23:54,4881.225000,4887.235000,4880.215000,4880.315000,0
2026.02.04,23:55,4880.295000,4881.575000,4872.265000,4873.215000,0
2026.02.04,23:56,4873.185000,4873.225000,4864.725000,4865.695000,0
2026.02.04,23:57,4865.645000,4871.715000,4864.785000,4869.405000,0
2026.02.04,23:58,4869.425000,4871.685000,4867.505000,4869.349000,0
2026.02.04,23:59,4869.445000,4870.865000,4863.195000,4863.425000,0
2026.02.05,00:00,4863.425000,4875.565000,4862.395000,4874.615000,0
2026.02.05,00:01,4874.665000,4875.185000,4869.775000,4872.785000,0
2026.02.05,00:02,4872.755000,4874.315000,4870.125000,4872.365000,0
2026.02.05,00:03,4871.975000,4874.045000,4870.335000,4872.205000,0
2026.02.05,00:04,4872.005000,4872.625000,4870.195000,4872.155000,0
2026.02.05,00:05,4872.105000,4873.975000,4869.435000,4869.535000,0
2026.02.05,00:06,4869.295000,4870.855000,4867.235000,4867.595000,0
2026.02.05,00:07,4867.575000,4868.555000,4859.055000,4859.055000,0
2026.02.05,00:08,4858.945000,4863.125000,4855.255000,4855.805000,0
2026.02.05,00:09,4856.025000,4861.135000,4854.665000,4860.575000,0
2026.02.05,00:10,4860.555000,4863.295000,4860.405000,4862.825000,0
2026.02.05,00:11,4862.805000,4866.205000,4860.665000,4864.205000,0
2026.02.05,00:12,4864.195000,4865.075000,4858.305000,4858.505000,0
2026.02.05,00:13,4858.665000,4859.755000,4851.165000,4852.795000,0
2026.02.05,00:14,4853.025000,4853.955000,4848.675000,4852.415000,0
2026.02.05,00:15,4852.215000,4856.065000,4849.275000,4850.385000,0
2026.02.05,00:16,4850.355000,4856.695000,4849.548000,4855.605000,0
2026.02.05,00:17,4855.635000,4859.195000,4852.925000,4856.305000,0
2026.02.05,00:18,4856.295000,4858.685000,4849.355000,4850.035000,0
2026.02.05,00:19,4850.145000,4852.885000,4849.015000,4852.105000,0
2026.02.05,00:20,4852.075000,4853.405000,4850.965000,4851.685000,0
2026.02.05,00:21,4851.685000,4852.635000,4843.025000,4844.715000,0
2026.02.05,00:22,4843.805000,4852.465000,4839.945000,4851.255000,0
2026.02.05,00:23,4851.285000,4857.345000,4851.265000,4856.075000,0
2026.02.05,00:24,4856.085000,4856.685000,4850.365000,4850.375000,0
2026.02.05,00:25,4851.065000,4853.815000,4851.025000,4852.755000,0
2026.02.05,00:26,4852.835000,4858.355000,4852.675000,4855.925000,0
2026.02.05,00:27,4855.905000,4863.435000,4854.995000,4863.275000,0
2026.02.05,00:28,4863.445000,4865.745000,4863.115000,4864.325000,0
2026.02.05,00:29,4864.355000,4869.675000,4864.245000,4868.155000,0
2026.02.05,00:30,4868.055000,4868.705000,4847.715000,4853.815000,0
2026.02.05,00:31,4853.815000,4857.695000,4847.235000,4849.305000,0
2026.02.05,00:32,4849.305000,4850.195000,4824.115000,4833.955000,0
2026.02.05,00:33,4833.925000,4842.835000,4831.325000,4842.645000,0
2026.02.05,00:34,4842.525000,4844.655000,4830.565000,4840.515000,0
2026.02.05,00:35,4840.405000,4847.995000,4836.555000,4847.515000,0
2026.02.05,00:36,4847.495000,4847.735000,4832.645000,4833.245000,0
2026.02.05,00:37,4833.295000,4846.718000,4833.235000,4845.985000,0
2026.02.05,00:38,4846.015000,4856.755000,4845.715000,4854.075000,0
2026.02.05,00:39,4854.035000,4859.455000,4850.078000,4851.935000,0
2026.02.05,00:40,4852.075000,4859.875000,4850.165000,4859.495000,0
2026.02.05,00:41,4859.515000,4866.178000,4857.005000,4862.405000,0
2026.02.05,00:42,4862.668000,4876.748000,4861.455000,4876.748000,0
2026.02.05,00:43,4876.988000,4886.195000,4873.865000,4885.635000,0
2026.02.05,00:44,4885.665000,4886.488000,4881.058000,4884.468000,0
2026.02.05,00:45,4884.875000,4905.315000,4884.518000,4901.065000,0
2026.02.05,00:46,4901.065000,4903.755000,4894.448000,4895.525000,0
2026.02.05,00:47,4895.545000,4895.545000,4886.158000,4886.198000,0
2026.02.05,00:48,4886.218000,4896.788000,4886.155000,4891.798000,0
2026.02.05,00:49,4892.068000,4897.688000,4888.698000,4893.948000,0
2026.02.05,00:50,4893.948000,4896.315000,4889.748000,4895.695000,0
2026.02.05,00:51,4895.695000,4896.155000,4890.615000,4895.075000,0
2026.02.05,00:52,4895.578000,4899.675000,4891.785000,4897.635000,0
2026.02.05,00:53,4897.625000,4903.385000,4896.415000,4903.355000,0
2026.02.05,00:54,4903.375000,4905.265000,4897.835000,4904.048000,0
2026.02.05,00:55,4904.048000,4905.508000,4894.705000,4894.705000,0
2026.02.05,00:56,4894.705000,4896.865000,4887.845000,4889.105000,0
2026.02.05,00:57,4889.085000,4892.525000,4885.165000,4886.145000,0
2026.02.05,00:58,4886.415000,4891.555000,4885.595000,4890.845000,0
2026.02.05,00:59,4890.765000,4895.655000,4886.535000,4895.655000,0
2026.02.05,01:00,4895.625000,4896.345000,4888.305000,4892.195000,0
2026.02.05,01:01,4892.305000,4892.385000,4876.285000,4878.325000,0
2026.02.05,01:02,4879.305000,4890.185000,4877.598000,4888.755000,0
2026.02.05,01:03,4888.775000,4892.935000,4887.445000,4892.935000,0
2026.02.05,01:04,4892.485000,4892.765000,4888.295000,4889.495000,0
2026.02.05,01:05,4888.755000,4893.685000,4888.755000,4891.055000,0
2026.02.05,01:06,4891.075000,4893.935000,4888.975000,4892.905000,0
2026.02.05,01:07,4892.885000,4905.105000,4892.805000,4904.685000,0
2026.02.05,01:08,4904.665000,4911.385000,4901.695000,4907.245000,0
2026.02.05,01:09,4907.245000,4916.425000,4907.245000,4912.185000,0
2026.02.05,01:10,4912.255000,4915.875000,4911.065000,4915.425000,0
2026.02.05,01:11,4915.375000,4915.375000,4909.825000,4911.785000,0
2026.02.05,01:12,4911.965000,4913.525000,4909.905000,4913.495000,0
2026.02.05,01:13,4914.795000,4920.095000,4914.155000,4914.205000,0
2026.02.05,01:14,4914.025000,4914.025000,4906.708000,4909.775000,0
2026.02.05,01:15,4909.615000,4912.775000,4900.735000,4905.245000,0
2026.02.05,01:16,4904.875000,4913.895000,4902.355000,4912.095000,0
2026.02.05,01:17,4912.055000,4913.075000,4905.675000,4911.525000,0
2026.02.05,01:18,4911.415000,4918.205000,4909.438000,4917.955000,0
2026.02.05,01:19,4917.765000,4922.755000,4912.325000,4912.335000,0
2026.02.05,01:20,4911.415000,4912.575000,4909.025000,4911.795000,0
2026.02.05,01:21,4911.815000,4916.375000,4910.138000,4911.955000,0
2026.02.05,01:22,4911.995000,4919.545000,4911.068000,4919.305000,0
2026.02.05,01:23,4919.255000,4920.735000,4914.595000,4916.865000,0
2026.02.05,01:24,4916.895000,4918.705000,4913.005000,4913.615000,0
2026.02.05,01:25,4913.455000,4919.405000,4910.135000,4919.145000,0
2026.02.05,01:26,4919.115000,4925.705000,4918.565000,4922.665000,0
2026.02.05,01:27,4922.125000,4924.945000,4920.285000,4923.735000,0
2026.02.05,01:28,4923.735000,4929.445000,4922.545000,4928.835000,0
2026.02.05,01:29,4928.855000,4929.515000,4927.395000,4928.895000,0
2026.02.05,01:30,4928.925000,4929.215000,4923.525000,4923.555000,0
2026.02.05,01:31,4923.019000,4924.195000,4917.935000,4919.495000,0
2026.02.05,01:32,4919.698000,4923.005000,4918.535000,4919.315000,0
2026.02.05,01:33,4919.355000,4926.295000,4918.115000,4924.545000,0
2026.02.05,01:34,4924.445000,4926.635000,4922.275000,4924.255000,0
2026.02.05,01:35,4924.335000,4924.725000,4915.485000,4916.225000,0
2026.02.05,01:36,4916.245000,4920.235000,4908.785000,4910.998000,0
2026.02.05,01:37,4911.205000,4916.525000,4909.265000,4914.155000,0
2026.02.05,01:38,4914.175000,4921.185000,4914.165000,4921.125000,0
2026.02.05,01:39,4921.165000,4925.495000,4919.975000,4924.505000,0
2026.02.05,01:40,4924.225000,4925.295000,4922.965000,4924.255000,0
2026.02.05,01:41,4924.225000,4925.995000,4922.745000,4923.915000,0
2026.02.05,01:42,4923.555000,4927.135000,4922.285000,4926.155000,0
2026.02.05,01:43,4926.145000,4926.975000,4925.715000,4926.965000,0
2026.02.05,01:44,4927.565000,4929.935000,4924.545000,4929.065000,0
2026.02.05,01:45,4929.175000,4930.885000,4924.795000,4929.755000,0
2026.02.05,01:46,4929.485000,4933.575000,4922.975000,4924.918000,0
2026.02.05,01:47,4924.955000,4925.895000,4919.698000,4920.108000,0
2026.02.05,01:48,4920.108000,4921.305000,4916.565000,4919.135000,0
2026.02.05,01:49,4919.345000,4924.235000,4918.405000,4924.178000,0
2026.02.05,01:50,4924.155000,4925.575000,4913.225000,4915.215000,0
2026.02.05,01:51,4915.205000,4918.238000,4913.415000,4916.428000,0
2026.02.05,01:52,4916.855000,4917.025000,4909.185000,4912.325000,0
2026.02.05,01:53,4912.375000,4913.475000,4906.175000,4910.565000,0
2026.02.05,01:54,4910.625000,4910.625000,4904.655000,4907.405000,0
2026.02.05,01:55,4907.435000,4907.455000,4897.735000,4903.625000,0
2026.02.05,01:56,4903.825000,4910.495000,4902.325000,4910.485000,0
2026.02.05,01:57,4910.575000,4913.585000,4909.995000,4913.135000,0
2026.02.05,01:58,4913.145000,4916.205000,4911.475000,4914.665000,0
2026.02.05,01:59,4915.945000,4921.095000,4915.945000,4919.315000,0
2026.02.05,02:00,4919.265000,4920.095000,4915.175000,4920.095000,0
2026.02.05,02:01,4920.095000,4925.785000,4918.535000,4924.425000,0
2026.02.05,02:02,4924.445000,4926.875000,4922.968000,4926.375000,0
2026.02.05,02:03,4926.355000,4928.785000,4924.365000,4927.915000,0
2026.02.05,02:04,4927.965000,4928.005000,4924.385000,4926.065000,0
2026.02.05,02:05,4926.055000,4928.375000,4921.715000,4926.095000,0
2026.02.05,02:06,4926.075000,4928.945000,4922.015000,4923.275000,0
2026.02.05,02:07,4923.015000,4925.715000,4921.805000,4922.665000,0
2026.02.05,02:08,4922.645000,4926.125000,4922.405000,4924.805000,0
2026.02.05,02:09,4924.715000,4928.425000,4924.305000,4926.495000,0
2026.02.05,02:10,4926.545000,4927.485000,4923.215000,4924.985000,0
2026.02.05,02:11,4924.965000,4930.615000,4924.315000,4928.945000,0
2026.02.05,02:12,4928.875000,4930.778000,4924.055000,4924.735000,0
2026.02.05,02:13,4924.675000,4927.628000,4921.315000,4923.188000,0
2026.02.05,02:14,4923.218000,4925.418000,4920.108000,4921.438000,0
2026.02.05,02:15,4921.428000,4924.748000,4916.978000,4918.738000,0
2026.02.05,02:16,4918.758000,4926.648000,4917.398000,4925.948000,0
2026.02.05,02:17,4925.988000,4927.005000,4918.658000,4923.895000,0
2026.02.05,02:18,4923.535000,4924.255000,4918.065000,4920.645000,0
2026.02.05,02:19,4920.548000,4920.685000,4916.138000,4920.005000,0
2026.02.05,02:20,4920.035000,4920.095000,4912.685000,4914.395000,0
2026.02.05,02:21,4914.385000,4914.385000,4910.765000,4911.685000,0
2026.02.05,02:22,4910.575000,4920.305000,4910.575000,4919.765000,0
2026.02.05,02:23,4919.885000,4920.855000,4917.675000,4918.675000,0
2026.02.05,02:24,4918.705000,4924.805000,4918.275000,4924.705000,0
2026.02.05,02:25,4924.735000,4931.085000,4924.095000,4930.385000,0
2026.02.05,02:26,4930.098000,4939.925000,4929.545000,4935.675000,0
2026.02.05,02:27,4935.665000,4938.065000,4932.015000,4934.445000,0
2026.02.05,02:28,4934.435000,4935.808000,4928.995000,4934.669000,0
2026.02.05,02:29,4934.669000,4937.049000,4931.525000,4932.095000,0
2026.02.05,02:30,4932.428000,4932.919000,4929.135000,4930.708000,0
2026.02.05,02:31,4930.718000,4933.015000,4924.015000,4924.988000,0
2026.02.05,02:32,4924.998000,4925.705000,4921.395000,4921.455000,0
2026.02.05,02:33,4921.465000,4922.408000,4916.468000,4917.025000,0
2026.02.05,02:34,4917.065000,4919.748000,4915.365000,4917.909000,0
2026.02.05,02:35,4917.929000,4919.085000,4914.248000,4917.799000,0
2026.02.05,02:36,4917.839000,4918.299000,4914.208000,4917.049000,0
2026.02.05,02:37,4917.049000,4920.478000,4916.475000,4916.525000,0
2026.02.05,02:38,4916.515000,4916.515000,4906.575000,4910.249000,0
2026.02.05,02:39,4910.165000,4910.165000,4904.548000,4907.289000,0
2026.02.05,02:40,4907.239000,4910.695000,4902.765000,4903.165000,0
2026.02.05,02:41,4903.155000,4903.805000,4898.405000,4899.405000,0
2026.02.05,02:42,4899.435000,4903.125000,4895.385000,4900.575000,0
2026.02.05,02:43,4900.095000,4907.235000,4897.878000,4905.675000,0
2026.02.05,02:44,4905.719000,4910.395000,4905.719000,4909.965000,0
2026.02.05,02:45,4909.965000,4912.165000,4906.775000,4908.748000,0
2026.02.05,02:46,4908.755000,4911.965000,4906.655000,4911.735000,0
2026.02.05,02:47,4911.775000,4914.125000,4911.435000,4913.925000,0
2026.02.05,02:48,4913.835000,4914.745000,4910.635000,4912.475000,0
2026.02.05,02:49,4912.375000,4912.385000,4908.235000,4908.325000,0
2026.02.05,02:50,4907.575000,4913.595000,4907.575000,4913.085000,0
2026.02.05,02:51,4913.175000,4917.555000,4913.135000,4917.405000,0
2026.02.05,02:52,4917.495000,4918.995000,4916.035000,4917.045000,0
2026.02.05,02:53,4916.995000,4919.785000,4916.885000,4917.465000,0
2026.02.05,02:54,4917.495000,4917.905000,4916.855000,4916.925000,0
2026.02.05,02:55,4916.915000,4917.435000,4913.215000,4917.435000,0
2026.02.05,02:56,4917.445000,4918.625000,4915.885000,4916.215000,0
2026.02.05,02:57,4916.165000,4919.195000,4915.455000,4918.655000,0
2026.02.05,02:58,4918.665000,4919.425000,4916.518000,4916.925000,0
2026.02.05,02:59,4916.915000,4918.815000,4913.288000,4915.505000,0
2026.02.05,03:00,4914.805000,4922.195000,4914.425000,4917.245000,0
2026.02.05,03:01,4917.039000,4919.438000,4914.285000,4914.605000,0
2026.02.05,03:02,4914.615000,4918.995000,4914.385000,4917.395000,0
2026.02.05,03:03,4917.535000,4928.305000,4917.215000,4927.955000,0
2026.02.05,03:04,4928.085000,4928.425000,4918.758000,4919.075000,0
2026.02.05,03:05,4919.095000,4921.548000,4917.035000,4919.465000,0
2026.02.05,03:06,4919.485000,4920.595000,4916.605000,4920.235000,0
2026.02.05,03:07,4920.245000,4920.309000,4917.215000,4917.335000,0
2026.02.05,03:08,4917.325000,4917.395000,4912.255000,4914.145000,0
2026.02.05,03:09,4914.145000,4922.195000,4914.045000,4921.515000,0
2026.02.05,03:10,4921.975000,4926.785000,4921.975000,4926.765000,0
2026.02.05,03:11,4926.815000,4936.455000,4926.435000,4935.625000,0
2026.02.05,03:12,4935.615000,4940.085000,4935.455000,4939.625000,0
2026.02.05,03:13,4939.605000,4941.985000,4936.285000,4936.605000,0
2026.02.05,03:14,4936.535000,4940.515000,4936.095000,4940.315000,0
2026.02.05,03:15,4940.415000,4943.215000,4938.575000,4939.025000,0
2026.02.05,03:16,4938.985000,4940.625000,4938.609000,4939.755000,0
2026.02.05,03:17,4939.755000,4939.755000,4934.465000,4934.775000,0
2026.02.05,03:18,4934.795000,4940.195000,4934.098000,4934.725000,0
2026.02.05,03:19,4934.725000,4935.075000,4930.935000,4931.385000,0
2026.02.05,03:20,4931.355000,4936.005000,4931.085000,4934.505000,0
2026.02.05,03:21,4934.475000,4935.955000,4933.035000,4935.305000,0
2026.02.05,03:22,4935.315000,4941.485000,4935.315000,4939.339000,0
2026.02.05,03:23,4939.349000,4940.605000,4936.615000,4939.895000,0
2026.02.05,03:24,4939.935000,4939.965000,4932.525000,4934.455000,0
2026.02.05,03:25,4934.425000,4935.635000,4930.895000,4930.995000,0
2026.02.05,03:26,4931.025000,4931.315000,4920.015000,4930.255000,0
2026.02.05,03:27,4930.255000,4931.015000,4924.815000,4924.875000,0
2026.02.05,03:28,4924.885000,4925.115000,4919.248000,4919.448000,0
2026.02.05,03:29,4919.015000,4923.345000,4919.015000,4920.855000,0
2026.02.05,03:30,4920.855000,4924.505000,4916.955000,4921.505000,0
2026.02.05,03:31,4921.495000,4922.385000,4918.245000,4919.225000,0
2026.02.05,03:32,4919.225000,4927.755000,4919.215000,4921.935000,0
2026.02.05,03:33,4921.925000,4925.065000,4918.215000,4918.265000,0
2026.02.05,03:34,4918.265000,4929.198000,4917.965000,4926.625000,0
2026.02.05,03:35,4926.625000,4928.465000,4923.275000,4923.945000,0
2026.02.05,03:36,4923.935000,4925.405000,4922.518000,4923.645000,0
2026.02.05,03:37,4923.665000,4925.155000,4919.465000,4920.405000,0
2026.02.05,03:38,4920.295000,4921.455000,4917.965000,4920.815000,0
2026.02.05,03:39,4920.695000,4923.645000,4917.145000,4921.145000,0
2026.02.05,03:40,4921.145000,4923.565000,4919.305000,4921.975000,0
2026.02.05,03:41,4922.085000,4924.265000,4920.275000,4921.955000,0
2026.02.05,03:42,4921.895000,4922.275000,4919.195000,4920.565000,0
2026.02.05,03:43,4920.545000,4922.785000,4918.475000,4920.248000,0
2026.02.05,03:44,4919.885000,4923.245000,4919.885000,4921.925000,0
2026.02.05,03:45,4921.925000,4922.835000,4914.095000,4916.265000,0
2026.02.05,03:46,4916.235000,4921.015000,4915.845000,4916.915000,0
2026.02.05,03:47,4916.915000,4919.085000,4915.285000,4916.225000,0
2026.02.05,03:48,4916.215000,4916.215000,4909.125000,4909.435000,0
2026.02.05,03:49,4909.415000,4910.525000,4908.328000,4908.695000,0
2026.02.05,03:50,4908.665000,4908.699000,4907.579000,4908.679000,0
2026.02.05,03:51,4908.665000,4913.425000,4908.665000,4913.055000,0
2026.02.05,03:52,4913.015000,4915.265000,4910.965000,4913.179000,0
2026.02.05,03:53,4913.309000,4917.189000,4908.705000,4909.039000,0
2026.02.05,03:54,4908.869000,4909.009000,4900.459000,4904.279000,0
2026.02.05,03:55,4904.299000,4912.948000,4903.125000,4912.205000,0
2026.02.05,03:56,4912.225000,4912.875000,4909.579000,4912.875000,0
2026.02.05,03:57,4912.875000,4916.775000,4912.735000,4916.535000,0
2026.02.05,03:58,4916.555000,4918.105000,4914.225000,4914.899000,0
2026.02.05,03:59,4914.899000,4917.289000,4909.448000,4911.275000,0
2026.02.05,04:00,4911.389000,4913.625000,4900.698000,4900.838000,0
2026.02.05,04:01,4900.838000,4907.645000,4889.855000,4892.735000,0
2026.02.05,04:02,4893.135000,4899.125000,4889.785000,4898.475000,0
2026.02.05,04:03,4898.795000,4899.165000,4883.555000,4886.735000,0
2026.02.05,04:04,4886.735000,4892.105000,4881.045000,4883.225000,0
2026.02.05,04:05,4883.265000,4888.025000,4875.975000,4878.735000,0
2026.02.05,04:06,4878.815000,4883.355000,4874.595000,4876.075000,0
2026.02.05,04:07,4876.135000,4881.895000,4873.825000,4873.935000,0
2026.02.05,04:08,4873.935000,4885.085000,4873.885000,4882.045000,0
2026.02.05,04:09,4882.005000,4882.005000,4877.325000,4878.895000,0
2026.02.05,04:10,4878.915000,4881.655000,4873.448000,4876.455000,0
2026.02.05,04:11,4876.505000,4880.125000,4864.165000,4865.065000,0
2026.02.05,04:12,4865.055000,4874.325000,4864.745000,4874.145000,0
2026.02.05,04:13,4874.125000,4876.365000,4866.655000,4869.125000,0
2026.02.05,04:14,4868.675000,4869.405000,4862.075000,4862.245000,0
2026.02.05,04:15,4862.245000,4867.105000,4862.025000,4865.705000,0
2026.02.05,04:16,4865.685000,4873.555000,4862.555000,4871.855000,0
2026.02.05,04:17,4871.845000,4873.445000,4864.325000,4865.998000,0
2026.02.05,04:18,4866.205000,4869.495000,4862.135000,4865.065000,0
2026.02.05,04:19,4865.065000,4867.785000,4862.888000,4864.105000,0
2026.02.05,04:20,4864.105000,4867.685000,4856.985000,4858.235000,0
2026.02.05,04:21,4858.265000,4862.195000,4852.935000,4858.305000,0
2026.02.05,04:22,4858.305000,4875.985000,4858.219000,4875.985000,0
2026.02.05,04:23,4876.165000,4880.345000,4874.645000,4877.099000,0
2026.02.05,04:24,4877.099000,4878.079000,4874.155000,4876.335000,0
2026.02.05,04:25,4875.838000,4878.135000,4873.835000,4877.099000,0
2026.02.05,04:26,4877.109000,4885.955000,4876.659000,4883.975000,0
2026.02.05,04:27,4884.225000,4885.095000,4875.668000,4876.929000,0
2026.02.05,04:28,4876.989000,4877.825000,4874.125000,4875.635000,0
2026.02.05,04:29,4875.645000,4876.295000,4870.298000,4873.175000,0
2026.02.05,04:30,4873.715000,4877.305000,4872.895000,4875.785000,0
2026.02.05,04:31,4876.075000,4884.865000,4875.755000,4882.745000,0
2026.02.05,04:32,4882.785000,4883.825000,4879.615000,4882.645000,0
2026.02.05,04:33,4882.665000,4883.115000,4880.908000,4881.588000,0
2026.02.05,04:34,4881.588000,4884.608000,4879.365000,4883.288000,0
2026.02.05,04:35,4883.298000,4883.875000,4879.198000,4879.225000,0
2026.02.05,04:36,4879.215000,4880.025000,4876.598000,4877.905000,0
2026.02.05,04:37,4877.845000,4881.715000,4876.598000,4881.689000,0
2026.02.05,04:38,4881.695000,4886.645000,4880.525000,4884.925000,0
2026.02.05,04:39,4884.935000,4889.835000,4884.935000,4886.395000,0
2026.02.05,04:40,4886.395000,4887.238000,4880.758000,4880.778000,0
2026.02.05,04:41,4880.778000,4884.585000,4878.025000,4881.339000,0
2026.02.05,04:42,4881.328000,4885.525000,4879.569000,4885.365000,0
2026.02.05,04:43,4885.385000,4887.905000,4883.995000,4884.455000,0
2026.02.05,04:44,4884.475000,4890.895000,4882.815000,4889.535000,0
2026.02.05,04:45,4889.455000,4892.775000,4889.185000,4892.275000,0
2026.02.05,04:46,4892.275000,4893.845000,4890.445000,4893.815000,0
2026.02.05,04:47,4893.815000,4893.885000,4887.178000,4889.098000,0
2026.02.05,04:48,4889.108000,4889.355000,4881.465000,4884.179000,0
2026.02.05,04:49,4884.275000,4884.689000,4881.465000,4881.589000,0
2026.02.05,04:50,4881.589000,4882.359000,4874.005000,4875.015000,0
2026.02.05,04:51,4875.035000,4876.295000,4866.895000,4867.635000,0
2026.02.05,04:52,4867.655000,4869.985000,4865.095000,4865.525000,0
2026.02.05,04:53,4865.525000,4870.775000,4865.125000,4869.539000,0
2026.02.05,04:54,4869.559000,4870.605000,4865.845000,4869.175000,0
2026.02.05,04:55,4869.175000,4869.729000,4855.815000,4858.375000,0
2026.02.05,04:56,4858.655000,4859.075000,4849.145000,4852.605000,0
2026.02.05,04:57,4852.615000,4858.195000,4852.448000,4856.868000,0
2026.02.05,04:58,4856.868000,4861.088000,4856.458000,4859.458000,0
2026.02.05,04:59,4859.468000,4859.945000,4853.935000,4853.935000,0
2026.02.05,05:00,4853.925000,4866.435000,4852.955000,4862.755000,0
2026.02.05,05:01,4862.735000,4866.115000,4856.295000,4856.969000,0
2026.02.05,05:02,4856.959000,4858.565000,4853.709000,4856.955000,0
2026.02.05,05:03,4856.955000,4861.065000,4856.275000,4859.345000,0
2026.02.05,05:04,4859.335000,4861.765000,4855.695000,4860.115000,0
2026.02.05,05:05,4860.095000,4861.675000,4856.605000,4857.675000,0
2026.02.05,05:06,4857.685000,4857.705000,4851.365000,4854.515000,0
2026.02.05,05:07,4854.545000,4861.595000,4853.275000,4858.075000,0
2026.02.05,05:08,4858.035000,4860.985000,4853.118000,4860.198000,0
2026.02.05,05:09,4860.198000,4862.198000,4858.155000,4860.368000,0
2026.02.05,05:10,4860.388000,4865.968000,4859.878000,4864.145000,0
2026.02.05,05:11,4864.235000,4865.075000,4858.915000,4861.539000,0
2026.02.05,05:12,4861.539000,4864.635000,4860.075000,4863.629000,0
2026.02.05,05:13,4863.635000,4866.545000,4862.725000,4866.465000,0
2026.02.05,05:14,4866.465000,4874.325000,4865.925000,4873.865000,0
2026.02.05,05:15,4873.608000,4877.645000,4872.635000,4876.925000,0
2026.02.05,05:16,4876.915000,4877.265000,4870.435000,4871.065000,0
2026.02.05,05:17,4871.135000,4871.135000,4864.149000,4865.455000,0
2026.02.05,05:18,4865.645000,4867.695000,4864.845000,4866.405000,0
2026.02.05,05:19,4866.395000,4866.435000,4863.795000,4864.645000,0
2026.02.05,05:20,4864.625000,4866.835000,4859.335000,4860.305000,0
2026.02.05,05:21,4860.265000,4867.235000,4860.265000,4863.585000,0
2026.02.05,05:22,4863.705000,4865.665000,4857.035000,4857.235000,0
2026.02.05,05:23,4857.365000,4860.505000,4854.705000,4858.095000,0
2026.02.05,05:24,4858.115000,4863.415000,4858.038000,4863.165000,0
2026.02.05,05:25,4863.195000,4865.625000,4861.065000,4861.145000,0
2026.02.05,05:26,4861.135000,4863.385000,4856.695000,4860.845000,0
2026.02.05,05:27,4860.885000,4861.315000,4852.065000,4852.145000,0
2026.02.05,05:28,4852.225000,4856.825000,4847.205000,4856.695000,0
2026.02.05,05:29,4856.705000,4861.495000,4851.735000,4861.045000,0
2026.02.05,05:30,4862.195000,4862.445000,4853.195000,4854.305000,0
2026.02.05,05:31,4854.305000,4856.045000,4851.365000,4852.115000,0
2026.02.05,05:32,4852.145000,4858.275000,4851.845000,4855.335000,0
2026.02.05,05:33,4855.465000,4859.295000,4853.065000,4859.265000,0
2026.02.05,05:34,4859.275000,4863.705000,4859.215000,4863.255000,0
2026.02.05,05:35,4863.265000,4869.865000,4860.855000,4868.345000,0
2026.02.05,05:36,4868.375000,4872.795000,4868.375000,4872.115000,0
2026.02.05,05:37,4872.135000,4872.735000,4868.715000,4869.025000,0
2026.02.05,05:38,4868.785000,4871.275000,4864.145000,4864.145000,0
2026.02.05,05:39,4864.145000,4865.295000,4860.375000,4865.125000,0
2026.02.05,05:40,4865.115000,4873.575000,4865.115000,4872.289000,0
2026.02.05,05:41,4872.305000,4874.955000,4872.088000,4873.879000,0
2026.02.05,05:42,4873.945000,4876.389000,4873.895000,4875.815000,0
2026.02.05,05:43,4875.989000,4878.995000,4872.435000,4872.705000,0
2026.02.05,05:44,4872.555000,4877.945000,4871.515000,4876.015000,0
2026.02.05,05:45,4876.005000,4878.195000,4875.165000,4876.765000,0
2026.02.05,05:46,4876.765000,4885.345000,4876.245000,4884.565000,0
2026.02.05,05:47,4884.455000,4886.871000,4881.805000,4884.985000,0
2026.02.05,05:48,4885.575000,4885.675000,4883.355000,4884.535000,0
2026.02.05,05:49,4884.575000,4884.685000,4881.655000,4882.365000,0
2026.02.05,05:50,4882.355000,4882.355000,4878.875000,4882.065000,0
2026.02.05,05:51,4881.945000,4882.115000,4879.285000,4881.245000,0
2026.02.05,05:52,4881.225000,4881.475000,4873.665000,4874.365000,0
2026.02.05,05:53,4874.265000,4874.715000,4872.645000,4873.435000,0
2026.02.05,05:54,4873.315000,4874.905000,4872.619000,4874.745000,0
2026.02.05,05:55,4874.675000,4876.825000,4872.165000,4874.785000,0
2026.02.05,05:56,4874.775000,4875.105000,4867.765000,4869.305000,0
2026.02.05,05:57,4869.215000,4875.725000,4869.195000,4874.485000,0
2026.02.05,05:58,4874.485000,4878.355000,4874.485000,4875.755000,0
2026.02.05,05:59,4875.685000,4877.685000,4875.129000,4876.565000,0
2026.02.05,06:00,4876.565000,4879.195000,4876.225000,4878.655000,0
2026.02.05,06:01,4878.655000,4884.975000,4877.625000,4884.125000,0
2026.02.05,06:02,4884.125000,4886.065000,4882.695000,4883.695000,0
2026.02.05,06:03,4883.735000,4883.735000,4879.275000,4880.465000,0
2026.02.05,06:04,4880.505000,4880.955000,4877.975000,4878.025000,0
2026.02.05,06:05,4878.015000,4882.635000,4877.935000,4880.155000,0
2026.02.05,06:06,4880.155000,4882.135000,4879.635000,4881.865000,0
2026.02.05,06:07,4881.895000,4883.855000,4880.065000,4882.985000,0
2026.02.05,06:08,4882.935000,4884.955000,4879.065000,4881.435000,0
2026.02.05,06:09,4881.385000,4884.925000,4881.205000,4884.035000,0
2026.02.05,06:10,4884.455000,4886.675000,4882.525000,4883.405000,0
2026.02.05,06:11,4883.405000,4884.405000,4882.465000,4882.765000,0
2026.02.05,06:12,4882.745000,4883.675000,4880.435000,4883.515000,0
2026.02.05,06:13,4883.545000,4885.925000,4881.925000,4881.955000,0
2026.02.05,06:14,4881.955000,4888.535000,4881.955000,4886.765000,0
2026.02.05,06:15,4886.765000,4890.095000,4885.695000,4886.119000,0
2026.02.05,06:16,4886.159000,4888.715000,4884.615000,4884.669000,0
2026.02.05,06:17,4884.679000,4886.615000,4884.045000,4884.115000,0
2026.02.05,06:18,4884.135000,4885.205000,4880.769000,4882.619000,0
2026.02.05,06:19,4882.555000,4882.595000,4878.845000,4880.545000,0
2026.02.05,06:20,4880.565000,4882.275000,4880.485000,4881.459000,0
2026.02.05,06:21,4881.469000,4885.875000,4881.469000,4885.749000,0
2026.02.05,06:22,4885.735000,4888.025000,4884.435000,4887.965000,0
2026.02.05,06:23,4887.965000,4894.195000,4887.919000,4891.335000,0
2026.02.05,06:24,4891.345000,4893.435000,4889.535000,4889.985000,0
2026.02.05,06:25,4890.025000,4892.435000,4888.475000,4888.585000,0
2026.02.05,06:26,4888.575000,4888.895000,4887.465000,4887.875000,0
2026.02.05,06:27,4887.919000,4891.905000,4887.475000,4891.115000,0
2026.02.05,06:28,4891.125000,4892.935000,4888.295000,4889.385000,0
2026.02.05,06:29,4889.615000,4892.455000,4888.948000,4891.605000,0
2026.02.05,06:30,4891.675000,4892.555000,4883.925000,4884.018000,0
2026.02.05,06:31,4884.018000,4884.805000,4881.135000,4884.095000,0
2026.02.05,06:32,4884.115000,4887.929000,4884.115000,4886.179000,0
2026.02.05,06:33,4886.645000,4887.195000,4885.575000,4887.195000,0
2026.02.05,06:34,4887.245000,4888.345000,4887.185000,4887.265000,0
2026.02.05,06:35,4887.225000,4887.585000,4883.185000,4883.415000,0
2026.02.05,06:36,4883.435000,4883.525000,4879.728000,4880.369000,0
2026.02.05,06:37,4879.945000,4880.308000,4875.835000,4878.859000,0
2026.02.05,06:38,4878.865000,4881.329000,4877.588000,4879.545000,0
2026.02.05,06:39,4879.529000,4879.915000,4873.945000,4875.235000,0
2026.02.05,06:40,4875.325000,4875.805000,4873.105000,4874.305000,0
2026.02.05,06:41,4874.415000,4878.735000,4873.735000,4878.735000,0
2026.02.05,06:42,4878.755000,4879.475000,4874.375000,4877.525000,0
2026.02.05,06:43,4877.525000,4879.155000,4870.045000,4870.229000,0
2026.02.05,06:44,4870.235000,4873.345000,4870.045000,4871.325000,0
2026.02.05,06:45,4871.365000,4878.265000,4871.015000,4877.865000,0
2026.02.05,06:46,4878.105000,4885.525000,4876.555000,4880.405000,0
2026.02.05,06:47,4880.405000,4882.485000,4872.048000,4872.215000,0
2026.02.05,06:48,4872.205000,4874.529000,4870.735000,4873.239000,0
2026.02.05,06:49,4873.239000,4876.165000,4870.395000,4871.079000,0
2026.02.05,06:50,4871.239000,4872.239000,4868.955000,4869.729000,0
2026.02.05,06:51,4867.505000,4868.755000,4865.375000,4866.985000,0
2026.02.05,06:52,4867.015000,4868.455000,4864.095000,4865.495000,0
2026.02.05,06:53,4865.495000,4869.085000,4864.665000,4865.558000,0
2026.02.05,06:54,4865.558000,4868.975000,4865.558000,4867.735000,0
2026.02.05,06:55,4867.675000,4873.105000,4866.175000,4866.785000,0
2026.02.05,06:56,4866.795000,4871.375000,4866.795000,4869.935000,0
2026.02.05,06:57,4869.975000,4870.255000,4867.905000,4869.025000,0
2026.02.05,06:58,4868.375000,4868.545000,4865.755000,4866.785000,0
2026.02.05,06:59,4866.785000,4869.385000,4866.765000,4867.845000,0
2026.02.05,07:00,4867.498000,4875.125000,4863.705000,4870.875000,0
2026.02.05,07:01,4870.885000,4871.115000,4863.085000,4867.589000,0
2026.02.05,07:02,4867.649000,4874.965000,4867.649000,4871.195000,0
2026.02.05,07:03,4871.325000,4877.905000,4870.015000,4870.629000,0
2026.02.05,07:04,4870.635000,4871.265000,4860.385000,4863.215000,0
2026.02.05,07:05,4863.379000,4864.105000,4858.605000,4861.095000,0
2026.02.05,07:06,4861.115000,4861.125000,4851.239000,4854.499000,0
2026.02.05,07:07,4854.525000,4857.709000,4852.655000,4852.695000,0
2026.02.05,07:08,4852.765000,4853.805000,4848.095000,4848.585000,0
2026.02.05,07:09,4848.595000,4852.955000,4848.415000,4849.955000,0
2026.02.05,07:10,4849.755000,4850.315000,4842.928000,4846.885000,0
2026.02.05,07:11,4846.905000,4846.905000,4833.125000,4838.685000,0
2026.02.05,07:12,4838.005000,4841.425000,4835.185000,4838.305000,0
2026.02.05,07:13,4838.365000,4840.625000,4833.655000,4836.985000,0
2026.02.05,07:14,4837.015000,4843.775000,4836.825000,4839.645000,0
2026.02.05,07:15,4839.535000,4843.805000,4837.745000,4843.455000,0
2026.02.05,07:16,4843.455000,4845.275000,4833.845000,4834.985000,0
2026.02.05,07:17,4834.985000,4838.225000,4832.475000,4835.565000,0
2026.02.05,07:18,4835.615000,4839.585000,4829.565000,4831.698000,0
2026.02.05,07:19,4831.728000,4832.865000,4819.435000,4819.769000,0
2026.02.05,07:20,4819.689000,4825.375000,4817.645000,4824.255000,0
2026.02.05,07:21,4824.165000,4827.895000,4817.755000,4818.505000,0
2026.02.05,07:22,4818.549000,4826.855000,4818.295000,4825.505000,0
2026.02.05,07:23,4825.485000,4828.055000,4825.465000,4827.125000,0
2026.02.05,07:24,4827.155000,4831.215000,4821.945000,4823.885000,0
2026.02.05,07:25,4824.035000,4825.735000,4810.085000,4813.695000,0
2026.02.05,07:26,4813.235000,4830.265000,4813.055000,4829.675000,0
2026.02.05,07:27,4829.665000,4843.455000,4828.795000,4843.305000,0
2026.02.05,07:28,4843.335000,4848.045000,4839.555000,4844.235000,0
2026.02.05,07:29,4844.245000,4847.865000,4842.535000,4847.689000,0
2026.02.05,07:30,4847.635000,4854.465000,4840.145000,4851.665000,0
2026.02.05,07:31,4851.709000,4859.495000,4851.625000,4855.315000,0
2026.02.05,07:32,4855.315000,4856.145000,4851.065000,4854.715000,0
2026.02.05,07:33,4854.705000,4856.695000,4851.295000,4855.425000,0
2026.02.05,07:34,4855.475000,4859.525000,4853.025000,4858.445000,0
2026.02.05,07:35,4858.435000,4870.445000,4856.895000,4859.955000,0
2026.02.05,07:36,4860.005000,4860.005000,4845.285000,4853.545000,0
2026.02.05,07:37,4853.495000,4864.245000,4852.195000,4862.445000,0
2026.02.05,07:38,4862.455000,4866.365000,4860.295000,4864.369000,0
2026.02.05,07:39,4864.268000,4864.268000,4859.715000,4861.009000,0
2026.02.05,07:40,4860.979000,4864.405000,4856.095000,4858.795000,0
2026.02.05,07:41,4858.905000,4862.609000,4855.638000,4855.955000,0
2026.02.05,07:42,4855.835000,4860.499000,4852.015000,4860.099000,0
2026.02.05,07:43,4860.129000,4863.425000,4852.228000,4852.795000,0
2026.02.05,07:44,4852.755000,4853.738000,4843.578000,4847.408000,0
2026.02.05,07:45,4847.408000,4864.555000,4847.035000,4863.898000,0
2026.02.05,07:46,4863.898000,4866.695000,4862.845000,4865.249000,0
2026.02.05,07:47,4865.289000,4867.785000,4862.379000,4862.719000,0
2026.02.05,07:48,4862.609000,4863.245000,4852.778000,4858.788000,0
2026.02.05,07:49,4858.978000,4866.268000,4857.748000,4864.039000,0
2026.02.05,07:50,4864.059000,4865.078000,4858.799000,4861.369000,0
2026.02.05,07:51,4861.499000,4865.888000,4858.605000,4861.479000,0
2026.02.05,07:52,4861.185000,4862.409000,4858.445000,4860.255000,0
2026.02.05,07:53,4860.479000,4860.479000,4853.435000,4859.289000,0
2026.02.05,07:54,4859.479000,4861.849000,4856.398000,4858.539000,0
2026.02.05,07:55,4858.329000,4858.539000,4848.018000,4848.889000,0
2026.02.05,07:56,4848.889000,4858.115000,4848.889000,4853.848000,0
2026.02.05,07:57,4853.848000,4857.125000,4847.475000,4856.919000,0
2026.02.05,07:58,4856.909000,4860.849000,4854.755000,4856.039000,0
2026.02.05,07:59,4856.119000,4856.119000,4837.895000,4853.075000,0
2026.02.05,08:00,4853.039000,4854.085000,4828.525000,4843.985000,0
2026.02.05,08:01,4842.875000,4843.575000,4815.428000,4824.518000,0
2026.02.05,08:02,4824.408000,4837.008000,4820.328000,4823.895000,0
2026.02.05,08:03,4823.828000,4829.448000,4812.675000,4814.678000,0
2026.02.05,08:04,4814.765000,4823.978000,4812.775000,4822.019000,0
2026.02.05,08:05,4821.365000,4825.018000,4811.775000,4814.335000,0
2026.02.05,08:06,4814.145000,4817.485000,4801.388000,4810.599000,0
2026.02.05,08:07,4811.638000,4824.745000,4808.945000,4824.545000,0
2026.02.05,08:08,4824.515000,4825.978000,4815.185000,4822.958000,0
2026.02.05,08:09,4822.988000,4825.388000,4814.599000,4825.048000,0
2026.02.05,08:10,4824.948000,4825.358000,4819.198000,4823.998000,0
2026.02.05,08:11,4823.998000,4839.608000,4822.298000,4831.698000,0
2026.02.05,08:12,4831.698000,4834.298000,4825.935000,4828.609000,0
2026.02.05,08:13,4828.729000,4831.318000,4826.758000,4827.098000,0
2026.02.05,08:14,4827.368000,4828.448000,4818.625000,4824.995000,0
2026.02.05,08:15,4824.715000,4840.375000,4824.035000,4840.185000,0
2026.02.05,08:16,4840.905000,4843.665000,4836.615000,4836.679000,0
2026.02.05,08:17,4836.545000,4842.738000,4836.535000,4837.539000,0
2026.02.05,08:18,4837.539000,4844.568000,4836.905000,4844.548000,0
2026.02.05,08:19,4844.485000,4846.008000,4833.398000,4836.248000,0
2026.02.05,08:20,4836.588000,4845.385000,4834.128000,4840.895000,0
2026.02.05,08:21,4840.925000,4850.398000,4840.895000,4849.998000,0
2026.02.05,08:22,4849.895000,4852.459000,4844.968000,4848.549000,0
2026.02.05,08:23,4849.098000,4858.118000,4849.098000,4856.098000,0
2026.02.05,08:24,4856.098000,4859.358000,4852.948000,4856.628000,0
2026.02.05,08:25,4856.505000,4860.375000,4851.968000,4859.598000,0
2026.02.05,08:26,4859.598000,4861.675000,4853.185000,4860.375000,0
2026.02.05,08:27,4860.418000,4865.248000,4854.255000,4855.915000,0
2026.02.05,08:28,4855.995000,4857.885000,4850.555000,4853.615000,0
2026.02.05,08:29,4853.625000,4857.805000,4848.165000,4849.798000,0
2026.02.05,08:30,4850.698000,4860.598000,4840.435000,4854.475000,0
2026.02.05,08:31,4854.505000,4859.428000,4847.648000,4858.865000,0
2026.02.05,08:32,4858.845000,4866.955000,4854.315000,4863.538000,0
2026.02.05,08:33,4863.618000,4863.618000,4855.855000,4861.248000,0
2026.02.05,08:34,4861.248000,4863.358000,4857.748000,4862.008000,0
2026.02.05,08:35,4861.998000,4863.445000,4854.285000,4859.025000,0
2026.02.05,08:36,4859.025000,4864.415000,4850.705000,4851.755000,0
2026.02.05,08:37,4851.535000,4855.465000,4846.535000,4849.055000,0
2026.02.05,08:38,4849.065000,4856.505000,4846.535000,4853.045000,0
2026.02.05,08:39,4853.015000,4853.015000,4838.155000,4838.765000,0
2026.02.05,08:40,4838.975000,4845.785000,4834.715000,4844.025000,0
2026.02.05,08:41,4844.165000,4844.745000,4835.248000,4842.505000,0
2026.02.05,08:42,4842.445000,4844.425000,4832.785000,4833.455000,0
2026.02.05,08:43,4833.475000,4833.475000,4825.255000,4829.675000,0
2026.02.05,08:44,4829.615000,4830.898000,4822.245000,4824.305000,0
2026.02.05,08:45,4824.095000,4831.265000,4819.635000,4831.225000,0
2026.02.05,08:46,4830.385000,4832.035000,4825.695000,4830.985000,0
2026.02.05,08:47,4831.015000,4836.435000,4830.415000,4836.185000,0
2026.02.05,08:48,4836.215000,4836.215000,4830.798000,4831.295000,0
2026.02.05,08:49,4831.275000,4832.105000,4824.935000,4827.935000,0
2026.02.05,08:50,4827.905000,4838.445000,4827.905000,4835.768000,0
2026.02.05,08:51,4835.768000,4840.478000,4831.365000,4835.775000,0
2026.02.05,08:52,4835.825000,4841.355000,4835.825000,4838.715000,0
2026.02.05,08:53,4838.805000,4840.285000,4836.425000,4840.285000,0
2026.02.05,08:54,4839.775000,4846.255000,4837.325000,4841.175000,0
2026.02.05,08:55,4841.175000,4842.005000,4835.835000,4839.185000,0
2026.02.05,08:56,4839.125000,4844.595000,4838.275000,4841.458000,0
2026.02.05,08:57,4841.478000,4846.145000,4833.368000,4835.115000,0
2026.02.05,08:58,4835.145000,4835.245000,4829.455000,4830.095000,0
2026.02.05,08:59,4830.108000,4835.055000,4826.355000,4835.055000,0
2026.02.05,09:00,4835.075000,4835.095000,4822.185000,4823.475000,0
2026.02.05,09:01,4823.455000,4825.475000,4814.478000,4818.755000,0
2026.02.05,09:02,4818.725000,4828.425000,4818.695000,4828.315000,0
2026.02.05,09:03,4828.245000,4835.875000,4823.875000,4825.488000,0
2026.02.05,09:04,4825.498000,4828.145000,4822.165000,4825.268000,0
2026.02.05,09:05,4825.378000,4829.685000,4822.325000,4827.898000,0
2026.02.05,09:06,4827.395000,4846.505000,4826.325000,4846.505000,0
2026.02.05,09:07,4846.555000,4849.785000,4838.515000,4843.148000,0
2026.02.05,09:08,4843.138000,4846.535000,4831.735000,4834.195000,0
2026.02.05,09:09,4834.195000,4838.315000,4827.155000,4836.505000,0
2026.02.05,09:10,4837.105000,4842.375000,4835.355000,4841.935000,0
2026.02.05,09:11,4841.885000,4843.115000,4832.865000,4832.965000,0
2026.02.05,09:12,4832.615000,4837.305000,4829.465000,4831.995000,0
2026.02.05,09:13,4832.025000,4836.375000,4830.725000,4831.008000,0
2026.02.05,09:14,4831.005000,4832.465000,4811.295000,4813.895000,0
2026.02.05,09:15,4814.205000,4823.695000,4812.405000,4816.575000,0
2026.02.05,09:16,4816.575000,4820.815000,4814.585000,4816.135000,0
2026.02.05,09:17,4816.305000,4821.505000,4812.965000,4820.885000,0
2026.02.05,09:18,4820.935000,4822.405000,4810.925000,4816.385000,0
2026.02.05,09:19,4816.355000,4819.045000,4809.795000,4815.535000,0
2026.02.05,09:20,4815.105000,4819.585000,4814.395000,4816.985000,0
2026.02.05,09:21,4816.325000,4820.645000,4814.205000,4815.765000,0
2026.02.05,09:22,4815.835000,4819.245000,4809.975000,4815.845000,0
2026.02.05,09:23,4815.875000,4823.895000,4815.315000,4823.395000,0
2026.02.05,09:24,4823.365000,4829.845000,4820.485000,4828.535000,0
2026.02.05,09:25,4828.845000,4834.335000,4828.205000,4828.885000,0
2026.02.05,09:26,4828.875000,4837.875000,4828.855000,4836.545000,0
2026.02.05,09:27,4836.645000,4837.495000,4831.548000,4832.935000,0
2026.02.05,09:28,4832.948000,4837.725000,4832.368000,4834.808000,0
2026.02.05,09:29,4834.828000,4835.795000,4829.365000,4835.015000,0
2026.02.05,09:30,4834.985000,4836.231000,4824.215000,4827.715000,0
2026.02.05,09:31,4827.775000,4830.435000,4814.025000,4818.965000,0
2026.02.05,09:32,4819.045000,4821.015000,4810.785000,4813.095000,0
2026.02.05,09:33,4813.005000,4816.965000,4805.735000,4816.635000,0
2026.02.05,09:34,4816.745000,4828.275000,4812.495000,4823.725000,0
2026.02.05,09:35,4823.585000,4824.215000,4815.935000,4818.665000,0
2026.02.05,09:36,4818.675000,4824.595000,4811.535000,4814.865000,0
2026.02.05,09:37,4814.835000,4833.525000,4812.755000,4833.045000,0
2026.02.05,09:38,4833.085000,4842.535000,4828.615000,4840.525000,0
2026.02.05,09:39,4840.525000,4855.215000,4840.525000,4851.178000,0
2026.02.05,09:40,4850.655000,4865.265000,4849.475000,4861.235000,0
2026.02.05,09:41,4862.145000,4862.745000,4853.975000,4853.975000,0
2026.02.05,09:42,4853.975000,4863.735000,4853.488000,4856.765000,0
2026.02.05,09:43,4856.365000,4864.275000,4856.165000,4858.175000,0
2026.02.05,09:44,4858.145000,4864.205000,4856.715000,4858.695000,0
2026.02.05,09:45,4858.755000,4862.925000,4851.605000,4858.405000,0
2026.02.05,09:46,4858.455000,4866.048000,4853.855000,4854.918000,0
2026.02.05,09:47,4854.895000,4859.175000,4846.828000,4847.455000,0
2026.02.05,09:48,4847.598000,4850.618000,4843.178000,4845.218000,0
2026.02.05,09:49,4845.218000,4852.315000,4839.755000,4849.615000,0
2026.02.05,09:50,4849.655000,4859.855000,4848.705000,4857.898000,0
2026.02.05,09:51,4857.965000,4869.198000,4855.745000,4866.368000,0
2026.02.05,09:52,4866.398000,4867.505000,4860.725000,4862.828000,0
2026.02.05,09:53,4862.828000,4866.498000,4853.788000,4855.418000,0
2026.02.05,09:54,4855.438000,4859.338000,4853.398000,4854.585000,0
2026.02.05,09:55,4854.605000,4858.585000,4848.515000,4849.478000,0
2026.02.05,09:56,4849.305000,4852.535000,4845.698000,4850.165000,0
2026.02.05,09:57,4850.145000,4852.615000,4838.885000,4839.675000,0
2026.02.05,09:58,4840.065000,4851.025000,4838.905000,4846.915000,0
2026.02.05,09:59,4846.975000,4849.825000,4844.265000,4845.215000,0
2026.02.05,10:00,4844.475000,4865.575000,4840.995000,4844.948000,0
2026.02.05,10:01,4844.868000,4848.035000,4830.845000,4831.165000,0
2026.02.05,10:02,4831.265000,4843.455000,4823.695000,4834.745000,0
2026.02.05,10:03,4834.795000,4844.395000,4832.715000,4836.745000,0
2026.02.05,10:04,4836.495000,4837.295000,4825.165000,4829.625000,0
2026.02.05,10:05,4830.115000,4832.845000,4822.835000,4829.245000,0
2026.02.05,10:06,4829.245000,4832.355000,4821.475000,4828.535000,0
2026.02.05,10:07,4828.685000,4835.015000,4825.255000,4834.105000,0
2026.02.05,10:08,4834.075000,4852.135000,4833.685000,4850.405000,0
2026.02.05,10:09,4850.405000,4857.225000,4848.725000,4850.098000,0
2026.02.05,10:10,4850.065000,4856.048000,4841.685000,4844.095000,0
2026.02.05,10:11,4843.985000,4844.735000,4836.295000,4839.345000,0
2026.02.05,10:12,4839.325000,4841.005000,4830.725000,4834.105000,0
2026.02.05,10:13,4834.165000,4836.415000,4831.278000,4835.185000,0
2026.02.05,10:14,4834.885000,4835.065000,4826.095000,4827.905000,0
2026.02.05,10:15,4827.895000,4832.385000,4822.755000,4832.285000,0
2026.02.05,10:16,4832.315000,4840.325000,4831.355000,4839.545000,0
2026.02.05,10:17,4840.095000,4844.815000,4833.148000,4844.765000,0
2026.02.05,10:18,4844.715000,4845.205000,4838.875000,4843.415000,0
2026.02.05,10:19,4843.485000,4844.285000,4838.745000,4843.515000,0
2026.02.05,10:20,4843.445000,4843.445000,4832.535000,4834.945000,0
2026.02.05,10:21,4834.618000,4841.785000,4831.915000,4836.055000,0
2026.02.05,10:22,4836.015000,4836.538000,4825.375000,4827.435000,0
2026.02.05,10:23,4827.705000,4832.465000,4826.745000,4829.525000,0
2026.02.05,10:24,4829.515000,4834.425000,4828.975000,4830.625000,0
2026.02.05,10:25,4830.275000,4840.955000,4829.895000,4839.335000,0
2026.02.05,10:26,4839.235000,4839.235000,4826.198000,4827.085000,0
2026.02.05,10:27,4827.195000,4827.525000,4815.725000,4816.775000,0
2026.02.05,10:28,4816.815000,4821.645000,4812.965000,4815.435000,0
2026.02.05,10:29,4815.485000,4821.985000,4813.415000,4819.208000,0
2026.02.05,10:30,4818.825000,4825.055000,4817.545000,4820.468000,0
2026.02.05,10:31,4819.845000,4823.845000,4818.435000,4818.665000,0
2026.02.05,10:32,4818.848000,4820.445000,4811.295000,4819.915000,0
2026.02.05,10:33,4819.408000,4822.145000,4813.735000,4814.705000,0
2026.02.05,10:34,4814.775000,4818.285000,4810.125000,4813.935000,0
2026.02.05,10:35,4813.995000,4821.425000,4813.035000,4817.895000,0
2026.02.05,10:36,4817.985000,4823.645000,4817.345000,4823.645000,0
2026.02.05,10:37,4823.635000,4828.385000,4821.045000,4822.965000,0
2026.02.05,10:38,4823.065000,4831.325000,4823.065000,4830.335000,0
2026.02.05,10:39,4830.315000,4837.915000,4829.575000,4834.585000,0
2026.02.05,10:40,4834.555000,4835.695000,4826.095000,4829.415000,0
2026.02.05,10:41,4829.205000,4829.275000,4822.755000,4824.255000,0
2026.02.05,10:42,4824.225000,4830.395000,4824.225000,4827.785000,0
2026.02.05,10:43,4827.795000,4829.935000,4816.535000,4817.725000,0
2026.02.05,10:44,4817.705000,4818.255000,4809.495000,4811.175000,0
2026.02.05,10:45,4811.325000,4815.385000,4809.805000,4810.075000,0
2026.02.05,10:46,4810.055000,4810.055000,4802.685000,4804.755000,0
2026.02.05,10:47,4804.755000,4806.785000,4800.385000,4800.425000,0
2026.02.05,10:48,4800.405000,4807.165000,4800.055000,4805.365000,0
2026.02.05,10:49,4805.575000,4815.205000,4803.665000,4814.995000,0
2026.02.05,10:50,4815.035000,4819.535000,4813.205000,4815.475000,0
2026.02.05,10:51,4815.375000,4821.255000,4814.418000,4821.155000,0
2026.02.05,10:52,4821.195000,4824.875000,4815.985000,4817.295000,0
2026.02.05,10:53,4817.335000,4824.325000,4815.615000,4818.965000,0
2026.02.05,10:54,4818.925000,4821.265000,4809.075000,4810.805000,0
2026.02.05,10:55,4810.865000,4820.335000,4809.625000,4817.355000,0
2026.02.05,10:56,4817.385000,4818.698000,4810.885000,4812.645000,0
2026.02.05,10:57,4812.675000,4814.305000,4807.325000,4813.565000,0
2026.02.05,10:58,4813.965000,4816.505000,4807.655000,4809.875000,0
2026.02.05,10:59,4809.855000,4818.575000,4808.155000,4817.345000,0
2026.02.05,11:00,4817.265000,4820.675000,4812.155000,4813.275000,0
2026.02.05,11:01,4813.485000,4827.805000,4813.045000,4826.725000,0
2026.02.05,11:02,4826.775000,4829.695000,4824.345000,4824.605000,0
2026.02.05,11:03,4824.705000,4827.745000,4821.815000,4822.105000,0
2026.02.05,11:04,4822.125000,4823.865000,4815.855000,4817.915000,0
2026.02.05,11:05,4817.815000,4825.245000,4815.335000,4824.655000,0
2026.02.05,11:06,4824.575000,4832.885000,4824.545000,4830.628000,0
2026.02.05,11:07,4830.628000,4836.565000,4828.815000,4830.175000,0
2026.02.05,11:08,4830.195000,4835.865000,4830.195000,4835.145000,0
2026.02.05,11:09,4835.105000,4835.895000,4825.785000,4825.785000,0
2026.02.05,11:10,4825.695000,4840.975000,4825.695000,4830.125000,0
2026.02.05,11:11,4830.125000,4832.848000,4826.925000,4827.675000,0
2026.02.05,11:12,4827.805000,4833.045000,4823.348000,4824.479000,0
2026.02.05,11:13,4824.479000,4825.958000,4820.685000,4823.648000,0
2026.02.05,11:14,4823.715000,4826.058000,4819.388000,4820.089000,0
2026.02.05,11:15,4820.089000,4833.548000,4817.948000,4832.795000,0
2026.02.05,11:16,4833.178000,4833.538000,4824.498000,4828.539000,0
2026.02.05,11:17,4828.539000,4832.339000,4825.815000,4832.249000,0
2026.02.05,11:18,4832.099000,4834.898000,4829.768000,4831.589000,0
2026.02.05,11:19,4831.579000,4837.629000,4828.748000,4837.469000,0
2026.02.05,11:20,4837.529000,4842.079000,4836.428000,4840.539000,0
2026.02.05,11:21,4840.579000,4845.019000,4837.198000,4841.098000,0
2026.02.05,11:22,4840.895000,4848.799000,4840.735000,4845.679000,0
2026.02.05,11:23,4845.669000,4849.925000,4842.245000,4849.395000,0
2026.02.05,11:24,4849.445000,4851.588000,4846.155000,4849.855000,0
2026.02.05,11:25,4849.845000,4851.208000,4845.898000,4846.115000,0
2026.02.05,11:26,4846.165000,4851.495000,4844.335000,4845.305000,0
2026.02.05,11:27,4845.345000,4852.165000,4845.345000,4850.725000,0
2026.02.05,11:28,4850.755000,4856.595000,4848.575000,4855.405000,0
2026.02.05,11:29,4855.375000,4856.115000,4848.698000,4849.198000,0
2026.02.05,11:30,4849.425000,4855.325000,4848.405000,4849.195000,0
2026.02.05,11:31,4849.255000,4852.145000,4847.865000,4847.865000,0
2026.02.05,11:32,4847.885000,4856.365000,4846.415000,4851.298000,0
2026.02.05,11:33,4850.595000,4854.798000,4849.029000,4849.298000,0
2026.02.05,11:34,4849.298000,4853.395000,4847.038000,4851.898000,0
2026.02.05,11:35,4852.098000,4852.698000,4846.228000,4849.098000,0
2026.02.05,11:36,4849.088000,4851.558000,4846.998000,4848.485000,0
2026.02.05,11:37,4848.598000,4851.625000,4844.288000,4848.948000,0
2026.02.05,11:38,4848.948000,4863.675000,4846.895000,4862.748000,0
2026.02.05,11:39,4862.775000,4863.095000,4857.895000,4859.029000,0
2026.02.05,11:40,4859.109000,4861.685000,4855.275000,4857.925000,0
2026.02.05,11:41,4857.985000,4862.055000,4854.755000,4860.305000,0
2026.02.05,11:42,4859.648000,4864.498000,4859.095000,4861.875000,0
2026.02.05,11:43,4861.845000,4875.425000,4861.248000,4874.948000,0
2026.02.05,11:44,4874.948000,4879.895000,4873.075000,4878.055000,0
2026.02.05,11:45,4877.975000,4882.135000,4873.415000,4874.045000,0
2026.02.05,11:46,4874.055000,4875.275000,4868.595000,4874.425000,0
2026.02.05,11:47,4874.588000,4875.168000,4863.905000,4865.845000,0
2026.02.05,11:48,4865.815000,4871.155000,4864.195000,4870.615000,0
2026.02.05,11:49,4870.595000,4886.165000,4870.375000,4883.625000,0
2026.02.05,11:50,4883.675000,4900.475000,4883.675000,4899.045000,0
2026.02.05,11:51,4899.025000,4902.065000,4896.508000,4898.268000,0
2026.02.05,11:52,4898.275000,4899.028000,4893.548000,4895.848000,0
2026.02.05,11:53,4895.848000,4900.848000,4892.575000,4897.865000,0
2026.02.05,11:54,4897.895000,4906.095000,4897.818000,4902.855000,0
2026.02.05,11:55,4903.095000,4903.095000,4890.125000,4892.345000,0
2026.02.05,11:56,4892.375000,4893.445000,4886.698000,4886.845000,0
2026.02.05,11:57,4886.835000,4888.475000,4883.648000,4886.695000,0
2026.02.05,11:58,4887.085000,4891.185000,4883.758000,4890.639000,0
2026.02.05,11:59,4890.599000,4899.498000,4888.038000,4888.708000,0
2026.02.05,12:00,4888.708000,4890.045000,4882.948000,4887.178000,0
2026.02.05,12:01,4887.218000,4887.918000,4879.218000,4880.188000,0
2026.02.05,12:02,4880.188000,4881.818000,4874.879000,4881.168000,0
2026.02.05,12:03,4880.935000,4882.475000,4875.295000,4876.678000,0
2026.02.05,12:04,4876.585000,4876.738000,4868.295000,4871.298000,0
2026.02.05,12:05,4870.955000,4880.065000,4869.885000,4879.795000,0
2026.02.05,12:06,4879.219000,4881.445000,4876.305000,4881.295000,0
2026.02.05,12:07,4881.099000,4881.765000,4874.985000,4875.065000,0
2026.02.05,12:08,4875.015000,4876.295000,4873.135000,4875.705000,0
2026.02.05,12:09,4875.735000,4881.775000,4874.835000,4881.225000,0
2026.02.05,12:10,4881.015000,4882.735000,4874.055000,4874.225000,0
2026.02.05,12:11,4874.125000,4875.885000,4871.115000,4871.945000,0
2026.02.05,12:12,4872.085000,4872.595000,4865.565000,4868.465000,0
2026.02.05,12:13,4868.425000,4872.875000,4866.265000,4871.805000,0
2026.02.05,12:14,4871.775000,4875.545000,4869.325000,4875.095000,0
2026.02.05,12:15,4875.125000,4877.665000,4868.765000,4872.658000,0
2026.02.05,12:16,4872.678000,4875.505000,4871.028000,4874.735000,0
2026.02.05,12:17,4874.695000,4879.505000,4874.439000,4879.395000,0
2026.02.05,12:18,4879.455000,4880.045000,4872.658000,4875.275000,0
2026.02.05,12:19,4875.295000,4875.775000,4870.875000,4871.465000,0
2026.02.05,12:20,4871.445000,4873.825000,4865.985000,4869.285000,0
2026.02.05,12:21,4869.615000,4869.715000,4865.255000,4865.355000,0
2026.02.05,12:22,4864.765000,4878.585000,4861.875000,4863.015000,0
2026.02.05,12:23,4863.065000,4867.598000,4858.775000,4866.995000,0
2026.02.05,12:24,4867.835000,4874.455000,4867.835000,4873.995000,0
2026.02.05,12:25,4874.645000,4874.695000,4869.925000,4873.435000,0
2026.02.05,12:26,4873.375000,4875.015000,4871.705000,4874.535000,0
2026.02.05,12:27,4874.475000,4874.505000,4869.265000,4869.785000,0
2026.02.05,12:28,4869.955000,4873.545000,4867.915000,4870.765000,0
2026.02.05,12:29,4870.755000,4870.755000,4864.715000,4867.035000,0
2026.02.05,12:30,4867.045000,4870.665000,4865.625000,4868.515000,0
2026.02.05,12:31,4869.245000,4869.995000,4866.745000,4867.455000,0
2026.02.05,12:32,4867.485000,4867.485000,4862.075000,4865.875000,0
2026.02.05,12:33,4865.875000,4866.145000,4859.125000,4862.895000,0
2026.02.05,12:34,4862.915000,4868.355000,4862.905000,4865.395000,0
2026.02.05,12:35,4865.355000,4867.045000,4863.165000,4864.455000,0
2026.02.05,12:36,4864.495000,4868.105000,4861.808000,4867.505000,0
2026.02.05,12:37,4867.745000,4868.735000,4865.075000,4868.115000,0
2026.02.05,12:38,4868.265000,4872.495000,4867.158000,4870.445000,0
2026.02.05,12:39,4870.495000,4870.965000,4862.995000,4863.825000,0
2026.02.05,12:40,4863.775000,4876.135000,4862.615000,4875.405000,0
2026.02.05,12:41,4875.455000,4878.195000,4873.085000,4873.125000,0
2026.02.05,12:42,4873.075000,4873.875000,4869.915000,4870.015000,0
2026.02.05,12:43,4870.155000,4870.465000,4859.698000,4866.605000,0
2026.02.05,12:44,4866.335000,4870.695000,4865.505000,4870.345000,0
2026.02.05,12:45,4870.325000,4876.535000,4869.375000,4875.815000,0
2026.02.05,12:46,4875.875000,4884.015000,4875.875000,4883.375000,0
2026.02.05,12:47,4883.425000,4884.675000,4878.585000,4879.545000,0
2026.02.05,12:48,4879.605000,4879.815000,4875.825000,4876.185000,0
2026.02.05,12:49,4876.335000,4876.425000,4871.665000,4873.525000,0
2026.02.05,12:50,4873.575000,4877.095000,4872.715000,4877.075000,0
2026.02.05,12:51,4877.115000,4880.905000,4876.008000,4876.345000,0
2026.02.05,12:52,4876.415000,4880.425000,4874.405000,4880.425000,0
2026.02.05,12:53,4880.505000,4882.855000,4879.415000,4881.665000,0
2026.02.05,12:54,4881.825000,4882.235000,4876.405000,4880.065000,0
2026.02.05,12:55,4879.195000,4879.935000,4873.245000,4875.108000,0
2026.02.05,12:56,4875.035000,4875.155000,4867.975000,4869.225000,0
2026.02.05,12:57,4869.265000,4869.925000,4865.335000,4865.439000,0
2026.02.05,12:58,4865.359000,4871.385000,4865.055000,4865.949000,0
2026.02.05,12:59,4865.949000,4869.545000,4863.435000,4868.625000,0
2026.02.05,13:00,4868.655000,4871.005000,4867.885000,4870.915000,0
2026.02.05,13:01,4870.985000,4871.055000,4863.158000,4868.925000,0
2026.02.05,13:02,4868.825000,4872.855000,4865.995000,4872.245000,0
2026.02.05,13:03,4872.275000,4874.045000,4869.445000,4873.125000,0
2026.02.05,13:04,4873.005000,4874.785000,4871.785000,4872.565000,0
2026.02.05,13:05,4872.535000,4874.865000,4867.295000,4867.565000,0
2026.02.05,13:06,4867.585000,4869.395000,4867.229000,4867.645000,0
2026.02.05,13:07,4867.615000,4868.475000,4864.005000,4866.575000,0
2026.02.05,13:08,4866.535000,4867.435000,4861.255000,4864.985000,0
2026.02.05,13:09,4864.955000,4868.285000,4864.355000,4865.615000,0
2026.02.05,13:10,4865.605000,4866.485000,4856.495000,4856.505000,0
2026.02.05,13:11,4856.475000,4862.025000,4854.695000,4860.815000,0
2026.02.05,13:12,4860.745000,4865.635000,4860.725000,4863.375000,0
2026.02.05,13:13,4863.285000,4863.355000,4857.895000,4858.305000,0
2026.02.05,13:14,4858.255000,4861.305000,4858.015000,4860.965000,0
2026.02.05,13:15,4861.005000,4866.895000,4858.015000,4858.945000,0
2026.02.05,13:16,4858.925000,4859.715000,4851.015000,4852.965000,0
2026.02.05,13:17,4853.015000,4853.895000,4850.735000,4853.075000,0
2026.02.05,13:18,4853.145000,4859.135000,4851.335000,4858.395000,0
2026.02.05,13:19,4858.505000,4859.045000,4855.725000,4857.195000,0
2026.02.05,13:20,4857.165000,4858.445000,4851.308000,4851.425000,0
2026.02.05,13:21,4851.465000,4861.205000,4851.388000,4857.425000,0
2026.02.05,13:22,4856.905000,4863.165000,4856.738000,4858.605000,0
2026.02.05,13:23,4858.525000,4860.905000,4856.865000,4858.285000,0
2026.02.05,13:24,4858.045000,4872.575000,4857.725000,4864.645000,0
2026.02.05,13:25,4864.415000,4870.455000,4864.255000,4867.525000,0
2026.02.05,13:26,4867.575000,4873.855000,4867.445000,4873.735000,0
2026.02.05,13:27,4873.665000,4874.855000,4865.785000,4866.255000,0
2026.02.05,13:28,4866.745000,4868.585000,4865.085000,4868.075000,0
2026.02.05,13:29,4868.155000,4869.405000,4863.615000,4868.715000,0
2026.02.05,13:30,4869.245000,4869.365000,4858.055000,4858.405000,0
2026.02.05,13:31,4858.315000,4866.515000,4858.225000,4863.965000,0
2026.02.05,13:32,4864.005000,4867.635000,4863.945000,4864.995000,0
2026.02.05,13:33,4865.025000,4868.755000,4864.625000,4868.455000,0
2026.02.05,13:34,4868.425000,4871.845000,4866.835000,4869.245000,0
2026.02.05,13:35,4869.225000,4870.345000,4865.015000,4865.185000,0
2026.02.05,13:36,4865.205000,4866.285000,4862.745000,4862.955000,0
2026.02.05,13:37,4862.905000,4862.945000,4858.025000,4860.635000,0
2026.02.05,13:38,4860.595000,4863.035000,4860.125000,4860.205000,0
2026.02.05,13:39,4860.438000,4862.525000,4859.165000,4859.195000,0
2026.02.05,13:40,4859.165000,4859.305000,4853.955000,4858.555000,0
2026.02.05,13:41,4858.595000,4866.535000,4858.205000,4866.335000,0
2026.02.05,13:42,4866.325000,4870.945000,4866.155000,4870.905000,0
2026.02.05,13:43,4870.885000,4872.725000,4868.105000,4868.985000,0
2026.02.05,13:44,4868.995000,4871.385000,4868.285000,4870.225000,0
2026.02.05,13:45,4870.655000,4872.955000,4869.245000,4869.445000,0
2026.02.05,13:46,4869.475000,4870.115000,4868.085000,4869.795000,0
2026.02.05,13:47,4869.825000,4870.015000,4868.645000,4869.065000,0
2026.02.05,13:48,4869.055000,4869.115000,4863.835000,4865.675000,0
2026.02.05,13:49,4864.925000,4865.055000,4860.685000,4861.555000,0
2026.02.05,13:50,4861.515000,4869.765000,4859.705000,4869.115000,0
2026.02.05,13:51,4869.165000,4869.195000,4865.565000,4865.605000,0
2026.02.05,13:52,4865.575000,4866.785000,4864.645000,4864.875000,0
2026.02.05,13:53,4864.855000,4864.855000,4858.605000,4859.605000,0
2026.02.05,13:54,4859.555000,4859.565000,4856.855000,4858.495000,0
2026.02.05,13:55,4858.355000,4858.395000,4853.405000,4853.435000,0
2026.02.05,13:56,4853.405000,4855.695000,4851.475000,4853.745000,0
2026.02.05,13:57,4853.795000,4854.645000,4851.705000,4853.165000,0
2026.02.05,13:58,4853.115000,4854.535000,4850.905000,4854.485000,0
2026.02.05,13:59,4854.455000,4858.305000,4853.195000,4857.855000,0
2026.02.05,14:00,4857.895000,4861.485000,4857.535000,4861.065000,0
2026.02.05,14:01,4860.865000,4862.045000,4858.945000,4861.235000,0
2026.02.05,14:02,4861.215000,4862.025000,4857.765000,4860.325000,0
2026.02.05,14:03,4860.345000,4860.345000,4853.455000,4859.545000,0
2026.02.05,14:04,4859.505000,4859.745000,4852.325000,4854.305000,0
2026.02.05,14:05,4854.495000,4855.155000,4841.715000,4847.615000,0
2026.02.05,14:06,4847.445000,4859.705000,4847.355000,4859.545000,0
2026.02.05,14:07,4859.565000,4864.995000,4858.855000,4864.665000,0
2026.02.05,14:08,4864.515000,4864.765000,4858.075000,4858.075000,0
2026.02.05,14:09,4858.115000,4859.905000,4854.035000,4859.535000,0
2026.02.05,14:10,4859.575000,4861.895000,4855.875000,4856.575000,0
2026.02.05,14:11,4856.595000,4859.715000,4856.455000,4859.105000,0
2026.02.05,14:12,4859.075000,4860.155000,4854.575000,4854.975000,0
2026.02.05,14:13,4855.035000,4856.315000,4851.745000,4855.075000,0
2026.02.05,14:14,4855.305000,4855.915000,4849.505000,4850.855000,0
2026.02.05,14:15,4850.825000,4853.645000,4849.465000,4849.615000,0
2026.02.05,14:16,4849.585000,4853.045000,4846.465000,4852.695000,0
2026.02.05,14:17,4852.755000,4854.205000,4851.635000,4853.175000,0
2026.02.05,14:18,4853.705000,4853.885000,4850.685000,4851.245000,0
2026.02.05,14:19,4851.305000,4853.845000,4850.155000,4853.245000,0
2026.02.05,14:20,4853.305000,4854.535000,4850.565000,4850.695000,0
2026.02.05,14:21,4850.755000,4854.575000,4850.705000,4851.835000,0
2026.02.05,14:22,4851.765000,4852.585000,4847.385000,4852.225000,0
2026.02.05,14:23,4852.255000,4853.845000,4851.485000,4851.595000,0
2026.02.05,14:24,4851.635000,4853.765000,4851.185000,4852.425000,0
2026.02.05,14:25,4852.445000,4853.135000,4849.605000,4850.895000,0
2026.02.05,14:26,4850.865000,4859.505000,4850.645000,4857.805000,0
2026.02.05,14:27,4857.825000,4857.855000,4851.735000,4852.005000,0
2026.02.05,14:28,4852.045000,4854.045000,4851.805000,4852.895000,0
2026.02.05,14:29,4852.875000,4852.875000,4850.755000,4851.075000,0
2026.02.05,14:30,4851.035000,4852.045000,4839.145000,4849.855000,0
2026.02.05,14:31,4849.875000,4851.245000,4848.015000,4850.055000,0
2026.02.05,14:32,4850.145000,4853.475000,4847.645000,4849.385000,0
2026.02.05,14:33,4849.415000,4849.415000,4831.025000,4831.685000,0
2026.02.05,14:34,4831.625000,4836.155000,4828.755000,4835.695000,0
2026.02.05,14:35,4835.125000,4837.605000,4833.369000,4835.055000,0
2026.02.05,14:36,4834.315000,4838.395000,4831.975000,4837.375000,0
2026.02.05,14:37,4837.235000,4839.895000,4836.995000,4838.245000,0
2026.02.05,14:38,4838.315000,4840.445000,4837.375000,4838.145000,0
2026.02.05,14:39,4838.065000,4841.055000,4830.875000,4832.475000,0
2026.02.05,14:40,4832.445000,4835.505000,4830.815000,4831.465000,0
2026.02.05,14:41,4831.445000,4833.545000,4827.908000,4830.325000,0
2026.02.05,14:42,4830.375000,4832.475000,4827.995000,4832.305000,0
2026.02.05,14:43,4832.335000,4841.495000,4832.335000,4839.775000,0
2026.02.05,14:44,4839.808000,4841.005000,4835.348000,4836.835000,0
2026.02.05,14:45,4836.815000,4840.845000,4836.265000,4837.695000,0
2026.02.05,14:46,4837.575000,4840.695000,4837.535000,4838.825000,0
2026.02.05,14:47,4838.995000,4841.165000,4837.495000,4839.355000,0
2026.02.05,14:48,4839.395000,4843.395000,4839.345000,4841.205000,0
2026.02.05,14:49,4840.605000,4843.585000,4840.215000,4841.895000,0
2026.02.05,14:50,4841.895000,4842.085000,4836.985000,4837.455000,0
2026.02.05,14:51,4837.425000,4837.425000,4832.305000,4832.345000,0
2026.02.05,14:52,4832.575000,4833.685000,4829.835000,4830.335000,0
2026.02.05,14:53,4830.325000,4830.325000,4823.405000,4826.055000,0
2026.02.05,14:54,4826.095000,4830.795000,4824.755000,4829.315000,0
2026.02.05,14:55,4829.365000,4831.685000,4827.395000,4829.815000,0
2026.02.05,14:56,4829.745000,4832.905000,4829.685000,4830.905000,0
2026.02.05,14:57,4830.935000,4833.715000,4830.605000,4830.798000,0
2026.02.05,14:58,4830.775000,4832.975000,4830.289000,4831.815000,0
2026.02.05,14:59,4831.945000,4833.815000,4828.775000,4829.135000,0
2026.02.05,15:00,4828.879000,4831.725000,4813.325000,4816.145000,0
2026.02.05,15:01,4816.145000,4825.495000,4815.385000,4823.795000,0
2026.02.05,15:02,4823.825000,4825.775000,4820.265000,4822.565000,0
2026.02.05,15:03,4822.545000,4822.915000,4818.005000,4818.095000,0
2026.02.05,15:04,4818.115000,4821.285000,4816.475000,4820.275000,0
2026.02.05,15:05,4820.245000,4820.275000,4815.325000,4817.595000,0
2026.02.05,15:06,4817.555000,4824.805000,4816.745000,4824.775000,0
2026.02.05,15:07,4824.795000,4830.585000,4824.775000,4830.365000,0
2026.02.05,15:08,4830.395000,4831.905000,4829.855000,4831.605000,0
2026.02.05,15:09,4831.625000,4836.775000,4830.295000,4834.105000,0
2026.02.05,15:10,4834.025000,4842.865000,4833.975000,4842.795000,0
2026.02.05,15:11,4842.865000,4842.985000,4832.668000,4833.825000,0
2026.02.05,15:12,4833.875000,4833.875000,4829.505000,4829.675000,0
2026.02.05,15:13,4829.785000,4832.855000,4827.485000,4832.145000,0
2026.02.05,15:14,4832.125000,4835.655000,4832.005000,4832.875000,0
2026.02.05,15:15,4832.855000,4833.395000,4829.715000,4830.575000,0
2026.02.05,15:16,4830.525000,4835.565000,4830.255000,4833.265000,0
2026.02.05,15:17,4833.225000,4833.745000,4828.515000,4828.575000,0
2026.02.05,15:18,4828.545000,4829.225000,4827.585000,4827.925000,0
2026.02.05,15:19,4827.955000,4828.075000,4821.475000,4822.795000,0
2026.02.05,15:20,4822.885000,4824.535000,4821.505000,4823.395000,0
2026.02.05,15:21,4823.425000,4823.445000,4818.075000,4820.705000,0
2026.02.05,15:22,4820.745000,4822.655000,4818.145000,4819.635000,0
2026.02.05,15:23,4819.665000,4820.065000,4810.368000,4814.515000,0
2026.02.05,15:24,4814.535000,4822.305000,4811.775000,4820.385000,0
2026.02.05,15:25,4820.485000,4824.385000,4819.738000,4820.255000,0
2026.02.05,15:26,4820.275000,4821.135000,4816.595000,4820.535000,0
2026.02.05,15:27,4820.515000,4824.825000,4819.285000,4824.695000,0
2026.02.05,15:28,4824.675000,4828.185000,4823.845000,4824.985000,0
2026.02.05,15:29,4824.965000,4827.715000,4823.615000,4825.235000,0
2026.02.05,15:30,4825.315000,4829.485000,4824.295000,4828.105000,0
2026.02.05,15:31,4828.165000,4831.715000,4826.575000,4826.955000,0
2026.02.05,15:32,4826.415000,4826.615000,4819.425000,4820.425000,0
2026.02.05,15:33,4820.505000,4821.235000,4815.735000,4815.975000,0
2026.02.05,15:34,4816.015000,4821.815000,4815.945000,4821.465000,0
2026.02.05,15:35,4821.485000,4822.085000,4817.885000,4819.605000,0
2026.02.05,15:36,4819.565000,4820.765000,4818.225000,4819.715000,0
2026.02.05,15:37,4819.705000,4819.705000,4812.945000,4812.995000,0
2026.02.05,15:38,4812.955000,4814.075000,4809.365000,4809.705000,0
2026.02.05,15:39,4809.335000,4811.285000,4807.045000,4809.795000,0
2026.02.05,15:40,4809.815000,4815.125000,4807.548000,4814.275000,0
2026.02.05,15:41,4814.365000,4816.255000,4812.625000,4815.715000,0
2026.02.05,15:42,4815.705000,4815.755000,4808.625000,4809.415000,0
2026.02.05,15:43,4809.445000,4809.915000,4807.325000,4809.735000,0
2026.02.05,15:44,4809.695000,4813.055000,4806.555000,4812.495000,0
2026.02.05,15:45,4812.295000,4816.855000,4811.655000,4815.635000,0
2026.02.05,15:46,4815.615000,4815.675000,4808.615000,4808.745000,0
2026.02.05,15:47,4808.785000,4812.765000,4807.745000,4811.505000,0
2026.02.05,15:48,4811.475000,4812.205000,4803.408000,4803.408000,0
2026.02.05,15:49,4803.408000,4805.945000,4803.005000,4803.545000,0
2026.02.05,15:50,4803.575000,4807.085000,4803.115000,4804.245000,0
2026.02.05,15:51,4804.365000,4805.815000,4802.938000,4805.755000,0
2026.02.05,15:52,4805.535000,4807.215000,4804.545000,4806.055000,0
2026.02.05,15:53,4806.025000,4807.185000,4804.835000,4805.285000,0
2026.02.05,15:54,4805.255000,4806.385000,4799.905000,4800.965000,0
2026.02.05,15:55,4800.895000,4804.015000,4792.575000,4800.305000,0
2026.02.05,15:56,4800.275000,4802.455000,4796.355000,4801.605000,0
2026.02.05,15:57,4801.655000,4812.485000,4800.545000,4811.815000,0
2026.02.05,15:58,4811.675000,4813.915000,4806.488000,4809.595000,0
2026.02.05,15:59,4809.755000,4812.545000,4808.518000,4811.135000,0
2026.02.05,16:00,4811.105000,4815.045000,4808.335000,4810.545000,0
2026.02.05,16:01,4810.725000,4815.295000,4808.215000,4815.295000,0
2026.02.05,16:02,4815.425000,4821.938000,4815.335000,4819.645000,0
2026.02.05,16:03,4819.615000,4821.775000,4817.645000,4821.755000,0
2026.02.05,16:04,4821.805000,4825.855000,4821.565000,4823.185000,0
2026.02.05,16:05,4823.215000,4823.495000,4817.605000,4817.875000,0
2026.02.05,16:06,4817.875000,4818.745000,4814.835000,4816.765000,0
2026.02.05,16:07,4816.795000,4819.325000,4816.165000,4816.775000,0
2026.02.05,16:08,4816.755000,4816.755000,4809.785000,4809.825000,0
2026.02.05,16:09,4809.855000,4811.395000,4807.375000,4808.345000,0
2026.02.05,16:10,4808.525000,4808.635000,4806.488000,4807.615000,0
2026.02.05,16:11,4807.685000,4810.145000,4804.525000,4804.595000,0
2026.02.05,16:12,4804.685000,4811.185000,4804.435000,4810.635000,0
2026.02.05,16:13,4810.695000,4810.985000,4809.055000,4809.985000,0
2026.02.05,16:14,4809.965000,4811.345000,4809.275000,4810.075000,0
2026.02.05,16:15,4810.135000,4813.355000,4805.895000,4806.475000,0
2026.02.05,16:16,4806.455000,4806.525000,4801.355000,4802.305000,0
2026.02.05,16:17,4802.215000,4802.365000,4796.875000,4801.665000,0
2026.02.05,16:18,4801.615000,4807.295000,4801.075000,4805.785000,0
2026.02.05,16:19,4805.765000,4808.445000,4803.835000,4804.065000,0
2026.02.05,16:20,4804.125000,4808.086000,4803.195000,4807.515000,0
2026.02.05,16:21,4807.495000,4808.655000,4805.215000,4805.255000,0
2026.02.05,16:22,4805.295000,4807.665000,4799.965000,4800.905000,0
2026.02.05,16:23,4800.435000,4803.775000,4799.735000,4803.545000,0
2026.02.05,16:24,4803.595000,4806.465000,4801.338000,4801.625000,0
2026.02.05,16:25,4801.695000,4801.905000,4798.115000,4801.665000,0
2026.02.05,16:26,4801.695000,4803.715000,4797.135000,4798.365000,0
2026.02.05,16:27,4798.325000,4804.575000,4795.045000,4804.215000,0
2026.02.05,16:28,4804.185000,4807.875000,4800.175000,4801.745000,0
2026.02.05,16:29,4801.495000,4802.745000,4799.735000,4802.225000,0
2026.02.05,16:30,4802.185000,4804.395000,4798.815000,4798.815000,0
2026.02.05,16:31,4798.765000,4798.765000,4793.055000,4796.415000,0
2026.02.05,16:32,4796.305000,4800.315000,4793.775000,4796.705000,0
2026.02.05,16:33,4796.775000,4797.125000,4787.235000,4787.395000,0
2026.02.05,16:34,4787.445000,4788.405000,4761.985000,4767.795000,0
2026.02.05,16:35,4767.775000,4774.635000,4763.405000,4765.355000,0
2026.02.05,16:36,4765.295000,4778.245000,4763.295000,4777.355000,0
2026.02.05,16:37,4777.185000,4786.985000,4777.175000,4784.185000,0
2026.02.05,16:38,4783.655000,4783.795000,4772.395000,4772.395000,0
2026.02.05,16:39,4772.395000,4774.525000,4761.145000,4765.425000,0
2026.02.05,16:40,4765.445000,4771.945000,4759.365000,4761.885000,0
2026.02.05,16:41,4761.935000,4768.915000,4761.245000,4768.855000,0
2026.02.05,16:42,4768.845000,4776.825000,4767.795000,4772.955000,0
2026.02.05,16:43,4772.935000,4774.475000,4769.815000,4772.215000,0
2026.02.05,16:44,4772.235000,4774.565000,4763.785000,4764.165000,0
2026.02.05,16:45,4763.555000,4766.275000,4761.875000,4764.845000,0
2026.02.05,16:46,4765.005000,4772.855000,4764.728000,4769.115000,0
2026.02.05,16:47,4769.095000,4769.835000,4765.235000,4767.245000,0
2026.02.05,16:48,4767.525000,4769.805000,4766.615000,4768.435000,0
2026.02.05,16:49,4768.535000,4771.585000,4767.895000,4770.295000,0
2026.02.05,16:50,4770.105000,4770.955000,4761.075000,4761.265000,0
2026.02.05,16:51,4761.305000,4762.745000,4760.555000,4761.195000,0
2026.02.05,16:52,4761.155000,4772.325000,4759.915000,4771.395000,0
2026.02.05,16:53,4771.695000,4778.305000,4771.245000,4778.195000,0
2026.02.05,16:54,4777.855000,4777.855000,4773.708000,4776.865000,0
2026.02.05,16:55,4776.875000,4778.315000,4774.665000,4776.595000,0
2026.02.05,16:56,4776.455000,4780.495000,4775.385000,4775.385000,0
2026.02.05,16:57,4775.315000,4779.365000,4773.578000,4776.055000,0
2026.02.05,16:58,4776.075000,4780.505000,4776.065000,4778.985000,0
2026.02.05,16:59,4779.005000,4779.765000,4775.555000,4775.805000,0
2026.02.05,18:00,4791.698000,4792.498000,4759.898000,4761.048000,0
2026.02.05,18:01,4761.148000,4761.848000,4754.828000,4760.898000,0
2026.02.05,18:02,4760.358000,4773.858000,4756.908000,4773.858000,0
2026.02.05,18:03,4767.258000,4773.868000,4762.148000,4765.198000,0
2026.02.05,18:04,4765.198000,4775.798000,4765.198000,4775.798000,0
2026.02.05,18:05,4775.498000,4776.748000,4765.538000,4766.448000,0
2026.02.05,18:06,4767.148000,4776.448000,4764.179000,4771.848000,0
2026.02.05,18:07,4771.848000,4775.548000,4771.348000,4771.908000,0
2026.02.05,18:08,4771.718000,4775.558000,4769.548000,4773.298000,0
2026.02.05,18:09,4773.098000,4780.548000,4772.848000,4780.398000,0
2026.02.05,18:10,4780.258000,4781.465000,4776.995000,4777.425000,0
2026.02.05,18:11,4777.425000,4777.655000,4773.335000,4775.075000,0
2026.02.05,18:12,4775.055000,4780.575000,4772.395000,4780.525000,0
2026.02.05,18:13,4780.655000,4781.085000,4776.855000,4778.735000,0
2026.02.05,18:14,4778.575000,4778.775000,4765.395000,4768.355000,0
2026.02.05,18:15,4768.375000,4772.525000,4762.385000,4763.115000,0
2026.02.05,18:16,4763.135000,4766.235000,4762.305000,4765.275000,0
2026.02.05,18:17,4765.245000,4770.895000,4762.435000,4762.605000,0
2026.02.05,18:18,4762.475000,4764.555000,4760.715000,4764.555000,0
2026.02.05,18:19,4764.525000,4765.095000,4761.395000,4762.535000,0
2026.02.05,18:20,4762.525000,4764.945000,4761.635000,4763.905000,0
2026.02.05,18:21,4763.865000,4764.305000,4758.745000,4760.515000,0
2026.02.05,18:22,4760.635000,4760.945000,4758.575000,4759.825000,0
2026.02.05,18:23,4759.735000,4762.125000,4758.155000,4758.795000,0
2026.02.05,18:24,4758.835000,4759.305000,4755.215000,4755.215000,0
2026.02.05,18:25,4755.175000,4760.715000,4755.145000,4756.135000,0
2026.02.05,18:26,4756.095000,4756.335000,4750.415000,4752.885000,0
2026.02.05,18:27,4752.855000,4754.765000,4749.768000,4749.768000,0
2026.02.05,18:28,4749.885000,4755.455000,4748.265000,4755.155000,0
2026.02.05,18:29,4755.095000,4756.768000,4750.448000,4751.445000,0
2026.02.05,18:30,4751.415000,4753.425000,4748.145000,4753.245000,0
2026.02.05,18:31,4753.215000,4753.355000,4748.615000,4749.495000,0
2026.02.05,18:32,4749.465000,4752.015000,4748.085000,4749.175000,0
2026.02.05,18:33,4748.945000,4756.445000,4748.448000,4755.105000,0
2026.02.05,18:34,4755.025000,4755.025000,4749.588000,4752.238000,0
2026.02.05,18:35,4752.415000,4752.948000,4747.898000,4748.248000,0
2026.02.05,18:36,4748.248000,4749.995000,4746.428000,4748.565000,0
2026.02.05,18:37,4748.715000,4750.595000,4746.505000,4748.345000,0
2026.02.05,18:38,4748.605000,4748.685000,4732.405000,4734.555000,0
2026.02.05,18:39,4734.718000,4740.415000,4734.718000,4738.775000,0
2026.02.05,18:40,4738.845000,4746.505000,4738.075000,4746.015000,0
2026.02.05,18:41,4746.015000,4748.295000,4742.795000,4745.625000,0
2026.02.05,18:42,4745.645000,4754.955000,4742.145000,4750.085000,0
2026.02.05,18:43,4750.075000,4750.785000,4743.275000,4743.465000,0
2026.02.05,18:44,4743.725000,4745.895000,4739.115000,4741.365000,0
2026.02.05,18:45,4741.335000,4742.465000,4740.045000,4740.585000,0
2026.02.05,18:46,4740.585000,4741.305000,4726.185000,4726.575000,0
2026.02.05,18:47,4726.748000,4733.485000,4726.488000,4731.765000,0
2026.02.05,18:48,4731.785000,4732.505000,4724.788000,4724.915000,0
2026.02.05,18:49,4724.315000,4724.725000,4710.745000,4713.785000,0
2026.02.05,18:50,4713.795000,4721.975000,4713.775000,4715.365000,0
2026.02.05,18:51,4714.188000,4716.005000,4711.298000,4714.895000,0
2026.02.05,18:52,4715.165000,4715.248000,4707.835000,4708.405000,0
2026.02.05,18:53,4708.425000,4712.785000,4704.615000,4710.575000,0
2026.02.05,18:54,4710.575000,4713.055000,4706.515000,4710.918000,0
2026.02.05,18:55,4711.005000,4721.095000,4710.945000,4716.238000,0
2026.02.05,18:56,4716.315000,4716.335000,4704.455000,4704.775000,0
2026.02.05,18:57,4704.515000,4710.548000,4704.045000,4706.285000,0
2026.02.05,18:58,4707.005000,4707.915000,4703.835000,4704.595000,0
2026.02.05,18:59,4704.605000,4704.605000,4702.915000,4703.275000,0
2026.02.05,19:00,4703.265000,4706.855000,4699.908000,4700.205000,0
2026.02.05,19:01,4700.185000,4703.675000,4699.455000,4699.905000,0
2026.02.05,19:02,4699.925000,4700.835000,4696.385000,4696.545000,0
2026.02.05,19:03,4696.515000,4697.695000,4689.415000,4689.615000,0
2026.02.05,19:04,4689.635000,4690.455000,4685.655000,4686.135000,0
2026.02.05,19:05,4685.915000,4691.895000,4685.835000,4691.265000,0
2026.02.05,19:06,4693.478000,4695.225000,4687.665000,4688.565000,0
2026.02.05,19:07,4688.645000,4691.235000,4684.445000,4689.125000,0
2026.02.05,19:08,4689.485000,4700.925000,4689.485000,4696.845000,0
2026.02.05,19:09,4696.835000,4699.685000,4687.305000,4687.525000,0
2026.02.05,19:10,4687.515000,4696.125000,4684.625000,4696.125000,0
2026.02.05,19:11,4696.115000,4705.685000,4694.455000,4701.705000,0
2026.02.05,19:12,4701.725000,4701.725000,4690.065000,4694.215000,0
2026.02.05,19:13,4694.275000,4694.915000,4684.805000,4689.335000,0
2026.02.05,19:14,4689.275000,4689.415000,4678.825000,4681.665000,0
2026.02.05,19:15,4681.705000,4682.675000,4671.525000,4674.635000,0
2026.02.05,19:16,4674.645000,4677.635000,4665.906000,4666.825000,0
2026.02.05,19:17,4666.865000,4666.895000,4654.355000,4656.465000,0
2026.02.05,19:18,4656.425000,4665.675000,4656.018000,4665.305000,0
2026.02.05,19:19,4665.335000,4671.125000,4661.398000,4670.935000,0
2026.02.05,19:20,4670.915000,4683.425000,4669.075000,4676.565000,0
2026.02.05,19:21,4676.535000,4677.575000,4669.495000,4676.755000,0
2026.02.05,19:22,4676.765000,4680.945000,4671.875000,4679.585000,0
2026.02.05,19:23,4679.885000,4687.785000,4679.505000,4687.725000,0
2026.02.05,19:24,4687.625000,4704.535000,4683.815000,4702.398000,0
2026.02.05,19:25,4702.398000,4703.175000,4696.398000,4698.935000,0
2026.02.05,19:26,4698.905000,4714.698000,4698.525000,4713.698000,0
2026.02.05,19:27,4713.698000,4725.715000,4709.678000,4725.145000,0
2026.02.05,19:28,4725.235000,4729.755000,4717.455000,4719.405000,0
2026.02.05,19:29,4719.395000,4723.885000,4708.298000,4723.525000,0
2026.02.05,19:30,4723.555000,4730.855000,4723.225000,4729.395000,0
2026.02.05,19:31,4729.405000,4729.835000,4710.205000,4713.035000,0
2026.02.05,19:32,4712.658000,4718.495000,4707.255000,4718.495000,0
2026.02.05,19:33,4718.485000,4729.765000,4715.245000,4728.575000,0
2026.02.05,19:34,4728.555000,4734.085000,4723.445000,4733.805000,0
2026.02.05,19:35,4734.055000,4740.465000,4732.095000,4740.375000,0
2026.02.05,19:36,4740.355000,4740.508000,4733.455000,4736.085000,0
2026.02.05,19:37,4736.075000,4748.225000,4734.965000,4747.985000,0
2026.02.05,19:38,4748.165000,4753.635000,4734.348000,4735.518000,0
2026.02.05,19:39,4735.538000,4746.588000,4729.218000,4739.298000,0
2026.02.05,19:40,4738.638000,4753.308000,4738.638000,4747.918000,0
2026.02.05,19:41,4748.315000,4753.115000,4743.628000,4750.885000,0
2026.02.05,19:42,4750.795000,4757.405000,4745.865000,4757.018000,0
2026.02.05,19:43,4757.098000,4757.575000,4748.575000,4757.155000,0
2026.02.05,19:44,4757.015000,4760.075000,4756.195000,4757.255000,0
2026.02.05,19:45,4757.645000,4757.655000,4746.895000,4747.655000,0
2026.02.05,19:46,4748.855000,4751.235000,4739.695000,4745.695000,0
2026.02.05,19:47,4745.825000,4751.385000,4743.105000,4743.255000,0
2026.02.05,19:48,4743.275000,4746.098000,4739.405000,4741.275000,0
2026.02.05,19:49,4741.245000,4755.815000,4741.105000,4755.515000,0
2026.02.05,19:50,4755.105000,4759.335000,4752.005000,4754.815000,0
2026.02.05,19:51,4754.895000,4759.835000,4752.155000,4754.285000,0
2026.02.05,19:52,4754.455000,4754.625000,4746.885000,4746.945000,0
2026.02.05,19:53,4747.055000,4750.905000,4746.698000,4746.855000,0
2026.02.05,19:54,4746.815000,4748.115000,4738.615000,4740.845000,0
2026.02.05,19:55,4740.685000,4749.035000,4739.285000,4746.955000,0
2026.02.05,19:56,4746.945000,4751.885000,4746.675000,4748.925000,0
2026.02.05,19:57,4748.965000,4755.795000,4748.965000,4755.495000,0
2026.02.05,19:58,4755.295000,4764.025000,4753.148000,4763.885000,0
2026.02.05,19:59,4763.925000,4763.925000,4756.025000,4762.295000,0
2026.02.05,20:00,4762.275000,4762.835000,4741.285000,4744.475000,0
2026.02.05,20:01,4744.405000,4745.195000,4717.245000,4717.385000,0
2026.02.05,20:02,4717.435000,4718.638000,4692.648000,4695.139000,0
2026.02.05,20:03,4694.838000,4733.248000,4693.028000,4732.439000,0
2026.02.05,20:04,4732.369000,4747.368000,4724.798000,4745.149000,0
2026.02.05,20:05,4745.248000,4746.848000,4733.809000,4736.578000,0
2026.02.05,20:06,4736.578000,4752.928000,4731.198000,4749.098000,0
2026.02.05,20:07,4749.088000,4755.698000,4746.748000,4748.279000,0
2026.02.05,20:08,4748.279000,4758.545000,4739.378000,4746.089000,0
2026.02.05,20:09,4745.838000,4749.588000,4729.469000,4736.548000,0
2026.02.05,20:10,4734.698000,4746.898000,4733.648000,4741.948000,0
2026.02.05,20:11,4741.948000,4752.898000,4735.948000,4747.568000,0
2026.02.05,20:12,4746.855000,4747.509000,4740.898000,4742.628000,0
2026.02.05,20:13,4742.669000,4748.479000,4741.698000,4746.399000,0
2026.02.05,20:14,4746.599000,4750.258000,4741.719000,4746.399000,0
2026.02.05,20:15,4746.399000,4760.248000,4746.399000,4759.889000,0
2026.02.05,20:16,4759.889000,4761.709000,4744.645000,4746.689000,0
2026.02.05,20:17,4746.669000,4746.669000,4723.058000,4723.648000,0
2026.02.05,20:18,4723.548000,4729.298000,4714.618000,4717.128000,0
2026.02.05,20:19,4717.348000,4720.598000,4707.898000,4717.208000,0
2026.02.05,20:20,4717.228000,4727.275000,4712.598000,4723.118000,0
2026.02.05,20:21,4723.118000,4724.958000,4715.248000,4721.088000,0
2026.02.05,20:22,4721.158000,4726.058000,4712.178000,4715.218000,0
2026.02.05,20:23,4714.938000,4719.148000,4705.348000,4707.038000,0
2026.02.05,20:24,4707.108000,4719.098000,4702.728000,4715.398000,0
2026.02.05,20:25,4715.398000,4716.498000,4708.598000,4712.498000,0
2026.02.05,20:26,4712.339000,4720.498000,4712.148000,4717.798000,0
2026.02.05,20:27,4717.798000,4728.998000,4714.898000,4727.198000,0
2026.02.05,20:28,4727.198000,4727.198000,4715.848000,4719.548000,0
2026.02.05,20:29,4719.548000,4719.578000,4709.975000,4710.508000,0
2026.02.05,20:30,4710.508000,4723.498000,4703.915000,4718.798000,0
2026.02.05,20:31,4718.748000,4727.729000,4716.805000,4727.509000,0
2026.02.05,20:32,4727.139000,4729.998000,4726.198000,4728.998000,0
2026.02.05,20:33,4728.868000,4736.865000,4726.708000,4735.855000,0
2026.02.05,20:34,4735.735000,4744.655000,4735.535000,4740.135000,0
2026.02.05,20:35,4740.135000,4742.325000,4736.015000,4742.275000,0
2026.02.05,20:36,4742.265000,4746.465000,4740.895000,4743.479000,0
2026.02.05,20:37,4743.398000,4745.165000,4736.585000,4740.285000,0
2026.02.05,20:38,4740.375000,4745.735000,4738.955000,4744.315000,0
2026.02.05,20:39,4743.865000,4743.865000,4729.815000,4731.489000,0
2026.02.05,20:40,4731.549000,4744.435000,4729.719000,4741.625000,0
2026.02.05,20:41,4741.585000,4741.585000,4733.165000,4736.585000,0
2026.02.05,20:42,4736.698000,4736.955000,4728.155000,4731.198000,0
2026.02.05,20:43,4731.168000,4735.595000,4726.328000,4734.685000,0
2026.02.05,20:44,4734.655000,4741.905000,4734.035000,4740.895000,0
2026.02.05,20:45,4740.825000,4743.175000,4735.745000,4740.535000,0
2026.02.05,20:46,4741.225000,4750.355000,4737.955000,4749.535000,0
2026.02.05,20:47,4749.535000,4750.185000,4742.515000,4749.145000,0
2026.02.05,20:48,4749.065000,4751.745000,4746.935000,4750.638000,0
2026.02.05,20:49,4751.415000,4755.155000,4750.529000,4750.639000,0
2026.02.05,20:50,4750.859000,4755.145000,4750.669000,4753.555000,0
2026.02.05,20:51,4753.555000,4759.495000,4751.195000,4758.205000,0
2026.02.05,20:52,4758.095000,4760.465000,4757.799000,4759.405000,0
2026.02.05,20:53,4759.275000,4761.635000,4754.865000,4761.085000,0
2026.02.05,20:54,4761.085000,4769.795000,4760.785000,4769.785000,0
2026.02.05,20:55,4769.795000,4783.345000,4767.395000,4783.345000,0
2026.02.05,20:56,4783.305000,4784.255000,4775.355000,4777.295000,0
2026.02.05,20:57,4777.295000,4777.655000,4765.865000,4766.175000,0
2026.02.05,20:58,4766.355000,4773.655000,4764.245000,4764.965000,0
2026.02.05,20:59,4765.025000,4774.435000,4764.805000,4773.725000,0
2026.02.05,21:00,4773.765000,4780.065000,4769.075000,4777.815000,0
2026.02.05,21:01,4777.835000,4779.885000,4774.905000,4777.005000,0
2026.02.05,21:02,4777.015000,4777.835000,4764.455000,4768.995000,0
2026.02.05,21:03,4768.805000,4769.845000,4762.815000,4765.575000,0
2026.02.05,21:04,4765.595000,4769.825000,4759.705000,4769.365000,0
2026.02.05,21:05,4769.355000,4778.535000,4768.935000,4778.235000,0
2026.02.05,21:06,4778.215000,4782.625000,4776.075000,4782.405000,0
2026.02.05,21:07,4782.405000,4785.988000,4777.515000,4784.175000,0
2026.02.05,21:08,4784.205000,4784.375000,4777.645000,4779.105000,0
2026.02.05,21:09,4779.055000,4789.515000,4779.055000,4789.385000,0
2026.02.05,21:10,4789.415000,4795.115000,4787.945000,4790.355000,0
2026.02.05,21:11,4790.395000,4792.925000,4789.105000,4790.325000,0
2026.02.05,21:12,4790.365000,4796.315000,4790.315000,4791.395000,0
2026.02.05,21:13,4791.265000,4793.985000,4788.105000,4788.535000,0
2026.02.05,21:14,4788.545000,4792.285000,4782.925000,4787.095000,0
2026.02.05,21:15,4786.905000,4788.045000,4784.349000,4785.905000,0
2026.02.05,21:16,4785.905000,4790.225000,4782.215000,4788.385000,0
2026.02.05,21:17,4788.385000,4796.125000,4788.385000,4796.105000,0
2026.02.05,21:18,4796.075000,4797.805000,4793.009000,4796.115000,0
2026.02.05,21:19,4796.115000,4799.145000,4793.835000,4799.135000,0
2026.02.05,21:20,4799.085000,4799.585000,4795.705000,4798.195000,0
2026.02.05,21:21,4798.185000,4798.185000,4791.555000,4797.245000,0
2026.02.05,21:22,4797.265000,4799.445000,4794.195000,4795.215000,0
2026.02.05,21:23,4795.205000,4796.355000,4789.785000,4792.025000,0
2026.02.05,21:24,4792.065000,4795.795000,4789.055000,4794.685000,0
2026.02.05,21:25,4794.295000,4797.245000,4792.615000,4792.835000,0
2026.02.05,21:26,4792.935000,4796.725000,4790.185000,4795.495000,0
2026.02.05,21:27,4795.505000,4800.745000,4794.565000,4800.215000,0
2026.02.05,21:28,4800.305000,4817.335000,4799.685000,4816.955000,0
2026.02.05,21:29,4817.135000,4821.125000,4814.478000,4819.955000,0
2026.02.05,21:30,4820.075000,4829.155000,4808.775000,4824.455000,0
2026.02.05,21:31,4824.375000,4829.775000,4820.395000,4822.275000,0
2026.02.05,21:32,4822.195000,4822.905000,4815.475000,4820.635000,0
2026.02.05,21:33,4820.495000,4831.105000,4820.185000,4828.595000,0
2026.02.05,21:34,4828.625000,4837.495000,4825.565000,4835.655000,0
2026.02.05,21:35,4835.605000,4836.805000,4822.295000,4827.385000,0
2026.02.05,21:36,4827.325000,4833.475000,4825.275000,4830.325000,0
2026.02.05,21:37,4830.365000,4835.295000,4826.475000,4830.595000,0
2026.02.05,21:38,4830.625000,4842.255000,4828.955000,4841.435000,0
2026.02.05,21:39,4841.405000,4841.825000,4826.015000,4835.115000,0
2026.02.05,21:40,4835.005000,4835.075000,4825.485000,4831.755000,0
2026.02.05,21:41,4831.875000,4841.385000,4831.665000,4841.385000,0
2026.02.05,21:42,4841.415000,4846.045000,4835.675000,4837.745000,0
2026.02.05,21:43,4837.825000,4839.185000,4818.465000,4820.895000,0
2026.02.05,21:44,4820.985000,4829.295000,4820.115000,4825.595000,0
2026.02.05,21:45,4826.165000,4831.925000,4823.205000,4828.245000,0
2026.02.05,21:46,4826.748000,4828.775000,4821.845000,4822.565000,0
2026.02.05,21:47,4822.565000,4826.815000,4819.285000,4823.895000,0
2026.02.05,21:48,4823.895000,4826.239000,4821.099000,4824.769000,0
2026.02.05,21:49,4824.879000,4826.495000,4821.335000,4825.435000,0
2026.02.05,21:50,4825.088000,4825.998000,4815.975000,4816.695000,0
2026.02.05,21:51,4816.445000,4818.775000,4811.415000,4816.225000,0
2026.02.05,21:52,4816.205000,4817.225000,4808.068000,4812.419000,0
2026.02.05,21:53,4812.419000,4813.075000,4809.228000,4811.535000,0
2026.02.05,21:54,4811.785000,4817.168000,4811.785000,4816.185000,0
2026.02.05,21:55,4816.535000,4823.735000,4816.085000,4816.765000,0
2026.02.05,21:56,4816.915000,4823.065000,4816.915000,4821.345000,0
2026.02.05,21:57,4821.285000,4828.095000,4820.165000,4827.785000,0
2026.02.05,21:58,4827.765000,4827.765000,4816.055000,4818.305000,0
2026.02.05,21:59,4818.285000,4818.345000,4814.968000,4815.995000,0
2026.02.05,22:00,4815.905000,4819.185000,4811.695000,4811.885000,0
2026.02.05,22:01,4811.765000,4818.625000,4808.465000,4808.745000,0
2026.02.05,22:02,4808.765000,4817.825000,4808.705000,4817.245000,0
2026.02.05,22:03,4817.225000,4823.995000,4816.275000,4820.875000,0
2026.02.05,22:04,4820.875000,4832.105000,4820.745000,4831.105000,0
2026.02.05,22:05,4831.065000,4837.655000,4828.735000,4836.415000,0
2026.02.05,22:06,4836.405000,4838.825000,4832.095000,4833.125000,0
2026.02.05,22:07,4833.115000,4834.455000,4830.675000,4832.565000,0
2026.02.05,22:08,4832.375000,4834.745000,4828.665000,4828.785000,0
2026.02.05,22:09,4828.755000,4834.945000,4826.798000,4827.535000,0
2026.02.05,22:10,4827.515000,4827.775000,4819.085000,4819.165000,0
2026.02.05,22:11,4819.638000,4822.615000,4819.155000,4821.655000,0
2026.02.05,22:12,4821.605000,4821.605000,4814.855000,4819.745000,0
2026.02.05,22:13,4819.745000,4819.885000,4815.225000,4816.445000,0
2026.02.05,22:14,4816.445000,4816.515000,4813.575000,4814.095000,0
2026.02.05,22:15,4814.095000,4819.895000,4814.075000,4819.895000,0
2026.02.05,22:16,4820.895000,4821.335000,4818.495000,4819.695000,0
2026.02.05,22:17,4819.725000,4821.355000,4818.245000,4820.235000,0
2026.02.05,22:18,4820.255000,4827.275000,4818.975000,4825.605000,0
2026.02.05,22:19,4825.605000,4827.675000,4823.875000,4825.495000,0
2026.02.05,22:20,4825.525000,4825.545000,4818.545000,4823.195000,0
2026.02.05,22:21,4823.195000,4825.725000,4816.785000,4821.455000,0
2026.02.05,22:22,4821.445000,4821.875000,4818.355000,4819.995000,0
2026.02.05,22:23,4819.995000,4820.745000,4804.198000,4806.995000,0
2026.02.05,22:24,4807.145000,4810.875000,4800.745000,4801.565000,0
2026.02.05,22:25,4801.675000,4813.305000,4801.675000,4813.065000,0
2026.02.05,22:26,4813.215000,4814.495000,4805.465000,4807.645000,0
2026.02.05,22:27,4807.655000,4810.695000,4806.615000,4809.145000,0
2026.02.05,22:28,4809.235000,4810.305000,4804.745000,4809.065000,0
2026.02.05,22:29,4809.175000,4815.655000,4809.065000,4810.845000,0
2026.02.05,22:30,4810.869000,4815.585000,4806.665000,4813.765000,0
2026.02.05,22:31,4813.765000,4818.645000,4813.569000,4818.009000,0
2026.02.05,22:32,4818.219000,4821.945000,4814.799000,4821.105000,0
2026.02.05,22:33,4821.085000,4824.645000,4817.225000,4824.375000,0
2026.02.05,22:34,4824.345000,4824.505000,4817.145000,4817.755000,0
2026.02.05,22:35,4817.755000,4818.505000,4815.035000,4817.135000,0
2026.02.05,22:36,4817.095000,4819.015000,4811.735000,4815.355000,0
2026.02.05,22:37,4815.365000,4817.075000,4807.225000,4816.335000,0
2026.02.05,22:38,4816.265000,4816.265000,4810.355000,4811.229000,0
2026.02.05,22:39,4811.219000,4813.299000,4806.825000,4813.289000,0
2026.02.05,22:40,4813.319000,4813.319000,4810.045000,4810.865000,0
2026.02.05,22:41,4810.855000,4810.855000,4805.335000,4807.269000,0
2026.02.05,22:42,4807.269000,4807.269000,4800.288000,4802.785000,0
2026.02.05,22:43,4802.765000,4805.325000,4801.175000,4804.425000,0
2026.02.05,22:44,4804.455000,4807.535000,4804.195000,4804.785000,0
2026.02.05,22:45,4804.415000,4808.765000,4804.315000,4807.945000,0
2026.02.05,22:46,4807.925000,4811.135000,4807.925000,4810.545000,0
2026.02.05,22:47,4810.525000,4812.715000,4810.315000,4811.355000,0
2026.02.05,22:48,4811.335000,4819.095000,4809.588000,4818.725000,0
2026.02.05,22:49,4818.695000,4822.015000,4817.925000,4820.525000,0
2026.02.05,22:50,4820.535000,4826.005000,4820.075000,4824.125000,0
2026.02.05,22:51,4824.545000,4824.805000,4821.075000,4821.515000,0
2026.02.05,22:52,4820.525000,4826.295000,4819.475000,4822.745000,0
2026.02.05,22:53,4822.595000,4825.305000,4822.198000,4823.798000,0
2026.02.05,22:54,4824.025000,4824.175000,4822.255000,4822.705000,0
2026.02.05,22:55,4822.665000,4825.865000,4822.398000,4822.985000,0
2026.02.05,22:56,4822.805000,4826.148000,4822.545000,4825.105000,0
2026.02.05,22:57,4824.855000,4825.285000,4819.498000,4823.015000,0
2026.02.05,22:58,4823.015000,4825.375000,4822.095000,4824.045000,0
2026.02.05,22:59,4824.015000,4825.395000,4823.625000,4823.995000,0
2026.02.05,23:00,4823.915000,4827.035000,4823.525000,4825.235000,0
2026.02.05,23:01,4825.465000,4827.305000,4817.815000,4818.605000,0
2026.02.05,23:02,4818.745000,4819.475000,4814.525000,4818.485000,0
2026.02.05,23:03,4818.505000,4825.625000,4818.375000,4824.925000,0
2026.02.05,23:04,4824.915000,4825.385000,4821.615000,4822.189000,0
2026.02.05,23:05,4822.219000,4822.305000,4814.989000,4817.885000,0
2026.02.05,23:06,4817.935000,4821.195000,4817.935000,4820.575000,0
2026.02.05,23:07,4820.595000,4825.565000,4820.465000,4824.835000,0
2026.02.05,23:08,4824.815000,4825.995000,4821.055000,4821.835000,0
2026.02.05,23:09,4821.785000,4822.685000,4821.029000,4821.145000,0
2026.02.05,23:10,4821.185000,4823.015000,4818.455000,4822.835000,0
2026.02.05,23:11,4822.835000,4824.905000,4822.115000,4824.785000,0
2026.02.05,23:12,4824.745000,4826.915000,4822.665000,4822.955000,0
2026.02.05,23:13,4823.005000,4825.685000,4821.465000,4821.475000,0
2026.02.05,23:14,4821.465000,4822.305000,4818.385000,4818.609000,0
2026.02.05,23:15,4818.739000,4822.905000,4818.559000,4821.955000,0
2026.02.05,23:16,4821.939000,4823.875000,4821.815000,4823.255000,0
2026.02.05,23:17,4823.225000,4825.545000,4822.735000,4825.065000,0
2026.02.05,23:18,4825.035000,4825.155000,4820.675000,4820.695000,0
2026.02.05,23:19,4820.735000,4821.915000,4818.645000,4819.095000,0
2026.02.05,23:20,4819.075000,4819.355000,4816.325000,4818.275000,0
2026.02.05,23:21,4818.245000,4819.485000,4816.595000,4816.775000,0
2026.02.05,23:22,4816.805000,4817.875000,4809.499000,4810.485000,0
2026.02.05,23:23,4810.429000,4811.005000,4806.895000,4807.315000,0
2026.02.05,23:24,4807.225000,4815.145000,4807.215000,4814.505000,0
2026.02.05,23:25,4814.525000,4820.775000,4813.315000,4820.775000,0
2026.02.05,23:26,4820.805000,4822.405000,4820.598000,4822.235000,0
2026.02.05,23:27,4822.215000,4825.655000,4822.195000,4825.595000,0
2026.02.05,23:28,4825.625000,4826.565000,4825.095000,4825.675000,0
2026.02.05,23:29,4825.715000,4827.425000,4825.715000,4826.245000,0
2026.02.05,23:30,4826.285000,4831.235000,4824.885000,4830.765000,0
2026.02.05,23:31,4830.775000,4831.445000,4828.315000,4828.375000,0
2026.02.05,23:32,4828.385000,4829.295000,4823.975000,4825.265000,0
2026.02.05,23:33,4825.275000,4826.415000,4823.845000,4825.185000,0
2026.02.05,23:34,4825.165000,4825.215000,4821.685000,4824.175000,0
2026.02.05,23:35,4823.645000,4824.075000,4820.915000,4821.875000,0
2026.02.05,23:36,4821.515000,4824.765000,4821.355000,4822.525000,0
2026.02.05,23:37,4822.505000,4824.595000,4819.545000,4823.875000,0
2026.02.05,23:38,4822.995000,4823.875000,4821.918000,4823.035000,0
2026.02.05,23:39,4823.035000,4825.665000,4821.485000,4825.595000,0
2026.02.05,23:40,4825.565000,4825.695000,4823.508000,4824.815000,0
2026.02.05,23:41,4824.865000,4825.795000,4819.205000,4820.065000,0
2026.02.05,23:42,4820.025000,4822.905000,4819.815000,4821.705000,0
2026.02.05,23:43,4821.765000,4822.935000,4820.738000,4821.215000,0
2026.02.05,23:44,4821.235000,4823.775000,4821.235000,4821.785000,0
2026.02.05,23:45,4821.805000,4822.505000,4816.465000,4817.035000,0
2026.02.05,23:46,4816.885000,4820.795000,4816.635000,4819.525000,0
2026.02.05,23:47,4819.475000,4820.375000,4818.665000,4819.435000,0
2026.02.05,23:48,4819.225000,4821.735000,4818.365000,4821.675000,0
2026.02.05,23:49,4821.655000,4821.805000,4819.675000,4820.505000,0
2026.02.05,23:50,4820.505000,4821.075000,4819.095000,4819.615000,0
2026.02.05,23:51,4819.645000,4823.935000,4819.645000,4823.615000,0
2026.02.05,23:52,4823.545000,4824.045000,4821.255000,4821.485000,0
2026.02.05,23:53,4821.485000,4822.395000,4815.335000,4815.515000,0
2026.02.05,23:54,4814.495000,4818.605000,4810.915000,4811.385000,0
2026.02.05,23:55,4811.405000,4815.905000,4809.905000,4815.815000,0
2026.02.05,23:56,4815.835000,4818.605000,4813.095000,4813.715000,0
2026.02.05,23:57,4813.755000,4814.035000,4809.805000,4811.405000,0
2026.02.05,23:58,4811.365000,4814.635000,4810.565000,4814.605000,0
2026.02.05,23:59,4814.575000,4814.575000,4812.455000,4813.185000,0
2026.02.06,00:00,4814.105000,4815.935000,4807.095000,4808.295000,0
2026.02.06,00:01,4808.285000,4810.875000,4807.075000,4808.605000,0
2026.02.06,00:02,4808.705000,4816.495000,4808.408000,4815.935000,0
2026.02.06,00:03,4815.955000,4822.955000,4815.905000,4820.395000,0
2026.02.06,00:04,4820.395000,4821.175000,4817.925000,4818.515000,0
2026.02.06,00:05,4818.505000,4822.275000,4816.725000,4822.125000,0
2026.02.06,00:06,4822.105000,4822.105000,4818.315000,4819.145000,0
2026.02.06,00:07,4819.125000,4821.395000,4818.085000,4820.775000,0
2026.02.06,00:08,4820.795000,4822.345000,4820.145000,4820.455000,0
2026.02.06,00:09,4820.485000,4824.515000,4820.285000,4823.655000,0
2026.02.06,00:10,4823.655000,4824.575000,4822.855000,4823.355000,0
2026.02.06,00:11,4823.355000,4824.858000,4822.705000,4823.275000,0
2026.02.06,00:12,4823.265000,4825.185000,4821.815000,4823.195000,0
2026.02.06,00:13,4823.195000,4824.655000,4821.335000,4823.605000,0
2026.02.06,00:14,4823.605000,4824.415000,4822.095000,4823.375000,0
2026.02.06,00:15,4823.375000,4824.625000,4820.698000,4821.395000,0
2026.02.06,00:16,4821.425000,4822.275000,4818.735000,4820.615000,0
2026.02.06,00:17,4820.545000,4827.115000,4820.525000,4826.415000,0
2026.02.06,00:18,4826.405000,4830.835000,4826.165000,4830.215000,0
2026.02.06,00:19,4830.225000,4831.885000,4829.985000,4831.305000,0
2026.02.06,00:20,4831.295000,4831.295000,4827.765000,4829.115000,0
2026.02.06,00:21,4829.085000,4831.335000,4828.195000,4831.275000,0
2026.02.06,00:22,4831.255000,4831.885000,4828.705000,4831.635000,0
2026.02.06,00:23,4831.655000,4834.815000,4831.275000,4834.815000,0
2026.02.06,00:24,4834.775000,4836.115000,4834.285000,4835.835000,0
2026.02.06,00:25,4835.805000,4848.275000,4835.555000,4843.995000,0
2026.02.06,00:26,4844.015000,4847.985000,4843.685000,4846.015000,0
2026.02.06,00:27,4845.995000,4846.085000,4842.505000,4845.665000,0
2026.02.06,00:28,4845.705000,4845.995000,4842.325000,4843.645000,0
2026.02.06,00:29,4843.615000,4851.865000,4843.185000,4851.785000,0
2026.02.06,00:30,4851.765000,4851.765000,4841.895000,4844.195000,0
2026.02.06,00:31,4843.905000,4846.355000,4837.175000,4839.415000,0
2026.02.06,00:32,4839.645000,4847.215000,4836.375000,4846.945000,0
2026.02.06,00:33,4846.955000,4854.555000,4845.535000,4854.505000,0
2026.02.06,00:34,4854.088000,4854.875000,4851.085000,4854.375000,0
2026.02.06,00:35,4854.395000,4854.535000,4849.975000,4851.465000,0
2026.02.06,00:36,4851.465000,4854.535000,4850.575000,4850.995000,0
2026.02.06,00:37,4850.995000,4855.025000,4850.005000,4855.005000,0
2026.02.06,00:38,4855.145000,4861.195000,4848.598000,4851.195000,0
2026.02.06,00:39,4850.215000,4859.575000,4849.905000,4857.765000,0
2026.02.06,00:40,4857.775000,4869.295000,4857.665000,4866.425000,0
2026.02.06,00:41,4866.415000,4871.005000,4865.388000,4867.195000,0
2026.02.06,00:42,4867.065000,4869.775000,4864.048000,4865.095000,0
2026.02.06,00:43,4865.125000,4866.155000,4858.575000,4862.315000,0
2026.02.06,00:44,4862.445000,4865.165000,4858.645000,4865.075000,0
2026.02.06,00:45,4865.095000,4865.735000,4862.115000,4865.575000,0
2026.02.06,00:46,4865.595000,4868.905000,4861.785000,4864.905000,0
2026.02.06,00:47,4864.885000,4874.585000,4863.695000,4872.625000,0
2026.02.06,00:48,4872.605000,4873.295000,4867.635000,4872.405000,0
2026.02.06,00:49,4872.425000,4873.395000,4868.775000,4872.485000,0
2026.02.06,00:50,4872.245000,4879.365000,4871.735000,4876.875000,0
2026.02.06,00:51,4876.855000,4878.575000,4871.355000,4875.925000,0
2026.02.06,00:52,4876.355000,4881.525000,4872.595000,4880.565000,0
2026.02.06,00:53,4880.505000,4880.515000,4875.895000,4876.685000,0
2026.02.06,00:54,4876.705000,4887.285000,4876.705000,4885.665000,0
2026.02.06,00:55,4885.145000,4888.345000,4883.448000,4887.025000,0
2026.02.06,00:56,4886.985000,4888.085000,4883.005000,4886.205000,0
2026.02.06,00:57,4886.815000,4894.005000,4886.815000,4893.735000,0
2026.02.06,00:58,4893.225000,4896.445000,4891.085000,4893.235000,0
2026.02.06,00:59,4893.185000,4897.565000,4891.635000,4896.978000,0
2026.02.06,01:00,4896.885000,4902.975000,4895.235000,4896.795000,0
2026.02.06,01:01,4897.415000,4897.555000,4885.158000,4888.198000,0
2026.02.06,01:02,4888.258000,4891.968000,4886.898000,4888.065000,0
2026.02.06,01:03,4888.115000,4889.135000,4883.705000,4885.385000,0
2026.02.06,01:04,4885.475000,4888.495000,4881.595000,4887.305000,0
2026.02.06,01:05,4887.335000,4891.455000,4882.095000,4884.555000,0
2026.02.06,01:06,4884.625000,4887.125000,4877.498000,4878.745000,0
2026.02.06,01:07,4878.655000,4880.715000,4872.755000,4877.185000,0
2026.02.06,01:08,4877.205000,4879.225000,4869.485000,4871.455000,0
2026.02.06,01:09,4871.435000,4874.935000,4869.935000,4871.595000,0
2026.02.06,01:10,4871.545000,4878.805000,4871.285000,4875.775000,0
2026.02.06,01:11,4875.745000,4875.745000,4868.335000,4872.045000,0
2026.02.06,01:12,4872.075000,4875.195000,4868.755000,4875.195000,0
2026.02.06,01:13,4875.155000,4875.925000,4865.678000,4866.258000,0
2026.02.06,01:14,4865.695000,4870.985000,4864.898000,4866.025000,0
2026.02.06,01:15,4865.875000,4870.945000,4865.875000,4870.645000,0
2026.02.06,01:16,4870.665000,4871.815000,4866.815000,4868.438000,0
2026.02.06,01:17,4868.498000,4868.498000,4860.735000,4863.035000,0
2026.02.06,01:18,4862.985000,4864.705000,4860.398000,4863.408000,0
2026.02.06,01:19,4863.398000,4865.078000,4859.268000,4860.685000,0
2026.02.06,01:20,4860.705000,4862.105000,4856.388000,4860.275000,0
2026.02.06,01:21,4860.325000,4863.735000,4859.148000,4861.555000,0
2026.02.06,01:22,4861.608000,4867.155000,4860.615000,4861.795000,0
2026.02.06,01:23,4861.975000,4867.978000,4861.525000,4862.545000,0
2026.02.06,01:24,4862.325000,4862.345000,4852.378000,4852.775000,0
2026.02.06,01:25,4852.805000,4860.005000,4852.298000,4857.585000,0
2026.02.06,01:26,4857.605000,4861.265000,4848.638000,4850.035000,0
2026.02.06,01:27,4850.329000,4858.085000,4847.675000,4856.195000,0
2026.02.06,01:28,4856.255000,4858.115000,4851.985000,4856.795000,0
2026.02.06,01:29,4856.765000,4859.575000,4851.725000,4852.689000,0
2026.02.06,01:30,4852.689000,4861.935000,4852.339000,4860.785000,0
2026.02.06,01:31,4860.745000,4866.405000,4859.908000,4863.545000,0
2026.02.06,01:32,4863.545000,4863.545000,4856.225000,4856.645000,0
2026.02.06,01:33,4856.655000,4858.195000,4851.435000,4851.435000,0
2026.02.06,01:34,4851.535000,4851.575000,4842.855000,4846.825000,0
2026.02.06,01:35,4846.805000,4846.805000,4840.365000,4841.805000,0
2026.02.06,01:36,4841.775000,4846.535000,4838.615000,4845.345000,0
2026.02.06,01:37,4845.315000,4846.225000,4841.895000,4844.545000,0
2026.02.06,01:38,4844.585000,4846.415000,4836.375000,4839.645000,0
2026.02.06,01:39,4839.675000,4843.805000,4836.175000,4839.785000,0
2026.02.06,01:40,4839.845000,4840.505000,4836.115000,4836.405000,0
2026.02.06,01:41,4836.395000,4840.855000,4835.995000,4837.345000,0
2026.02.06,01:42,4837.048000,4841.788000,4836.668000,4838.835000,0
2026.02.06,01:43,4838.958000,4842.045000,4838.085000,4840.435000,0
2026.02.06,01:44,4840.795000,4848.008000,4840.325000,4845.625000,0
2026.02.06,01:45,4845.605000,4845.605000,4839.755000,4841.075000,0
2026.02.06,01:46,4841.115000,4847.365000,4840.605000,4847.205000,0
2026.02.06,01:47,4847.235000,4852.785000,4846.755000,4852.785000,0
2026.02.06,01:48,4852.475000,4854.675000,4851.555000,4852.525000,0
2026.02.06,01:49,4852.555000,4855.655000,4852.555000,4854.765000,0
2026.02.06,01:50,4854.805000,4855.315000,4853.475000,4854.305000,0
2026.02.06,01:51,4854.315000,4855.525000,4845.775000,4848.765000,0
2026.02.06,01:52,4848.735000,4848.735000,4844.245000,4844.965000,0
2026.02.06,01:53,4844.945000,4849.595000,4844.915000,4847.295000,0
2026.02.06,01:54,4847.275000,4849.485000,4845.135000,4846.285000,0
2026.02.06,01:55,4846.235000,4846.475000,4837.958000,4838.905000,0
2026.02.06,01:56,4838.955000,4839.025000,4824.548000,4827.975000,0
2026.02.06,01:57,4828.155000,4832.605000,4826.345000,4832.535000,0
2026.02.06,01:58,4832.525000,4840.515000,4832.515000,4840.505000,0
2026.02.06,01:59,4840.775000,4846.555000,4838.945000,4845.895000,0
2026.02.06,02:00,4845.925000,4845.935000,4837.785000,4839.925000,0
2026.02.06,02:01,4839.925000,4846.805000,4837.435000,4845.865000,0
2026.02.06,02:02,4845.915000,4853.695000,4845.895000,4852.715000,0
2026.02.06,02:03,4852.715000,4853.585000,4846.898000,4846.995000,0
2026.02.06,02:04,4846.995000,4847.415000,4838.529000,4838.529000,0
2026.02.06,02:05,4840.325000,4844.475000,4838.745000,4842.895000,0
2026.02.06,02:06,4843.205000,4844.685000,4841.685000,4843.795000,0
2026.02.06,02:07,4843.775000,4844.595000,4838.995000,4840.095000,0
2026.02.06,02:08,4840.135000,4844.825000,4839.428000,4844.228000,0
2026.02.06,02:09,4844.255000,4847.185000,4841.128000,4845.065000,0
2026.02.06,02:10,4846.535000,4851.035000,4846.305000,4848.905000,0
2026.02.06,02:11,4848.915000,4854.215000,4845.685000,4847.935000,0
2026.02.06,02:12,4848.195000,4849.045000,4844.215000,4846.225000,0
2026.02.06,02:13,4846.255000,4851.855000,4843.525000,4847.495000,0
2026.02.06,02:14,4847.525000,4851.525000,4846.368000,4848.428000,0
2026.02.06,02:15,4848.375000,4851.498000,4847.245000,4850.695000,0
2026.02.06,02:16,4850.665000,4850.665000,4846.305000,4847.488000,0
2026.02.06,02:17,4847.508000,4849.235000,4845.755000,4847.098000,0
2026.02.06,02:18,4847.105000,4849.268000,4843.825000,4843.995000,0
2026.02.06,02:19,4843.995000,4846.705000,4842.115000,4845.635000,0
2026.02.06,02:20,4845.615000,4846.655000,4844.225000,4845.585000,0
2026.02.06,02:21,4845.585000,4849.165000,4844.805000,4848.705000,0
2026.02.06,02:22,4848.918000,4850.295000,4844.995000,4846.615000,0
2026.02.06,02:23,4846.615000,4849.535000,4845.825000,4848.205000,0
2026.02.06,02:24,4848.215000,4851.345000,4847.945000,4851.065000,0
2026.02.06,02:25,4850.915000,4861.035000,4850.905000,4860.275000,0
2026.02.06,02:26,4860.555000,4861.485000,4856.565000,4861.405000,0
2026.02.06,02:27,4861.025000,4861.225000,4858.715000,4859.675000,0
2026.02.06,02:28,4859.645000,4860.705000,4858.115000,4859.045000,0
2026.02.06,02:29,4859.075000,4860.795000,4857.305000,4858.545000,0
2026.02.06,02:30,4858.195000,4858.785000,4855.128000,4857.695000,0
2026.02.06,02:31,4857.715000,4859.325000,4856.385000,4857.855000,0
2026.02.06,02:32,4857.625000,4858.405000,4854.665000,4855.445000,0
2026.02.06,02:33,4855.535000,4856.485000,4848.195000,4848.825000,0
2026.02.06,02:34,4848.795000,4851.905000,4847.175000,4851.635000,0
2026.02.06,02:35,4851.595000,4853.545000,4850.415000,4851.195000,0
2026.02.06,02:36,4851.345000,4853.565000,4850.398000,4853.185000,0
2026.02.06,02:37,4853.415000,4854.015000,4850.305000,4850.375000,0
2026.02.06,02:38,4850.385000,4852.325000,4850.385000,4852.235000,0
2026.02.06,02:39,4852.495000,4856.795000,4851.335000,4854.435000,0
2026.02.06,02:40,4854.455000,4855.935000,4852.575000,4853.165000,0
2026.02.06,02:41,4853.175000,4853.405000,4851.745000,4852.325000,0
2026.02.06,02:42,4852.325000,4857.175000,4850.075000,4857.175000,0
2026.02.06,02:43,4857.145000,4859.565000,4855.895000,4858.335000,0
2026.02.06,02:44,4858.375000,4858.665000,4855.725000,4856.555000,0
2026.02.06,02:45,4856.525000,4856.705000,4852.875000,4852.965000,0
2026.02.06,02:46,4852.979000,4853.955000,4852.059000,4853.509000,0
2026.02.06,02:47,4853.725000,4853.725000,4847.048000,4850.225000,0
2026.02.06,02:48,4850.225000,4854.785000,4849.995000,4851.515000,0
2026.02.06,02:49,4851.505000,4852.835000,4849.165000,4851.215000,0
2026.02.06,02:50,4851.185000,4853.095000,4848.855000,4851.275000,0
2026.02.06,02:51,4851.285000,4853.185000,4850.405000,4852.045000,0
2026.02.06,02:52,4852.085000,4853.615000,4850.545000,4852.035000,0
2026.02.06,02:53,4852.035000,4853.425000,4850.015000,4853.425000,0
2026.02.06,02:54,4853.555000,4853.715000,4847.405000,4848.529000,0
2026.02.06,02:55,4848.565000,4853.805000,4848.185000,4852.285000,0
2026.02.06,02:56,4852.275000,4852.995000,4847.735000,4849.935000,0
2026.02.06,02:57,4849.935000,4850.659000,4848.365000,4849.579000,0
2026.02.06,02:58,4849.409000,4849.409000,4847.085000,4847.855000,0
2026.02.06,02:59,4847.855000,4847.885000,4839.725000,4840.185000,0
2026.02.06,03:00,4840.185000,4844.348000,4829.965000,4831.765000,0
2026.02.06,03:01,4831.315000,4833.635000,4829.069000,4830.829000,0
2026.02.06,03:02,4830.829000,4835.278000,4830.038000,4834.208000,0
2026.02.06,03:03,4834.429000,4834.975000,4828.575000,4834.228000,0
2026.02.06,03:04,4834.368000,4840.248000,4833.789000,4836.625000,0
2026.02.06,03:05,4836.615000,4838.935000,4832.435000,4836.995000,0
2026.02.06,03:06,4836.965000,4838.535000,4833.165000,4838.465000,0
2026.02.06,03:07,4838.485000,4842.985000,4834.545000,4841.135000,0
2026.02.06,03:08,4841.095000,4841.835000,4839.455000,4841.739000,0
2026.02.06,03:09,4841.515000,4842.245000,4840.045000,4840.999000,0
2026.02.06,03:10,4840.989000,4849.035000,4840.969000,4848.505000,0
2026.02.06,03:11,4848.445000,4850.805000,4846.115000,4847.205000,0
2026.02.06,03:12,4847.205000,4852.205000,4846.635000,4851.625000,0
2026.02.06,03:13,4850.968000,4852.915000,4849.705000,4850.345000,0
2026.02.06,03:14,4850.385000,4853.065000,4847.995000,4850.845000,0
2026.02.06,03:15,4850.855000,4857.625000,4850.855000,4857.165000,0
2026.02.06,03:16,4857.225000,4859.615000,4853.098000,4853.098000,0
2026.02.06,03:17,4853.098000,4853.379000,4849.035000,4849.125000,0
2026.02.06,03:18,4849.105000,4852.925000,4847.685000,4852.195000,0
2026.02.06,03:19,4852.135000,4854.895000,4850.115000,4854.755000,0
2026.02.06,03:20,4854.755000,4865.765000,4854.365000,4862.365000,0
2026.02.06,03:21,4862.335000,4865.485000,4861.805000,4864.125000,0
2026.02.06,03:22,4864.095000,4864.725000,4860.375000,4861.025000,0
2026.02.06,03:23,4860.995000,4863.245000,4860.869000,4863.005000,0
2026.02.06,03:24,4862.945000,4867.195000,4862.285000,4866.275000,0
2026.02.06,03:25,4865.275000,4874.035000,4865.275000,4872.335000,0
2026.02.06,03:26,4872.315000,4873.095000,4865.725000,4865.989000,0
2026.02.06,03:27,4865.909000,4870.885000,4865.909000,4869.095000,0
2026.02.06,03:28,4869.065000,4873.995000,4868.305000,4868.589000,0
2026.02.06,03:29,4868.589000,4869.675000,4865.309000,4866.979000,0
2026.02.06,03:30,4866.969000,4872.535000,4866.495000,4872.465000,0
2026.02.06,03:31,4872.465000,4875.945000,4871.115000,4872.225000,0
2026.02.06,03:32,4872.245000,4873.995000,4871.945000,4873.609000,0
2026.02.06,03:33,4873.689000,4877.445000,4873.689000,4877.265000,0
2026.02.06,03:34,4877.765000,4880.615000,4877.335000,4879.358000,0
2026.02.06,03:35,4879.348000,4881.829000,4878.448000,4879.275000,0
2026.02.06,03:36,4879.289000,4879.299000,4867.998000,4868.405000,0
2026.02.06,03:37,4868.365000,4871.255000,4862.899000,4863.095000,0
2026.02.06,03:38,4863.105000,4864.365000,4858.798000,4860.349000,0
2026.02.06,03:39,4862.735000,4864.465000,4860.688000,4862.305000,0
2026.02.06,03:40,4862.219000,4862.855000,4856.075000,4857.645000,0
2026.02.06,03:41,4857.705000,4859.615000,4856.555000,4858.069000,0
2026.02.06,03:42,4858.195000,4859.719000,4855.215000,4857.725000,0
2026.02.06,03:43,4857.348000,4861.529000,4854.835000,4858.019000,0
2026.02.06,03:44,4858.019000,4860.705000,4855.885000,4859.698000,0
2026.02.06,03:45,4859.695000,4859.698000,4855.038000,4857.765000,0
2026.02.06,03:46,4857.815000,4857.955000,4852.035000,4853.589000,0
2026.02.06,03:47,4853.629000,4859.675000,4853.429000,4857.119000,0
2026.02.06,03:48,4857.179000,4857.409000,4852.515000,4854.665000,0
2026.02.06,03:49,4854.775000,4859.529000,4854.505000,4859.445000,0
2026.02.06,03:50,4859.259000,4862.355000,4858.048000,4861.048000,0
2026.02.06,03:51,4860.948000,4862.625000,4857.898000,4859.735000,0
2026.02.06,03:52,4858.748000,4864.115000,4856.948000,4860.648000,0
2026.02.06,03:53,4860.648000,4861.275000,4859.148000,4860.569000,0
2026.02.06,03:54,4862.105000,4863.905000,4859.915000,4860.599000,0
2026.02.06,03:55,4860.555000,4861.295000,4853.958000,4856.555000,0
2026.02.06,03:56,4856.448000,4858.065000,4854.715000,4855.035000,0
2026.02.06,03:57,4855.035000,4860.605000,4853.909000,4860.329000,0
2026.02.06,03:58,4860.329000,4861.565000,4858.525000,4859.955000,0
2026.02.06,03:59,4859.329000,4862.105000,4858.705000,4861.279000,0
2026.02.06,04:00,4861.279000,4871.185000,4859.319000,4870.438000,0
2026.02.06,04:01,4871.095000,4871.095000,4853.068000,4853.395000,0
2026.02.06,04:02,4853.375000,4856.938000,4852.278000,4855.418000,0
2026.02.06,04:03,4855.468000,4856.368000,4843.265000,4848.285000,0
2026.02.06,04:04,4848.325000,4852.785000,4847.768000,4850.938000,0
2026.02.06,04:05,4851.365000,4854.461000,4848.095000,4853.088000,0
2026.02.06,04:06,4853.088000,4853.088000,4842.675000,4843.388000,0
2026.02.06,04:07,4843.418000,4847.845000,4839.435000,4847.495000,0
2026.02.06,04:08,4847.689000,4847.739000,4845.425000,4847.379000,0
2026.02.06,04:09,4847.319000,4848.485000,4846.315000,4846.795000,0
2026.02.06,04:10,4846.755000,4848.285000,4843.595000,4843.995000,0
2026.02.06,04:11,4843.995000,4847.655000,4843.895000,4845.945000,0
2026.02.06,04:12,4845.945000,4850.295000,4845.005000,4849.975000,0
2026.02.06,04:13,4850.185000,4851.805000,4844.685000,4845.685000,0
2026.02.06,04:14,4845.825000,4846.525000,4839.045000,4839.725000,0
2026.02.06,04:15,4839.695000,4848.115000,4837.905000,4848.095000,0
2026.02.06,04:16,4848.115000,4850.545000,4846.395000,4850.545000,0
2026.02.06,04:17,4850.495000,4851.909000,4847.555000,4847.659000,0
2026.02.06,04:18,4847.749000,4848.835000,4846.875000,4847.465000,0
2026.02.06,04:19,4847.349000,4847.819000,4845.685000,4847.205000,0
2026.02.06,04:20,4847.205000,4850.565000,4847.155000,4849.495000,0
2026.02.06,04:21,4849.495000,4853.865000,4848.095000,4853.045000,0
2026.02.06,04:22,4853.695000,4856.685000,4851.605000,4854.598000,0
2026.02.06,04:23,4854.575000,4861.205000,4853.039000,4859.545000,0
2026.02.06,04:24,4859.558000,4866.485000,4857.598000,4858.618000,0
2026.02.06,04:25,4858.469000,4862.665000,4856.305000,4857.855000,0
2026.02.06,04:26,4857.875000,4857.905000,4855.885000,4857.815000,0
2026.02.06,04:27,4857.815000,4859.125000,4857.185000,4859.075000,0
2026.02.06,04:28,4859.075000,4861.895000,4859.075000,4861.795000,0
2026.02.06,04:29,4861.795000,4864.185000,4861.155000,4863.065000,0
2026.02.06,04:30,4863.035000,4866.225000,4862.795000,4865.125000,0
2026.02.06,04:31,4865.185000,4865.715000,4864.685000,4865.135000,0
2026.02.06,04:32,4865.145000,4865.145000,4860.565000,4861.475000,0
2026.02.06,04:33,4861.475000,4865.915000,4860.945000,4864.818000,0
2026.02.06,04:34,4864.745000,4865.935000,4860.935000,4865.708000,0
2026.02.06,04:35,4865.355000,4872.438000,4864.965000,4870.638000,0
2026.02.06,04:36,4870.748000,4872.205000,4863.575000,4866.318000,0
2026.02.06,04:37,4866.318000,4866.318000,4863.148000,4863.468000,0
2026.02.06,04:38,4863.478000,4864.198000,4861.038000,4861.915000,0
2026.02.06,04:39,4862.415000,4864.258000,4861.938000,4863.268000,0
2026.02.06,04:40,4862.625000,4863.720000,4860.415000,4862.378000,0
2026.02.06,04:41,4861.795000,4862.871000,4859.995000,4860.988000,0
2026.02.06,04:42,4860.988000,4862.368000,4859.345000,4860.578000,0
2026.02.06,04:43,4860.588000,4863.458000,4860.578000,4862.728000,0
2026.02.06,04:44,4862.858000,4862.908000,4858.098000,4858.138000,0
2026.02.06,04:45,4857.435000,4859.888000,4855.805000,4858.358000,0
2026.02.06,04:46,4858.358000,4861.895000,4858.358000,4861.045000,0
2026.02.06,04:47,4861.085000,4862.575000,4859.175000,4861.668000,0
2026.02.06,04:48,4861.708000,4866.368000,4861.708000,4865.985000,0
2026.02.06,04:49,4865.998000,4869.508000,4865.998000,4869.238000,0
2026.02.06,04:50,4869.075000,4870.598000,4867.418000,4867.628000,0
2026.02.06,04:51,4867.638000,4869.665000,4863.195000,4868.008000,0
2026.02.06,04:52,4868.008000,4868.238000,4865.300000,4865.548000,0
2026.02.06,04:53,4865.548000,4867.028000,4862.695000,4863.488000,0
2026.02.06,04:54,4863.488000,4865.178000,4862.795000,4863.588000,0
2026.02.06,04:55,4863.598000,4863.978000,4859.895000,4860.918000,0
2026.02.06,04:56,4860.918000,4862.008000,4860.461000,4861.588000,0
2026.02.06,04:57,4861.598000,4866.398000,4861.598000,4866.318000,0
2026.02.06,04:58,4866.585000,4869.758000,4866.398000,4869.548000,0
2026.02.06,04:59,4869.548000,4869.818000,4865.768000,4866.388000,0
2026.02.06,05:00,4866.165000,4867.895000,4865.558000,4867.758000,0
2026.02.06,05:01,4867.758000,4871.758000,4867.468000,4871.598000,0
2026.02.06,05:02,4871.608000,4876.070000,4870.718000,4874.958000,0
2026.02.06,05:03,4875.025000,4875.268000,4869.255000,4872.108000,0
2026.02.06,05:04,4872.108000,4875.275000,4869.315000,4872.058000,0
2026.02.06,05:05,4871.975000,4872.788000,4870.198000,4871.448000,0
2026.02.06,05:06,4871.558000,4874.808000,4871.558000,4873.238000,0
2026.02.06,05:07,4873.009000,4876.508000,4872.848000,4873.738000,0
2026.02.06,05:08,4873.738000,4874.795000,4871.988000,4874.778000,0
2026.02.06,05:09,4874.778000,4877.748000,4874.478000,4877.748000,0
2026.02.06,05:10,4877.818000,4877.818000,4876.838000,4877.348000,0
2026.02.06,05:11,4877.338000,4877.348000,4876.390000,4876.808000,0
2026.02.06,05:12,4876.608000,4877.408000,4875.138000,4876.898000,0
2026.02.06,05:13,4876.898000,4876.908000,4872.145000,4874.388000,0
2026.02.06,05:14,4874.388000,4876.148000,4870.538000,4871.758000,0
2026.02.06,05:15,4871.675000,4871.998000,4869.865000,4870.278000,0
2026.02.06,05:16,4870.278000,4874.545000,4869.975000,4873.795000,0
2026.02.06,05:17,4873.795000,4875.845000,4872.848000,4875.825000,0
2026.02.06,05:18,4875.885000,4875.945000,4867.415000,4868.568000,0
2026.02.06,05:19,4868.515000,4869.018000,4864.848000,4865.958000,0
2026.02.06,05:20,4866.065000,4866.195000,4862.135000,4864.448000,0
2026.02.06,05:21,4864.448000,4864.755000,4861.568000,4861.768000,0
2026.02.06,05:22,4861.778000,4863.708000,4856.365000,4856.485000,0
2026.02.06,05:23,4856.425000,4857.655000,4854.585000,4855.165000,0
2026.02.06,05:24,4855.165000,4859.905000,4853.165000,4859.295000,0
2026.02.06,05:25,4859.285000,4859.935000,4857.915000,4857.915000,0
2026.02.06,05:26,4857.735000,4858.755000,4856.485000,4856.985000,0
2026.02.06,05:27,4856.995000,4857.025000,4855.005000,4855.055000,0
2026.02.06,05:28,4855.075000,4855.135000,4851.555000,4853.295000,0
2026.02.06,05:29,4853.475000,4854.895000,4852.125000,4854.639000,0
2026.02.06,05:30,4854.669000,4855.635000,4852.278000,4855.109000,0
2026.02.06,05:31,4855.159000,4858.715000,4855.035000,4857.815000,0
2026.02.06,05:32,4858.015000,4863.695000,4856.055000,4863.575000,0
2026.02.06,05:33,4863.615000,4866.445000,4863.615000,4866.075000,0
2026.02.06,05:34,4865.915000,4869.085000,4865.915000,4867.975000,0
2026.02.06,05:35,4868.035000,4870.465000,4867.655000,4870.235000,0
2026.02.06,05:36,4870.019000,4870.315000,4867.345000,4868.615000,0
2026.02.06,05:37,4868.645000,4868.955000,4865.035000,4868.075000,0
2026.02.06,05:38,4867.935000,4868.855000,4866.875000,4868.515000,0
2026.02.06,05:39,4868.505000,4872.715000,4868.468000,4872.695000,0
2026.02.06,05:40,4872.735000,4875.375000,4872.425000,4872.659000,0
2026.02.06,05:41,4872.569000,4875.275000,4871.515000,4873.995000,0
2026.02.06,05:42,4873.985000,4876.065000,4873.635000,4875.899000,0
2026.02.06,05:43,4875.919000,4876.335000,4873.129000,4875.995000,0
2026.02.06,05:44,4875.825000,4877.855000,4874.845000,4875.165000,0
2026.02.06,05:45,4875.125000,4875.795000,4872.945000,4873.775000,0
2026.02.06,05:46,4873.795000,4875.895000,4870.845000,4871.095000,0
2026.02.06,05:47,4871.095000,4872.095000,4870.255000,4871.225000,0
2026.02.06,05:48,4871.225000,4871.235000,4866.935000,4868.165000,0
2026.02.06,05:49,4868.165000,4870.175000,4867.095000,4869.365000,0
2026.02.06,05:50,4869.355000,4870.035000,4868.925000,4870.035000,0
2026.02.06,05:51,4870.065000,4875.125000,4870.065000,4874.075000,0
2026.02.06,05:52,4874.105000,4875.125000,4873.415000,4874.375000,0
2026.02.06,05:53,4874.405000,4877.855000,4874.315000,4877.855000,0
2026.02.06,05:54,4877.855000,4879.875000,4875.435000,4875.445000,0
2026.02.06,05:55,4875.445000,4876.595000,4875.365000,4875.735000,0
2026.02.06,05:56,4875.645000,4876.255000,4874.025000,4876.085000,0
2026.02.06,05:57,4876.125000,4876.385000,4872.935000,4873.305000,0
2026.02.06,05:58,4873.375000,4877.555000,4871.915000,4877.275000,0
2026.02.06,05:59,4877.295000,4878.245000,4876.835000,4878.185000,0
2026.02.06,06:00,4878.075000,4882.635000,4877.575000,4880.305000,0
2026.02.06,06:01,4880.505000,4887.575000,4880.185000,4887.345000,0
2026.02.06,06:02,4887.218000,4887.218000,4883.348000,4883.995000,0
2026.02.06,06:03,4884.035000,4885.455000,4882.058000,4884.435000,0
2026.02.06,06:04,4884.475000,4887.005000,4871.718000,4871.718000,0
2026.02.06,06:05,4871.915000,4872.678000,4863.468000,4868.989000,0
2026.02.06,06:06,4869.029000,4871.045000,4868.989000,4869.749000,0
2026.02.06,06:07,4869.779000,4873.999000,4868.345000,4873.449000,0
2026.02.06,06:08,4873.449000,4874.235000,4872.658000,4873.695000,0
2026.02.06,06:09,4873.605000,4873.605000,4871.639000,4872.489000,0
2026.02.06,06:10,4872.575000,4877.795000,4871.875000,4877.475000,0
2026.02.06,06:11,4877.505000,4881.985000,4876.655000,4881.895000,0
2026.02.06,06:12,4881.935000,4881.935000,4878.305000,4880.559000,0
2026.02.06,06:13,4880.569000,4881.295000,4879.455000,4879.695000,0
2026.02.06,06:14,4879.735000,4884.215000,4879.539000,4884.215000,0
2026.02.06,06:15,4884.055000,4886.175000,4882.435000,4882.995000,0
2026.02.06,06:16,4882.985000,4883.385000,4878.228000,4878.629000,0
2026.02.06,06:17,4878.629000,4883.425000,4878.395000,4881.565000,0
2026.02.06,06:18,4881.559000,4886.815000,4881.255000,4886.709000,0
2026.02.06,06:19,4886.679000,4886.845000,4881.345000,4882.049000,0
2026.02.06,06:20,4882.049000,4883.499000,4880.685000,4882.389000,0
2026.02.06,06:21,4882.399000,4884.155000,4879.645000,4884.155000,0
2026.02.06,06:22,4884.215000,4888.845000,4883.075000,4888.815000,0
2026.02.06,06:23,4888.795000,4893.215000,4888.065000,4891.199000,0
2026.02.06,06:24,4891.199000,4891.305000,4887.508000,4888.725000,0
2026.02.06,06:25,4888.985000,4890.685000,4883.215000,4889.045000,0
2026.02.06,06:26,4889.085000,4893.675000,4888.755000,4892.265000,0
2026.02.06,06:27,4892.265000,4892.515000,4887.045000,4887.319000,0
2026.02.06,06:28,4887.585000,4887.725000,4885.568000,4886.119000,0
2026.02.06,06:29,4886.119000,4890.719000,4885.165000,4890.489000,0
2026.02.06,06:30,4890.549000,4892.205000,4885.805000,4886.989000,0
2026.02.06,06:31,4886.828000,4886.828000,4881.438000,4882.455000,0
2026.02.06,06:32,4882.415000,4884.605000,4882.195000,4882.455000,0
2026.02.06,06:33,4882.485000,4885.305000,4881.438000,4883.595000,0
2026.02.06,06:34,4883.605000,4883.635000,4879.878000,4881.739000,0
2026.02.06,06:35,4881.739000,4881.739000,4879.929000,4880.479000,0
2026.02.06,06:36,4880.479000,4884.069000,4879.975000,4883.855000,0
2026.02.06,06:37,4883.855000,4887.545000,4883.728000,4887.545000,0
2026.02.06,06:38,4887.015000,4889.055000,4886.275000,4888.905000,0
2026.02.06,06:39,4888.939000,4890.245000,4887.085000,4887.385000,0
2026.02.06,06:40,4886.895000,4890.675000,4886.605000,4890.179000,0
2026.02.06,06:41,4890.179000,4892.665000,4888.999000,4892.649000,0
2026.02.06,06:42,4892.599000,4893.195000,4891.155000,4891.535000,0
2026.02.06,06:43,4891.505000,4891.515000,4889.115000,4889.395000,0
2026.02.06,06:44,4889.435000,4889.805000,4884.705000,4886.675000,0
2026.02.06,06:45,4886.385000,4887.435000,4885.655000,4886.635000,0
2026.02.06,06:46,4886.665000,4886.785000,4884.765000,4886.175000,0
2026.02.06,06:47,4886.195000,4888.595000,4883.049000,4888.335000,0
2026.02.06,06:48,4888.275000,4888.505000,4884.078000,4884.225000,0
2026.02.06,06:49,4884.088000,4885.365000,4882.388000,4883.778000,0
2026.02.06,06:50,4883.778000,4885.478000,4882.208000,4882.468000,0
2026.02.06,06:51,4882.458000,4887.515000,4882.328000,4886.245000,0
2026.02.06,06:52,4886.225000,4890.745000,4886.225000,4886.795000,0
2026.02.06,06:53,4886.815000,4889.445000,4886.685000,4888.505000,0
2026.02.06,06:54,4888.505000,4892.545000,4888.505000,4889.615000,0
2026.02.06,06:55,4889.635000,4890.865000,4888.495000,4890.725000,0
2026.02.06,06:56,4890.765000,4895.498000,4890.745000,4893.335000,0
2026.02.06,06:57,4893.255000,4894.815000,4892.825000,4893.805000,0
2026.02.06,06:58,4893.615000,4894.295000,4890.225000,4893.145000,0
2026.02.06,06:59,4893.135000,4893.655000,4886.635000,4886.735000,0
2026.02.06,07:00,4886.725000,4890.155000,4883.475000,4888.715000,0
2026.02.06,07:01,4888.695000,4890.375000,4886.725000,4888.945000,0
2026.02.06,07:02,4888.755000,4891.868000,4885.435000,4890.705000,0
2026.02.06,07:03,4890.715000,4893.625000,4888.195000,4892.865000,0
2026.02.06,07:04,4892.685000,4894.285000,4888.375000,4889.295000,0
2026.02.06,07:05,4889.295000,4894.525000,4889.105000,4893.465000,0
2026.02.06,07:06,4893.495000,4896.905000,4893.105000,4896.885000,0
2026.02.06,07:07,4896.885000,4902.099000,4896.455000,4899.315000,0
2026.02.06,07:08,4899.345000,4903.005000,4898.148000,4902.725000,0
2026.02.06,07:09,4902.635000,4903.165000,4897.215000,4898.065000,0
2026.02.06,07:10,4898.125000,4898.125000,4893.095000,4893.288000,0
2026.02.06,07:11,4893.288000,4895.625000,4890.745000,4891.395000,0
2026.02.06,07:12,4891.185000,4898.895000,4891.185000,4898.445000,0
2026.02.06,07:13,4898.405000,4899.425000,4895.275000,4895.885000,0
2026.02.06,07:14,4895.915000,4896.455000,4894.425000,4895.595000,0
2026.02.06,07:15,4895.655000,4896.245000,4893.925000,4894.205000,0
2026.02.06,07:16,4894.215000,4895.905000,4890.835000,4895.365000,0
2026.02.06,07:17,4895.345000,4895.505000,4891.575000,4891.955000,0
2026.02.06,07:18,4891.975000,4892.985000,4891.605000,4892.455000,0
2026.02.06,07:19,4892.455000,4892.455000,4885.025000,4885.025000,0
2026.02.06,07:20,4884.835000,4888.345000,4884.455000,4886.695000,0
2026.02.06,07:21,4886.695000,4886.695000,4877.215000,4878.715000,0
2026.02.06,07:22,4878.745000,4884.815000,4876.475000,4878.455000,0
2026.02.06,07:23,4878.425000,4879.375000,4876.665000,4879.025000,0
2026.02.06,07:24,4878.905000,4880.265000,4877.455000,4878.755000,0
2026.02.06,07:25,4878.775000,4879.305000,4876.535000,4878.815000,0
2026.02.06,07:26,4878.555000,4879.665000,4876.875000,4879.665000,0
2026.02.06,07:27,4879.605000,4879.685000,4876.955000,4878.675000,0
2026.02.06,07:28,4878.745000,4879.345000,4878.245000,4878.755000,0
2026.02.06,07:29,4878.595000,4878.795000,4871.555000,4877.355000,0
2026.02.06,07:30,4877.395000,4883.545000,4876.855000,4883.275000,0
2026.02.06,07:31,4883.295000,4884.075000,4882.908000,4883.145000,0
2026.02.06,07:32,4883.205000,4884.155000,4879.565000,4882.925000,0
2026.02.06,07:33,4882.905000,4885.615000,4881.545000,4884.675000,0
2026.02.06,07:34,4884.515000,4885.405000,4882.855000,4883.115000,0
2026.02.06,07:35,4883.075000,4885.065000,4883.075000,4884.395000,0
2026.02.06,07:36,4884.365000,4885.165000,4884.345000,4884.525000,0
2026.02.06,07:37,4884.565000,4884.565000,4881.765000,4883.195000,0
2026.02.06,07:38,4883.905000,4890.635000,4883.875000,4890.635000,0
2026.02.06,07:39,4890.605000,4893.065000,4887.865000,4888.055000,0
2026.02.06,07:40,4887.965000,4888.775000,4886.745000,4887.515000,0
2026.02.06,07:41,4887.485000,4888.295000,4885.505000,4886.385000,0
2026.02.06,07:42,4886.555000,4888.885000,4886.245000,4888.845000,0
2026.02.06,07:43,4888.589000,4894.205000,4888.065000,4893.605000,0
2026.02.06,07:44,4893.585000,4895.655000,4891.945000,4894.175000,0
2026.02.06,07:45,4894.205000,4897.388000,4893.875000,4896.905000,0
2026.02.06,07:46,4896.885000,4898.845000,4896.825000,4897.965000,0
2026.02.06,07:47,4897.955000,4900.005000,4896.905000,4897.545000,0
2026.02.06,07:48,4897.565000,4901.475000,4897.235000,4899.505000,0
2026.02.06,07:49,4899.135000,4900.175000,4897.615000,4897.885000,0
2026.02.06,07:50,4897.905000,4901.775000,4897.905000,4901.445000,0
2026.02.06,07:51,4901.528000,4903.035000,4896.415000,4897.885000,0
2026.02.06,07:52,4897.865000,4899.835000,4897.135000,4898.925000,0
2026.02.06,07:53,4898.955000,4899.395000,4897.765000,4898.215000,0
2026.02.06,07:54,4898.245000,4899.535000,4897.945000,4899.055000,0
2026.02.06,07:55,4899.095000,4901.235000,4897.405000,4899.065000,0
2026.02.06,07:56,4899.105000,4899.945000,4897.585000,4899.665000,0
2026.02.06,07:57,4898.895000,4899.975000,4897.865000,4899.005000,0
2026.02.06,07:58,4899.005000,4899.005000,4896.505000,4896.935000,0
2026.02.06,07:59,4896.865000,4901.868000,4896.865000,4900.125000,0
2026.02.06,08:00,4900.145000,4914.215000,4896.965000,4907.275000,0
2026.02.06,08:01,4907.295000,4925.435000,4905.195000,4923.495000,0
2026.02.06,08:02,4923.415000,4923.475000,4917.368000,4920.045000,0
2026.02.06,08:03,4919.955000,4922.075000,4914.785000,4919.475000,0
2026.02.06,08:04,4919.505000,4925.715000,4919.435000,4925.365000,0
2026.02.06,08:05,4925.395000,4926.825000,4919.175000,4919.515000,0
2026.02.06,08:06,4919.449000,4919.855000,4909.995000,4913.648000,0
2026.02.06,08:07,4913.628000,4916.968000,4909.918000,4913.059000,0
2026.02.06,08:08,4913.079000,4914.758000,4910.118000,4911.455000,0
2026.02.06,08:09,4911.425000,4919.218000,4909.035000,4913.839000,0
2026.02.06,08:10,4913.965000,4913.965000,4905.515000,4910.735000,0
2026.02.06,08:11,4910.775000,4916.575000,4909.955000,4915.375000,0
2026.02.06,08:12,4915.395000,4915.795000,4909.915000,4911.925000,0
2026.02.06,08:13,4911.825000,4914.725000,4909.385000,4913.805000,0
2026.02.06,08:14,4913.905000,4913.965000,4908.558000,4909.405000,0
2026.02.06,08:15,4909.385000,4913.375000,4907.195000,4907.265000,0
2026.02.06,08:16,4907.285000,4911.775000,4907.015000,4911.249000,0
2026.02.06,08:17,4911.008000,4911.008000,4906.828000,4910.135000,0
2026.02.06,08:18,4910.198000,4915.398000,4910.198000,4915.398000,0
2026.02.06,08:19,4915.628000,4917.708000,4912.568000,4913.678000,0
2026.02.06,08:20,4913.698000,4917.049000,4912.138000,4915.898000,0
2026.02.06,08:21,4915.898000,4921.479000,4915.038000,4921.459000,0
2026.02.06,08:22,4921.425000,4924.048000,4920.075000,4922.909000,0
2026.02.06,08:23,4922.959000,4925.759000,4922.025000,4925.005000,0
2026.02.06,08:24,4924.855000,4927.225000,4924.178000,4927.009000,0
2026.02.06,08:25,4927.039000,4928.048000,4920.135000,4920.405000,0
2026.02.06,08:26,4920.355000,4920.575000,4904.735000,4911.255000,0
2026.02.06,08:27,4911.235000,4912.775000,4905.335000,4912.775000,0
2026.02.06,08:28,4912.855000,4915.525000,4908.575000,4908.935000,0
2026.02.06,08:29,4908.965000,4909.939000,4905.525000,4908.649000,0
2026.02.06,08:30,4908.469000,4918.715000,4908.329000,4918.585000,0
2026.02.06,08:31,4918.555000,4927.135000,4918.555000,4926.725000,0
2026.02.06,08:32,4926.755000,4928.138000,4925.035000,4926.009000,0
2026.02.06,08:33,4926.009000,4926.785000,4920.995000,4923.485000,0
2026.02.06,08:34,4923.455000,4926.405000,4919.365000,4923.725000,0
2026.02.06,08:35,4923.755000,4925.495000,4921.055000,4923.185000,0
2026.02.06,08:36,4923.165000,4926.525000,4922.615000,4924.015000,0
2026.02.06,08:37,4924.075000,4926.015000,4921.355000,4922.845000,0
2026.02.06,08:38,4922.815000,4936.545000,4922.498000,4936.295000,0
2026.02.06,08:39,4936.368000,4937.535000,4929.198000,4930.135000,0
2026.02.06,08:40,4930.098000,4934.715000,4930.078000,4934.135000,0
2026.02.06,08:41,4934.115000,4935.295000,4931.425000,4931.865000,0
2026.02.06,08:42,4931.275000,4938.035000,4929.835000,4932.555000,0
2026.02.06,08:43,4932.655000,4936.445000,4929.615000,4934.065000,0
2026.02.06,08:44,4934.045000,4936.789000,4930.268000,4931.808000,0
2026.02.06,08:45,4931.808000,4932.395000,4927.608000,4929.925000,0
2026.02.06,08:46,4929.895000,4933.269000,4929.578000,4931.135000,0
2026.02.06,08:47,4931.095000,4934.035000,4930.075000,4933.995000,0
2026.02.06,08:48,4934.025000,4934.445000,4927.608000,4931.635000,0
2026.02.06,08:49,4931.695000,4931.879000,4928.745000,4930.405000,0
2026.02.06,08:50,4930.348000,4930.759000,4922.435000,4924.678000,0
2026.02.06,08:51,4924.625000,4927.195000,4922.305000,4926.588000,0
2026.02.06,08:52,4926.588000,4929.068000,4923.708000,4928.668000,0
2026.02.06,08:53,4928.888000,4929.849000,4926.765000,4927.608000,0
2026.02.06,08:54,4927.658000,4928.835000,4921.898000,4922.588000,0
2026.02.06,08:55,4922.598000,4926.005000,4922.498000,4925.515000,0
2026.02.06,08:56,4925.495000,4926.815000,4922.765000,4923.579000,0
2026.02.06,08:57,4923.795000,4924.785000,4921.898000,4922.245000,0
2026.02.06,08:58,4922.225000,4926.915000,4921.898000,4926.285000,0
2026.02.06,08:59,4926.325000,4928.645000,4924.575000,4928.605000,0
2026.02.06,09:00,4928.625000,4932.445000,4925.435000,4930.865000,0
2026.02.06,09:01,4930.845000,4931.515000,4925.828000,4926.018000,0
2026.02.06,09:02,4926.018000,4927.575000,4921.185000,4922.695000,0
2026.02.06,09:03,4922.675000,4928.505000,4921.985000,4927.575000,0
2026.02.06,09:04,4927.555000,4928.555000,4924.785000,4925.485000,0
2026.02.06,09:05,4925.515000,4931.345000,4923.765000,4927.818000,0
2026.02.06,09:06,4927.818000,4928.435000,4923.855000,4925.185000,0
2026.02.06,09:07,4924.725000,4926.225000,4915.505000,4917.605000,0
2026.02.06,09:08,4917.645000,4919.085000,4913.565000,4918.645000,0
2026.02.06,09:09,4918.665000,4922.015000,4918.665000,4921.965000,0
2026.02.06,09:10,4922.665000,4923.335000,4915.525000,4915.525000,0
2026.02.06,09:11,4915.575000,4916.865000,4909.608000,4916.595000,0
2026.02.06,09:12,4916.575000,4922.645000,4916.515000,4922.145000,0
2026.02.06,09:13,4922.175000,4924.755000,4920.835000,4923.475000,0
2026.02.06,09:14,4923.325000,4923.875000,4920.645000,4921.695000,0
2026.02.06,09:15,4921.725000,4924.015000,4920.735000,4923.795000,0
2026.02.06,09:16,4923.825000,4926.205000,4922.855000,4923.685000,0
2026.02.06,09:17,4923.785000,4923.935000,4920.315000,4921.015000,0
2026.02.06,09:18,4920.995000,4922.375000,4918.425000,4919.125000,0
2026.02.06,09:19,4919.145000,4921.925000,4918.825000,4921.358000,0
2026.02.06,09:20,4921.515000,4922.435000,4913.605000,4915.205000,0
2026.02.06,09:21,4915.145000,4915.755000,4911.345000,4911.845000,0
2026.02.06,09:22,4911.835000,4915.985000,4908.795000,4909.545000,0
2026.02.06,09:23,4909.575000,4911.405000,4903.815000,4904.815000,0
2026.02.06,09:24,4904.668000,4906.295000,4902.225000,4904.045000,0
2026.02.06,09:25,4904.015000,4904.015000,4894.135000,4899.195000,0
2026.02.06,09:26,4899.155000,4906.395000,4898.898000,4902.335000,0
2026.02.06,09:27,4902.365000,4905.405000,4899.185000,4905.405000,0
2026.02.06,09:28,4905.435000,4907.768000,4901.315000,4907.065000,0
2026.02.06,09:29,4906.965000,4907.555000,4902.255000,4904.855000,0
2026.02.06,09:30,4904.805000,4913.725000,4897.285000,4911.845000,0
2026.02.06,09:31,4911.825000,4918.595000,4911.825000,4918.345000,0
2026.02.06,09:32,4918.345000,4925.595000,4915.568000,4925.345000,0
2026.02.06,09:33,4925.498000,4930.165000,4924.135000,4928.355000,0
2026.02.06,09:34,4928.338000,4930.075000,4924.115000,4928.895000,0
2026.02.06,09:35,4928.465000,4929.618000,4925.005000,4927.885000,0
2026.02.06,09:36,4928.055000,4929.875000,4924.598000,4928.175000,0
2026.02.06,09:37,4928.255000,4946.535000,4927.705000,4945.445000,0
2026.02.06,09:38,4945.465000,4946.898000,4940.798000,4942.039000,0
2026.02.06,09:39,4942.039000,4943.085000,4935.175000,4936.305000,0
2026.02.06,09:40,4937.442000,4937.915000,4927.595000,4929.275000,0
2026.02.06,09:41,4929.195000,4931.095000,4925.125000,4927.065000,0
2026.02.06,09:42,4927.015000,4931.165000,4924.865000,4927.415000,0
2026.02.06,09:43,4927.415000,4931.085000,4922.468000,4930.795000,0
2026.02.06,09:44,4930.878000,4935.188000,4930.368000,4932.099000,0
2026.02.06,09:45,4932.245000,4932.245000,4927.308000,4928.689000,0
2026.02.06,09:46,4928.659000,4931.675000,4926.818000,4931.675000,0
2026.02.06,09:47,4931.655000,4936.808000,4930.475000,4931.739000,0
2026.02.06,09:48,4931.889000,4936.149000,4929.578000,4935.809000,0
2026.02.06,09:49,4935.248000,4939.288000,4934.738000,4938.719000,0
2026.02.06,09:50,4938.689000,4942.978000,4936.338000,4942.109000,0
2026.02.06,09:51,4942.168000,4942.719000,4939.105000,4939.369000,0
2026.02.06,09:52,4939.319000,4942.199000,4936.705000,4942.199000,0
2026.02.06,09:53,4942.219000,4944.099000,4940.678000,4940.878000,0
2026.02.06,09:54,4940.878000,4941.229000,4936.498000,4938.138000,0
2026.02.06,09:55,4938.168000,4941.725000,4934.568000,4938.599000,0
2026.02.06,09:56,4938.578000,4942.325000,4936.305000,4939.578000,0
2026.02.06,09:57,4939.598000,4949.408000,4936.555000,4947.405000,0
2026.02.06,09:58,4947.335000,4949.275000,4945.455000,4947.745000,0
2026.02.06,09:59,4947.725000,4947.995000,4943.098000,4947.058000,0
2026.02.06,10:00,4947.038000,4959.068000,4944.028000,4944.885000,0
2026.02.06,10:01,4944.915000,4951.795000,4941.608000,4947.845000,0
2026.02.06,10:02,4947.705000,4950.595000,4938.618000,4944.625000,0
2026.02.06,10:03,4944.405000,4945.605000,4943.285000,4945.415000,0
2026.02.06,10:04,4945.445000,4945.585000,4940.505000,4942.015000,0
2026.02.06,10:05,4942.015000,4952.038000,4942.015000,4945.565000,0
2026.02.06,10:06,4945.815000,4964.338000,4945.615000,4957.075000,0
2026.02.06,10:07,4957.395000,4959.535000,4954.198000,4958.545000,0
2026.02.06,10:08,4958.515000,4958.515000,4952.798000,4954.208000,0
2026.02.06,10:09,4954.208000,4957.498000,4952.695000,4957.498000,0
2026.02.06,10:10,4956.248000,4960.155000,4951.098000,4954.598000,0
2026.02.06,10:11,4954.608000,4959.948000,4952.528000,4953.078000,0
2026.02.06,10:12,4953.078000,4957.348000,4949.698000,4952.938000,0
2026.02.06,10:13,4953.038000,4953.258000,4947.448000,4947.888000,0
2026.02.06,10:14,4947.888000,4952.818000,4946.885000,4947.628000,0
2026.02.06,10:15,4947.688000,4952.565000,4947.385000,4949.628000,0
2026.02.06,10:16,4949.638000,4949.648000,4942.018000,4947.765000,0
2026.02.06,10:17,4948.085000,4948.085000,4942.538000,4944.038000,0
2026.02.06,10:18,4944.038000,4947.795000,4941.565000,4945.958000,0
2026.02.06,10:19,4945.958000,4948.585000,4943.615000,4945.925000,0
2026.02.06,10:20,4945.925000,4946.655000,4934.898000,4940.555000,0
2026.02.06,10:21,4940.545000,4945.705000,4937.898000,4945.455000,0
2026.02.06,10:22,4945.465000,4950.815000,4945.465000,4950.795000,0
2026.02.06,10:23,4950.825000,4954.385000,4948.075000,4950.445000,0
2026.02.06,10:24,4950.455000,4950.505000,4943.515000,4943.515000,0
2026.02.06,10:25,4943.625000,4953.505000,4943.455000,4952.105000,0
2026.02.06,10:26,4952.205000,4956.235000,4951.825000,4956.235000,0
2026.02.06,10:27,4956.235000,4959.665000,4949.095000,4950.185000,0
2026.02.06,10:28,4950.215000,4952.355000,4948.055000,4951.975000,0
2026.02.06,10:29,4952.185000,4955.725000,4951.935000,4955.275000,0
2026.02.06,10:30,4955.295000,4957.285000,4951.995000,4953.535000,0
2026.02.06,10:31,4953.575000,4953.575000,4948.735000,4950.945000,0
2026.02.06,10:32,4951.005000,4954.915000,4950.115000,4952.545000,0
2026.02.06,10:33,4952.525000,4955.325000,4950.805000,4954.795000,0
2026.02.06,10:34,4954.775000,4960.255000,4953.095000,4954.818000,0
2026.02.06,10:35,4954.828000,4955.995000,4949.088000,4950.028000,0
2026.02.06,10:36,4950.048000,4950.138000,4944.385000,4948.188000,0
2026.02.06,10:37,4948.188000,4948.608000,4942.355000,4944.058000,0
2026.02.06,10:38,4944.068000,4945.435000,4940.575000,4941.595000,0
2026.02.06,10:39,4942.235000,4945.385000,4939.748000,4945.375000,0
2026.02.06,10:40,4945.515000,4952.525000,4942.828000,4952.525000,0
2026.02.06,10:41,4952.495000,4952.515000,4942.365000,4942.615000,0
2026.02.06,10:42,4942.635000,4943.658000,4940.108000,4940.168000,0
2026.02.06,10:43,4940.188000,4945.415000,4938.775000,4945.265000,0
2026.02.06,10:44,4945.288000,4945.885000,4941.528000,4942.355000,0
2026.02.06,10:45,4942.415000,4942.415000,4928.055000,4935.995000,0
2026.02.06,10:46,4936.365000,4943.265000,4936.305000,4943.145000,0
2026.02.06,10:47,4943.165000,4945.705000,4940.625000,4945.075000,0
2026.02.06,10:48,4944.925000,4945.495000,4942.495000,4945.365000,0
2026.02.06,10:49,4945.355000,4947.645000,4941.395000,4941.765000,0
2026.02.06,10:50,4941.725000,4943.415000,4939.325000,4942.375000,0
2026.02.06,10:51,4942.395000,4947.015000,4942.185000,4946.955000,0
2026.02.06,10:52,4946.985000,4949.165000,4944.585000,4948.325000,0
2026.02.06,10:53,4948.285000,4950.585000,4945.455000,4947.008000,0
2026.02.06,10:54,4947.018000,4947.118000,4937.815000,4938.445000,0
2026.02.06,10:55,4938.515000,4939.875000,4935.595000,4939.575000,0
2026.02.06,10:56,4939.675000,4943.335000,4939.635000,4942.345000,0
2026.02.06,10:57,4942.375000,4944.065000,4942.065000,4943.015000,0
2026.02.06,10:58,4943.095000,4943.695000,4939.205000,4939.615000,0
2026.02.06,10:59,4939.655000,4944.795000,4936.765000,4943.365000,0
2026.02.06,11:00,4943.455000,4944.745000,4936.978000,4940.128000,0
2026.02.06,11:01,4940.185000,4944.525000,4938.155000,4944.525000,0
2026.02.06,11:02,4944.645000,4948.725000,4943.258000,4946.758000,0
2026.02.06,11:03,4946.718000,4950.128000,4946.718000,4947.665000,0
2026.02.06,11:04,4947.615000,4950.138000,4946.458000,4949.625000,0
2026.02.06,11:05,4949.665000,4949.995000,4946.558000,4947.525000,0
2026.02.06,11:06,4947.605000,4949.265000,4945.005000,4948.295000,0
2026.02.06,11:07,4948.165000,4949.315000,4944.455000,4945.635000,0
2026.02.06,11:08,4945.725000,4946.815000,4943.615000,4944.535000,0
2026.02.06,11:09,4944.475000,4945.755000,4942.365000,4942.725000,0
2026.02.06,11:10,4942.785000,4947.745000,4942.675000,4947.175000,0
2026.02.06,11:11,4947.205000,4947.815000,4944.245000,4946.425000,0
2026.02.06,11:12,4946.405000,4949.855000,4945.568000,4949.685000,0
2026.02.06,11:13,4949.645000,4949.675000,4943.375000,4944.515000,0
2026.02.06,11:14,4944.555000,4944.555000,4939.158000,4940.585000,0
2026.02.06,11:15,4940.545000,4941.455000,4937.015000,4937.295000,0
2026.02.06,11:16,4937.325000,4938.465000,4930.555000,4935.385000,0
2026.02.06,11:17,4935.155000,4940.585000,4934.205000,4939.175000,0
2026.02.06,11:18,4939.125000,4943.975000,4939.095000,4943.925000,0
2026.02.06,11:19,4943.915000,4945.685000,4940.368000,4942.115000,0
2026.02.06,11:20,4942.325000,4943.195000,4941.255000,4942.395000,0
2026.02.06,11:21,4942.415000,4942.855000,4936.345000,4938.045000,0
2026.02.06,11:22,4938.015000,4938.585000,4932.975000,4933.545000,0
2026.02.06,11:23,4933.515000,4936.545000,4931.205000,4931.205000,0
2026.02.06,11:24,4931.675000,4935.165000,4929.265000,4934.035000,0
2026.02.06,11:25,4934.245000,4935.755000,4928.925000,4929.065000,0
2026.02.06,11:26,4930.005000,4932.258000,4921.578000,4930.165000,0
2026.02.06,11:27,4930.255000,4934.295000,4930.255000,4933.965000,0
2026.02.06,11:28,4933.995000,4939.135000,4933.995000,4937.658000,0
2026.02.06,11:29,4937.905000,4939.515000,4935.425000,4938.255000,0
2026.02.06,11:30,4938.225000,4940.445000,4934.975000,4935.965000,0
2026.02.06,11:31,4935.945000,4938.275000,4934.365000,4934.785000,0
2026.02.06,11:32,4934.815000,4938.035000,4934.585000,4935.005000,0
2026.02.06,11:33,4934.745000,4938.225000,4931.905000,4933.335000,0
2026.02.06,11:34,4933.435000,4934.485000,4931.765000,4933.255000,0
2026.02.06,11:35,4933.175000,4936.395000,4931.835000,4933.515000,0
2026.02.06,11:36,4933.605000,4935.685000,4931.195000,4933.175000,0
2026.02.06,11:37,4933.195000,4933.425000,4929.458000,4930.505000,0
2026.02.06,11:38,4930.575000,4937.995000,4929.835000,4937.715000,0
2026.02.06,11:39,4937.765000,4941.625000,4935.505000,4941.195000,0
2026.02.06,11:40,4941.185000,4948.055000,4940.965000,4946.465000,0
2026.02.06,11:41,4946.445000,4947.295000,4942.225000,4942.875000,0
2026.02.06,11:42,4942.895000,4943.005000,4940.195000,4940.525000,0
2026.02.06,11:43,4940.485000,4942.075000,4935.795000,4935.815000,0
2026.02.06,11:44,4935.795000,4939.945000,4933.255000,4939.825000,0
2026.02.06,11:45,4939.865000,4942.325000,4938.975000,4940.485000,0
2026.02.06,11:46,4940.525000,4941.215000,4936.035000,4938.555000,0
2026.02.06,11:47,4938.585000,4945.225000,4938.565000,4944.805000,0
2026.02.06,11:48,4944.565000,4947.895000,4943.775000,4943.775000,0
2026.02.06,11:49,4943.825000,4947.705000,4943.335000,4947.135000,0
2026.02.06,11:50,4947.125000,4947.195000,4944.425000,4946.515000,0
2026.02.06,11:51,4946.355000,4947.535000,4945.395000,4947.035000,0
2026.02.06,11:52,4947.095000,4947.925000,4942.415000,4943.435000,0
2026.02.06,11:53,4943.575000,4945.595000,4943.295000,4943.739000,0
2026.02.06,11:54,4943.739000,4945.065000,4942.298000,4943.655000,0
2026.02.06,11:55,4943.715000,4946.880000,4942.115000,4946.415000,0
2026.02.06,11:56,4946.425000,4950.435000,4945.115000,4950.255000,0
2026.02.06,11:57,4950.345000,4950.415000,4947.715000,4949.155000,0
2026.02.06,11:58,4949.175000,4953.095000,4948.395000,4949.785000,0
2026.02.06,11:59,4949.805000,4952.645000,4949.605000,4951.455000,0
2026.02.06,12:00,4951.525000,4955.215000,4948.925000,4954.595000,0
2026.02.06,12:01,4954.555000,4955.485000,4952.095000,4953.975000,0
2026.02.06,12:02,4953.995000,4956.675000,4953.525000,4955.115000,0
2026.02.06,12:03,4955.155000,4956.495000,4953.425000,4953.745000,0
2026.02.06,12:04,4953.765000,4958.355000,4952.415000,4958.355000,0
2026.02.06,12:05,4958.385000,4958.725000,4955.105000,4955.105000,0
2026.02.06,12:06,4955.045000,4956.705000,4953.945000,4956.035000,0
2026.02.06,12:07,4956.075000,4956.435000,4951.565000,4953.405000,0
2026.02.06,12:08,4953.858000,4956.305000,4953.735000,4955.155000,0
2026.02.06,12:09,4955.185000,4959.735000,4955.185000,4959.635000,0
2026.02.06,12:10,4959.585000,4960.275000,4958.145000,4959.665000,0
2026.02.06,12:11,4959.828000,4960.255000,4957.355000,4958.135000,0
2026.02.06,12:12,4958.165000,4958.295000,4955.885000,4956.125000,0
2026.02.06,12:13,4956.165000,4960.555000,4956.165000,4958.865000,0
2026.02.06,12:14,4958.898000,4960.315000,4956.755000,4957.378000,0
2026.02.06,12:15,4957.378000,4958.335000,4954.935000,4955.738000,0
2026.02.06,12:16,4955.738000,4955.745000,4952.795000,4953.335000,0
2026.02.06,12:17,4953.335000,4955.635000,4952.495000,4955.415000,0
2026.02.06,12:18,4955.395000,4958.285000,4955.125000,4957.095000,0
2026.02.06,12:19,4957.215000,4958.645000,4956.795000,4958.025000,0
2026.02.06,12:20,4958.055000,4958.925000,4954.965000,4955.655000,0
2026.02.06,12:21,4955.575000,4956.925000,4954.925000,4956.925000,0
2026.02.06,12:22,4956.905000,4957.645000,4955.155000,4957.395000,0
2026.02.06,12:23,4958.175000,4959.125000,4956.465000,4958.655000,0
2026.02.06,12:24,4958.615000,4959.225000,4957.335000,4957.845000,0
2026.02.06,12:25,4957.975000,4958.355000,4957.085000,4957.435000,0
2026.02.06,12:26,4957.405000,4958.725000,4955.755000,4956.345000,0
2026.02.06,12:27,4956.445000,4956.945000,4954.015000,4955.365000,0
2026.02.06,12:28,4955.325000,4955.325000,4953.255000,4953.695000,0
2026.02.06,12:29,4953.745000,4955.565000,4952.955000,4954.485000,0
2026.02.06,12:30,4954.505000,4968.255000,4954.505000,4966.885000,0
2026.02.06,12:31,4966.875000,4967.498000,4963.328000,4963.615000,0
2026.02.06,12:32,4963.635000,4965.378000,4960.985000,4961.845000,0
2026.02.06,12:33,4961.815000,4962.165000,4958.065000,4962.095000,0
2026.02.06,12:34,4962.125000,4962.215000,4960.048000,4960.395000,0
2026.02.06,12:35,4960.365000,4960.365000,4956.895000,4958.055000,0
2026.02.06,12:36,4958.085000,4958.115000,4948.548000,4948.965000,0
2026.02.06,12:37,4949.035000,4952.085000,4947.805000,4951.155000,0
2026.02.06,12:38,4951.135000,4953.245000,4949.445000,4950.995000,0
2026.02.06,12:39,4951.115000,4951.915000,4948.865000,4949.905000,0
2026.02.06,12:40,4949.925000,4953.735000,4949.285000,4953.085000,0
2026.02.06,12:41,4953.065000,4955.085000,4951.185000,4953.975000,0
2026.02.06,12:42,4953.975000,4954.945000,4953.035000,4954.585000,0
2026.02.06,12:43,4954.555000,4955.255000,4953.195000,4953.375000,0
2026.02.06,12:44,4953.425000,4954.795000,4953.405000,4953.975000,0
2026.02.06,12:45,4953.995000,4957.155000,4953.775000,4956.105000,0
2026.02.06,12:46,4956.075000,4958.045000,4954.615000,4955.825000,0
2026.02.06,12:47,4955.775000,4956.045000,4954.635000,4955.145000,0
2026.02.06,12:48,4955.175000,4958.275000,4955.115000,4957.585000,0
2026.02.06,12:49,4957.635000,4959.045000,4956.405000,4958.605000,0
2026.02.06,12:50,4958.645000,4960.705000,4957.415000,4958.385000,0
2026.02.06,12:51,4958.425000,4961.395000,4957.655000,4961.395000,0
2026.02.06,12:52,4961.425000,4961.425000,4957.935000,4958.295000,0
2026.02.06,12:53,4958.315000,4958.915000,4955.915000,4956.735000,0
2026.02.06,12:54,4956.755000,4958.125000,4956.445000,4957.825000,0
2026.02.06,12:55,4957.835000,4960.835000,4953.645000,4959.785000,0
2026.02.06,12:56,4959.475000,4963.345000,4959.475000,4963.085000,0
2026.02.06,12:57,4963.105000,4963.835000,4961.605000,4962.535000,0
2026.02.06,12:58,4963.075000,4963.895000,4962.245000,4962.245000,0
2026.02.06,12:59,4962.205000,4962.205000,4959.475000,4960.165000,0
2026.02.06,13:00,4960.305000,4964.035000,4960.205000,4961.548000,0
2026.02.06,13:01,4961.495000,4961.545000,4958.545000,4959.165000,0
2026.02.06,13:02,4959.235000,4961.375000,4959.115000,4960.258000,0
2026.02.06,13:03,4960.258000,4961.248000,4959.748000,4961.098000,0
2026.02.06,13:04,4960.995000,4963.405000,4960.375000,4963.175000,0
2026.02.06,13:05,4963.148000,4967.665000,4962.085000,4966.635000,0
2026.02.06,13:06,4966.665000,4966.735000,4963.298000,4964.755000,0
2026.02.06,13:07,4964.805000,4967.385000,4963.955000,4964.655000,0
2026.02.06,13:08,4964.695000,4965.805000,4961.995000,4962.625000,0
2026.02.06,13:09,4962.685000,4964.875000,4961.748000,4964.448000,0
2026.02.06,13:10,4964.448000,4966.875000,4963.285000,4966.755000,0
2026.02.06,13:11,4966.725000,4968.925000,4966.275000,4967.945000,0
2026.02.06,13:12,4967.925000,4970.898000,4967.925000,4968.435000,0
2026.02.06,13:13,4968.395000,4968.425000,4963.955000,4964.209000,0
2026.02.06,13:14,4964.209000,4965.948000,4962.948000,4965.238000,0
2026.02.06,13:15,4965.238000,4965.848000,4964.078000,4964.468000,0
2026.02.06,13:16,4964.549000,4966.048000,4962.315000,4962.648000,0
2026.02.06,13:17,4962.648000,4963.948000,4961.525000,4963.858000,0
2026.02.06,13:18,4963.858000,4965.008000,4963.168000,4963.448000,0
2026.02.06,13:19,4964.168000,4964.548000,4961.848000,4962.995000,0
2026.02.06,13:20,4962.975000,4963.435000,4960.555000,4962.275000,0
2026.02.06,13:21,4962.365000,4963.635000,4960.815000,4963.045000,0
2026.02.06,13:22,4963.005000,4963.265000,4958.575000,4959.195000,0
2026.02.06,13:23,4959.175000,4959.175000,4955.165000,4957.985000,0
2026.02.06,13:24,4958.025000,4959.085000,4943.615000,4947.685000,0
2026.02.06,13:25,4947.725000,4952.325000,4946.695000,4950.725000,0
2026.02.06,13:26,4950.825000,4952.215000,4947.385000,4950.225000,0
2026.02.06,13:27,4950.265000,4951.475000,4947.895000,4949.205000,0
2026.02.06,13:28,4949.235000,4952.065000,4948.185000,4950.165000,0
2026.02.06,13:29,4950.135000,4957.505000,4950.135000,4955.805000,0
2026.02.06,13:30,4955.935000,4956.895000,4952.835000,4956.895000,0
2026.02.06,13:31,4957.115000,4958.055000,4951.725000,4952.095000,0
2026.02.06,13:32,4952.098000,4953.335000,4951.388000,4953.295000,0
2026.02.06,13:33,4953.315000,4956.645000,4953.315000,4956.455000,0
2026.02.06,13:34,4956.475000,4960.225000,4956.475000,4960.135000,0
2026.02.06,13:35,4960.065000,4960.398000,4958.545000,4960.295000,0
2026.02.06,13:36,4960.335000,4961.535000,4959.985000,4960.135000,0
2026.02.06,13:37,4960.155000,4962.475000,4959.915000,4962.465000,0
2026.02.06,13:38,4962.485000,4965.315000,4962.485000,4964.265000,0
2026.02.06,13:39,4964.285000,4964.835000,4963.995000,4964.725000,0
2026.02.06,13:40,4964.755000,4964.805000,4961.845000,4963.065000,0
2026.02.06,13:41,4963.035000,4963.215000,4962.195000,4963.215000,0
2026.02.06,13:42,4963.185000,4964.085000,4963.035000,4964.085000,0
2026.02.06,13:43,4964.045000,4964.415000,4963.595000,4963.895000,0
2026.02.06,13:44,4963.865000,4964.385000,4963.255000,4964.195000,0
2026.02.06,13:45,4964.215000,4965.225000,4962.245000,4964.355000,0
2026.02.06,13:46,4964.395000,4965.435000,4964.395000,4964.935000,0
2026.02.06,13:47,4964.905000,4966.335000,4964.765000,4965.055000,0
2026.02.06,13:48,4965.085000,4967.145000,4964.845000,4965.185000,0
2026.02.06,13:49,4965.225000,4966.755000,4964.005000,4966.565000,0
2026.02.06,13:50,4966.645000,4968.245000,4966.575000,4967.305000,0
2026.02.06,13:51,4967.275000,4967.915000,4964.925000,4965.245000,0
2026.02.06,13:52,4965.295000,4965.305000,4964.068000,4964.605000,0
2026.02.06,13:53,4964.575000,4965.205000,4963.415000,4965.205000,0
2026.02.06,13:54,4965.095000,4966.135000,4964.815000,4965.845000,0
2026.02.06,13:55,4965.825000,4966.128000,4965.035000,4965.755000,0
2026.02.06,13:56,4965.865000,4966.245000,4963.705000,4964.735000,0
2026.02.06,13:57,4964.765000,4965.145000,4962.145000,4962.615000,0
2026.02.06,13:58,4962.565000,4962.565000,4960.668000,4961.525000,0
2026.02.06,13:59,4961.565000,4962.485000,4960.525000,4962.245000,0
2026.02.06,14:00,4962.285000,4963.085000,4961.575000,4962.265000,0
2026.02.06,14:01,4962.165000,4962.785000,4961.645000,4962.255000,0
2026.02.06,14:02,4962.275000,4962.335000,4960.535000,4962.045000,0
2026.02.06,14:03,4962.025000,4962.095000,4959.945000,4959.945000,0
2026.02.06,14:04,4959.965000,4960.395000,4959.475000,4960.085000,0
2026.02.06,14:05,4960.038000,4961.055000,4959.475000,4959.665000,0
2026.02.06,14:06,4959.725000,4959.725000,4956.445000,4958.235000,0
2026.02.06,14:07,4958.195000,4959.385000,4957.605000,4958.925000,0
2026.02.06,14:08,4958.965000,4959.965000,4958.895000,4959.735000,0
2026.02.06,14:09,4959.695000,4959.695000,4957.245000,4957.265000,0
2026.02.06,14:10,4957.155000,4957.755000,4956.498000,4956.655000,0
2026.02.06,14:11,4956.615000,4956.815000,4953.505000,4956.055000,0
2026.02.06,14:12,4955.878000,4956.035000,4954.548000,4955.195000,0
2026.02.06,14:13,4955.215000,4958.075000,4955.055000,4957.995000,0
2026.02.06,14:14,4958.045000,4959.395000,4957.875000,4958.455000,0
2026.02.06,14:15,4958.435000,4959.765000,4958.145000,4958.695000,0
2026.02.06,14:16,4958.715000,4960.455000,4958.185000,4958.245000,0
2026.02.06,14:17,4958.225000,4960.605000,4957.985000,4960.605000,0
2026.02.06,14:18,4960.625000,4961.885000,4956.935000,4958.798000,0
2026.02.06,14:19,4958.805000,4959.525000,4957.605000,4958.015000,0
2026.02.06,14:20,4957.985000,4960.755000,4957.835000,4958.895000,0
2026.02.06,14:21,4958.925000,4959.815000,4957.728000,4958.115000,0
2026.02.06,14:22,4958.145000,4959.745000,4958.075000,4959.048000,0
2026.02.06,14:23,4959.028000,4959.875000,4958.385000,4959.565000,0
2026.02.06,14:24,4959.535000,4959.535000,4958.625000,4958.825000,0
2026.02.06,14:25,4958.745000,4959.855000,4958.295000,4958.675000,0
2026.02.06,14:26,4958.645000,4960.785000,4958.065000,4960.115000,0
2026.02.06,14:27,4960.135000,4960.915000,4959.615000,4959.755000,0
2026.02.06,14:28,4959.725000,4959.795000,4957.805000,4958.215000,0
2026.02.06,14:29,4958.255000,4958.665000,4957.175000,4957.315000,0
2026.02.06,14:30,4957.365000,4957.365000,4954.565000,4956.415000,0
2026.02.06,14:31,4956.515000,4956.865000,4954.185000,4954.265000,0
2026.02.06,14:32,4954.225000,4957.355000,4953.925000,4957.005000,0
2026.02.06,14:33,4957.065000,4958.505000,4956.425000,4956.535000,0
2026.02.06,14:34,4956.575000,4956.725000,4955.195000,4955.685000,0
2026.02.06,14:35,4955.705000,4955.705000,4953.875000,4954.575000,0
2026.02.06,14:36,4954.525000,4954.755000,4953.345000,4953.355000,0
2026.02.06,14:37,4953.355000,4955.195000,4953.295000,4953.805000,0
2026.02.06,14:38,4953.845000,4953.845000,4948.505000,4949.905000,0
2026.02.06,14:39,4949.945000,4952.645000,4949.645000,4951.815000,0
2026.02.06,14:40,4951.855000,4951.865000,4948.875000,4949.505000,0
2026.02.06,14:41,4949.535000,4952.195000,4949.535000,4952.175000,0
2026.02.06,14:42,4951.905000,4952.725000,4950.555000,4951.225000,0
2026.02.06,14:43,4951.195000,4952.655000,4951.155000,4951.675000,0
2026.02.06,14:44,4951.805000,4952.315000,4951.585000,4951.785000,0
2026.02.06,14:45,4951.625000,4954.195000,4951.585000,4954.065000,0
2026.02.06,14:46,4953.895000,4956.435000,4953.895000,4955.275000,0
2026.02.06,14:47,4955.295000,4957.995000,4954.985000,4957.885000,0
2026.02.06,14:48,4957.945000,4961.125000,4957.545000,4960.755000,0
2026.02.06,14:49,4960.785000,4961.675000,4960.415000,4961.455000,0
2026.02.06,14:50,4961.405000,4962.605000,4959.855000,4960.295000,0
2026.02.06,14:51,4960.305000,4961.065000,4958.955000,4960.475000,0
2026.02.06,14:52,4960.455000,4960.805000,4959.725000,4960.715000,0
2026.02.06,14:53,4960.745000,4961.695000,4960.398000,4961.695000,0
2026.02.06,14:54,4961.715000,4961.965000,4960.515000,4961.345000,0
2026.02.06,14:55,4961.305000,4961.485000,4959.925000,4959.965000,0
2026.02.06,14:56,4959.945000,4960.205000,4958.015000,4958.365000,0
2026.02.06,14:57,4958.395000,4959.825000,4957.215000,4958.415000,0
2026.02.06,14:58,4958.395000,4958.515000,4956.305000,4957.085000,0
2026.02.06,14:59,4957.075000,4958.175000,4957.015000,4957.015000,0
2026.02.06,15:00,4957.065000,4958.375000,4954.915000,4956.335000,0
2026.02.06,15:01,4956.295000,4956.415000,4952.155000,4952.965000,0
2026.02.06,15:02,4952.975000,4954.005000,4950.825000,4951.805000,0
2026.02.06,15:03,4951.693000,4956.275000,4951.305000,4955.985000,0
2026.02.06,15:04,4956.015000,4956.075000,4954.515000,4955.135000,0
2026.02.06,15:05,4955.235000,4957.715000,4954.775000,4957.045000,0
2026.02.06,15:06,4957.095000,4958.995000,4956.765000,4956.985000,0
2026.02.06,15:07,4956.865000,4956.915000,4955.555000,4956.875000,0
2026.02.06,15:08,4956.905000,4957.185000,4955.675000,4956.135000,0
2026.02.06,15:09,4956.105000,4957.275000,4954.765000,4955.525000,0
2026.02.06,15:10,4955.505000,4955.505000,4952.285000,4952.395000,0
2026.02.06,15:11,4952.425000,4952.895000,4951.695000,4952.015000,0
2026.02.06,15:12,4952.045000,4952.985000,4951.565000,4952.645000,0
2026.02.06,15:13,4952.665000,4953.285000,4952.245000,4953.205000,0
2026.02.06,15:14,4953.245000,4953.355000,4950.945000,4953.065000,0
2026.02.06,15:15,4952.985000,4953.195000,4951.395000,4952.795000,0
2026.02.06,15:16,4952.835000,4952.995000,4948.505000,4948.505000,0
2026.02.06,15:17,4948.585000,4950.235000,4946.445000,4950.065000,0
2026.02.06,15:18,4949.885000,4951.375000,4948.755000,4950.715000,0
2026.02.06,15:19,4950.695000,4953.035000,4950.235000,4952.335000,0
2026.02.06,15:20,4952.285000,4956.825000,4952.285000,4955.655000,0
2026.02.06,15:21,4955.835000,4955.835000,4952.845000,4953.225000,0
2026.02.06,15:22,4953.185000,4953.475000,4951.675000,4952.245000,0
2026.02.06,15:23,4952.215000,4953.695000,4950.235000,4953.625000,0
2026.02.06,15:24,4953.605000,4954.905000,4951.655000,4952.245000,0
2026.02.06,15:25,4952.165000,4953.685000,4952.145000,4953.355000,0
2026.02.06,15:26,4953.325000,4956.005000,4953.325000,4955.915000,0
2026.02.06,15:27,4955.865000,4955.865000,4954.215000,4954.255000,0
2026.02.06,15:28,4954.265000,4954.355000,4953.068000,4953.405000,0
2026.02.06,15:29,4953.375000,4954.705000,4953.345000,4954.645000,0
2026.02.06,15:30,4954.755000,4954.795000,4947.395000,4947.665000,0
2026.02.06,15:31,4947.645000,4949.925000,4947.535000,4948.805000,0
2026.02.06,15:32,4948.875000,4949.615000,4948.715000,4948.885000,0
2026.02.06,15:33,4948.855000,4948.855000,4940.285000,4943.385000,0
2026.02.06,15:34,4943.405000,4944.495000,4941.655000,4942.895000,0
2026.02.06,15:35,4942.385000,4942.965000,4940.225000,4941.085000,0
2026.02.06,15:36,4941.115000,4941.545000,4936.385000,4938.085000,0
2026.02.06,15:37,4938.115000,4940.385000,4937.725000,4938.745000,0
2026.02.06,15:38,4938.785000,4940.385000,4938.745000,4939.515000,0
2026.02.06,15:39,4939.475000,4943.195000,4939.438000,4942.975000,0
2026.02.06,15:40,4943.005000,4948.415000,4942.385000,4947.865000,0
2026.02.06,15:41,4947.885000,4948.945000,4947.495000,4948.185000,0
2026.02.06,15:42,4948.225000,4950.475000,4948.225000,4948.479000,0
2026.02.06,15:43,4948.479000,4949.615000,4948.295000,4948.475000,0
2026.02.06,15:44,4948.455000,4948.475000,4943.185000,4943.745000,0
2026.02.06,15:45,4943.955000,4945.335000,4942.045000,4942.075000,0
2026.02.06,15:46,4942.105000,4943.985000,4941.855000,4943.825000,0
2026.02.06,15:47,4943.805000,4944.025000,4940.965000,4941.285000,0
2026.02.06,15:48,4941.895000,4942.535000,4940.275000,4941.275000,0
2026.02.06,15:49,4941.305000,4944.035000,4940.025000,4943.555000,0
2026.02.06,15:50,4943.445000,4948.315000,4942.775000,4948.065000,0
2026.02.06,15:51,4948.115000,4950.475000,4947.955000,4950.265000,0
2026.02.06,15:52,4950.345000,4953.025000,4949.365000,4952.845000,0
2026.02.06,15:53,4952.865000,4953.185000,4951.185000,4952.565000,0
2026.02.06,15:54,4952.525000,4952.635000,4950.155000,4951.275000,0
2026.02.06,15:55,4951.305000,4951.755000,4947.058000,4951.465000,0
2026.02.06,15:56,4951.515000,4952.575000,4950.995000,4952.265000,0
2026.02.06,15:57,4952.235000,4952.785000,4950.745000,4951.075000,0
2026.02.06,15:58,4951.035000,4951.865000,4949.005000,4949.575000,0
2026.02.06,15:59,4949.485000,4953.835000,4949.405000,4953.098000,0
2026.02.06,16:00,4953.098000,4954.475000,4948.855000,4950.505000,0
2026.02.06,16:01,4950.485000,4950.665000,4949.375000,4949.575000,0
2026.02.06,16:02,4949.595000,4951.505000,4949.575000,4951.255000,0
2026.02.06,16:03,4951.285000,4951.345000,4950.445000,4950.575000,0
2026.02.06,16:04,4950.615000,4951.405000,4950.129000,4951.365000,0
2026.02.06,16:05,4951.325000,4954.335000,4951.325000,4953.825000,0
2026.02.06,16:06,4953.855000,4956.595000,4953.035000,4956.475000,0
2026.02.06,16:07,4956.455000,4958.135000,4956.435000,4957.305000,0
2026.02.06,16:08,4957.275000,4957.275000,4954.705000,4955.155000,0
2026.02.06,16:09,4955.405000,4955.405000,4953.405000,4953.595000,0
2026.02.06,16:10,4953.525000,4955.475000,4953.365000,4955.255000,0
2026.02.06,16:11,4955.195000,4955.195000,4953.675000,4953.865000,0
2026.02.06,16:12,4953.815000,4953.825000,4946.195000,4946.685000,0
2026.02.06,16:13,4946.715000,4949.275000,4946.715000,4949.065000,0
2026.02.06,16:14,4949.105000,4949.955000,4948.285000,4949.335000,0
2026.02.06,16:15,4949.365000,4950.645000,4948.105000,4948.235000,0
2026.02.06,16:16,4948.255000,4949.865000,4947.665000,4949.325000,0
2026.02.06,16:17,4949.345000,4949.425000,4948.455000,4948.755000,0
2026.02.06,16:18,4948.775000,4948.775000,4948.045000,4948.095000,0
2026.02.06,16:19,4948.075000,4949.995000,4947.315000,4949.995000,0
2026.02.06,16:20,4950.165000,4950.655000,4949.515000,4950.615000,0
2026.02.06,16:21,4950.675000,4950.955000,4949.518000,4950.145000,0
2026.02.06,16:22,4950.165000,4950.165000,4948.945000,4949.845000,0
2026.02.06,16:23,4949.918000,4949.918000,4949.065000,4949.715000,0
2026.02.06,16:24,4949.755000,4950.905000,4947.385000,4950.525000,0
2026.02.06,16:25,4950.575000,4953.935000,4950.575000,4952.385000,0
2026.02.06,16:26,4952.435000,4953.725000,4952.295000,4953.015000,0
2026.02.06,16:27,4953.055000,4954.445000,4952.935000,4954.225000,0
2026.02.06,16:28,4954.408000,4954.755000,4952.935000,4953.445000,0
2026.02.06,16:29,4953.385000,4953.845000,4953.095000,4953.615000,0
2026.02.06,16:30,4953.645000,4953.965000,4953.565000,4953.585000,0
2026.02.06,16:31,4953.655000,4957.355000,4953.605000,4957.035000,0
2026.02.06,16:32,4957.045000,4957.115000,4955.595000,4956.345000,0
2026.02.06,16:33,4956.458000,4956.845000,4955.395000,4955.525000,0
2026.02.06,16:34,4955.495000,4955.915000,4954.295000,4954.735000,0
2026.02.06,16:35,4954.715000,4954.725000,4954.225000,4954.375000,0
2026.02.06,16:36,4954.635000,4957.895000,4954.635000,4957.845000,0
2026.02.06,16:37,4957.895000,4959.725000,4957.845000,4959.645000,0
2026.02.06,16:38,4959.695000,4963.238000,4959.615000,4963.118000,0
2026.02.06,16:39,4963.148000,4963.708000,4960.615000,4961.585000,0
2026.02.06,16:40,4961.635000,4962.238000,4959.238000,4960.355000,0
2026.02.06,16:41,4960.345000,4962.338000,4957.825000,4962.128000,0
2026.02.06,16:42,4962.118000,4962.455000,4958.639000,4961.275000,0
2026.02.06,16:43,4961.275000,4961.275000,4958.738000,4959.618000,0
2026.02.06,16:44,4959.648000,4961.308000,4959.528000,4959.988000,0
2026.02.06,16:45,4959.609000,4959.788000,4958.158000,4958.548000,0
2026.02.06,16:46,4958.468000,4959.148000,4957.138000,4958.248000,0
2026.02.06,16:47,4958.138000,4960.278000,4957.398000,4960.179000,0
2026.02.06,16:48,4960.258000,4960.298000,4958.578000,4958.659000,0
2026.02.06,16:49,4958.709000,4960.458000,4957.238000,4960.438000,0
2026.02.06,16:50,4960.339000,4960.358000,4958.638000,4960.238000,0
2026.02.06,16:51,4960.218000,4960.248000,4958.448000,4960.088000,0
2026.02.06,16:52,4960.098000,4961.558000,4960.038000,4961.488000,0
2026.02.06,16:53,4961.508000,4963.448000,4961.488000,4962.999000,0
2026.02.06,16:54,4963.028000,4964.858000,4961.848000,4963.459000,0
2026.02.06,16:55,4963.559000,4963.559000,4961.198000,4962.539000,0
2026.02.06,16:56,4962.679000,4965.048000,4962.039000,4964.998000,0
2026.02.06,16:57,4964.998000,4966.948000,4962.898000,4966.948000,0
2026.02.06,16:58,4966.948000,4967.598000,4964.938000,4964.998000,0
2026.02.06,16:59,4964.998000,4965.248000,4961.005000,4964.298000,0
2026.02.08,18:00,4980.098000,4983.898000,4979.898000,4983.898000,0
2026.02.08,18:01,4975.228000,4977.698000,4972.098000,4972.098000,0
2026.02.08,18:02,4969.665000,4983.838000,4962.605000,4981.738000,0
2026.02.08,18:03,4980.868000,4989.228000,4979.008000,4986.038000,0
2026.02.08,18:04,4986.058000,4989.478000,4985.608000,4986.148000,0
2026.02.08,18:05,4986.158000,4990.048000,4986.158000,4988.438000,0
2026.02.08,18:06,4988.348000,4989.128000,4983.198000,4984.998000,0
2026.02.08,18:07,4985.088000,4989.848000,4978.698000,4978.698000,0
2026.02.08,18:08,4978.698000,4982.898000,4964.048000,4965.048000,0
2026.02.08,18:09,4965.048000,4977.428000,4965.048000,4974.648000,0
2026.02.08,18:10,4974.548000,4976.685000,4969.245000,4974.565000,0
2026.02.08,18:11,4974.395000,4982.485000,4973.585000,4982.185000,0
2026.02.08,18:12,4982.115000,4984.405000,4972.995000,4974.075000,0
2026.02.08,18:13,4974.095000,4975.065000,4971.205000,4971.255000,0
2026.02.08,18:14,4969.755000,4979.525000,4967.145000,4979.505000,0
2026.02.08,18:15,4979.315000,4982.425000,4976.445000,4978.835000,0
2026.02.08,18:16,4978.835000,4983.025000,4978.045000,4980.505000,0
2026.02.08,18:17,4980.505000,4986.365000,4980.045000,4980.785000,0
2026.02.08,18:18,4980.755000,4989.525000,4980.755000,4988.855000,0
2026.02.08,18:19,4988.855000,4988.855000,4984.515000,4987.525000,0
2026.02.08,18:20,4987.495000,4989.695000,4986.685000,4988.485000,0
2026.02.08,18:21,4988.415000,4989.678000,4986.975000,4987.985000,0
2026.02.08,18:22,4987.985000,4994.015000,4987.985000,4991.005000,0
2026.02.08,18:23,4990.975000,4994.185000,4990.785000,4993.395000,0
2026.02.08,18:24,4993.455000,4996.955000,4991.455000,4996.905000,0
2026.02.08,18:25,4996.925000,5008.355000,4996.525000,5008.245000,0
2026.02.08,18:26,5008.195000,5017.288000,5007.638000,5012.365000,0
2026.02.08,18:27,5012.405000,5017.198000,5010.028000,5016.535000,0
2026.02.08,18:28,5016.605000,5025.655000,5013.905000,5023.945000,0
2026.02.08,18:29,5023.925000,5025.005000,5017.395000,5024.245000,0
2026.02.08,18:30,5024.245000,5027.825000,5019.485000,5027.635000,0
2026.02.08,18:31,5027.265000,5027.645000,5019.695000,5026.585000,0
2026.02.08,18:32,5026.445000,5035.855000,5023.895000,5035.855000,0
2026.02.08,18:33,5035.845000,5043.595000,5034.085000,5038.805000,0
2026.02.08,18:34,5038.765000,5040.035000,5034.195000,5034.435000,0
2026.02.08,18:35,5034.465000,5035.415000,5022.905000,5029.805000,0
2026.02.08,18:36,5030.075000,5034.335000,5029.948000,5033.755000,0
2026.02.08,18:37,5033.825000,5041.985000,5033.825000,5041.765000,0
2026.02.08,18:38,5041.795000,5042.585000,5040.018000,5040.635000,0
2026.02.08,18:39,5040.635000,5040.645000,5035.255000,5035.975000,0
2026.02.08,18:40,5036.135000,5042.715000,5035.215000,5042.715000,0
2026.02.08,18:41,5042.725000,5042.745000,5038.345000,5038.975000,0
2026.02.08,18:42,5039.965000,5041.175000,5037.908000,5040.505000,0
2026.02.08,18:43,5040.545000,5041.225000,5033.745000,5033.985000,0
2026.02.08,18:44,5034.025000,5041.585000,5031.125000,5040.975000,0
2026.02.08,18:45,5040.935000,5043.455000,5033.455000,5033.555000,0
2026.02.08,18:46,5033.535000,5036.785000,5033.195000,5034.515000,0
2026.02.08,18:47,5034.525000,5037.045000,5033.945000,5036.535000,0
2026.02.08,18:48,5036.535000,5039.675000,5035.975000,5039.075000,0
2026.02.08,18:49,5039.075000,5046.385000,5038.915000,5044.815000,0
2026.02.08,18:50,5044.865000,5045.135000,5035.135000,5037.025000,0
2026.02.08,18:51,5037.055000,5042.265000,5037.055000,5041.985000,0
2026.02.08,18:52,5041.985000,5043.175000,5036.845000,5038.235000,0
2026.02.08,18:53,5038.235000,5041.795000,5036.265000,5040.035000,0
2026.02.08,18:54,5040.035000,5041.325000,5038.205000,5040.635000,0
2026.02.08,18:55,5040.625000,5042.785000,5039.445000,5041.535000,0
2026.02.08,18:56,5041.555000,5044.205000,5041.415000,5043.465000,0
2026.02.08,18:57,5043.185000,5046.805000,5041.995000,5042.165000,0
2026.02.08,18:58,5042.075000,5042.145000,5038.965000,5038.965000,0
2026.02.08,18:59,5038.975000,5038.975000,5033.705000,5035.475000,0
2026.02.08,19:00,5035.475000,5037.015000,5027.495000,5027.805000,0
2026.02.08,19:01,5027.765000,5034.565000,5027.745000,5033.435000,0
2026.02.08,19:02,5033.445000,5033.495000,5029.448000,5033.335000,0
2026.02.08,19:03,5033.355000,5034.475000,5029.095000,5029.155000,0
2026.02.08,19:04,5029.145000,5029.915000,5024.785000,5027.215000,0
2026.02.08,19:05,5027.205000,5035.238000,5024.245000,5035.158000,0
2026.02.08,19:06,5035.145000,5035.478000,5029.745000,5032.795000,0
2026.02.08,19:07,5032.765000,5042.145000,5032.735000,5039.785000,0
2026.02.08,19:08,5039.785000,5043.815000,5037.525000,5042.595000,0
2026.02.08,19:09,5042.615000,5044.195000,5034.635000,5035.495000,0
2026.02.08,19:10,5035.485000,5035.565000,5030.968000,5034.795000,0
2026.02.08,19:11,5034.765000,5034.945000,5028.185000,5029.595000,0
2026.02.08,19:12,5029.445000,5033.945000,5027.008000,5033.685000,0
2026.02.08,19:13,5033.685000,5033.715000,5027.925000,5031.425000,0
2026.02.08,19:14,5031.395000,5032.865000,5027.885000,5028.888000,0
2026.02.08,19:15,5028.858000,5031.185000,5021.205000,5031.155000,0
2026.02.08,19:16,5031.005000,5039.265000,5030.085000,5039.265000,0
2026.02.08,19:17,5039.285000,5040.615000,5035.425000,5039.885000,0
2026.02.08,19:18,5039.855000,5040.355000,5036.525000,5040.355000,0
2026.02.08,19:19,5040.355000,5040.695000,5030.775000,5035.555000,0
2026.02.08,19:20,5034.928000,5037.485000,5033.175000,5033.635000,0
2026.02.08,19:21,5033.595000,5034.985000,5032.035000,5032.805000,0
2026.02.08,19:22,5032.735000,5037.135000,5029.098000,5029.165000,0
2026.02.08,19:23,5029.098000,5032.805000,5028.345000,5031.175000,0
2026.02.08,19:24,5031.145000,5035.615000,5028.845000,5034.555000,0
2026.02.08,19:25,5034.485000,5035.085000,5030.065000,5030.315000,0
2026.02.08,19:26,5030.278000,5030.505000,5028.075000,5029.765000,0
2026.02.08,19:27,5029.725000,5029.955000,5028.265000,5029.555000,0
2026.02.08,19:28,5029.575000,5029.815000,5025.505000,5027.385000,0
2026.02.08,19:29,5026.245000,5034.655000,5026.245000,5034.655000,0
2026.02.08,19:30,5034.795000,5035.865000,5031.605000,5032.725000,0
2026.02.08,19:31,5032.665000,5034.635000,5029.705000,5031.215000,0
2026.02.08,19:32,5031.235000,5031.765000,5029.035000,5031.105000,0
2026.02.08,19:33,5031.235000,5037.085000,5030.425000,5035.375000,0
2026.02.08,19:34,5035.645000,5035.735000,5030.708000,5031.708000,0
2026.02.08,19:35,5031.635000,5032.445000,5030.525000,5031.715000,0
2026.02.08,19:36,5031.975000,5033.275000,5028.775000,5031.755000,0
2026.02.08,19:37,5031.735000,5032.095000,5029.248000,5029.695000,0
2026.02.08,19:38,5029.695000,5029.855000,5025.885000,5028.485000,0
2026.02.08,19:39,5028.515000,5029.105000,5026.165000,5028.165000,0
2026.02.08,19:40,5028.345000,5031.485000,5026.325000,5026.475000,0
2026.02.08,19:41,5026.035000,5026.035000,5019.825000,5022.255000,0
2026.02.08,19:42,5022.245000,5022.715000,5016.335000,5019.515000,0
2026.02.08,19:43,5019.385000,5023.595000,5019.375000,5021.785000,0
2026.02.08,19:44,5021.785000,5027.645000,5021.785000,5027.375000,0
2026.02.08,19:45,5027.405000,5027.405000,5021.415000,5021.635000,0
2026.02.08,19:46,5021.645000,5022.085000,5017.165000,5018.055000,0
2026.02.08,19:47,5018.075000,5019.895000,5017.175000,5017.245000,0
2026.02.08,19:48,5017.275000,5017.505000,5012.535000,5012.855000,0
2026.02.08,19:49,5012.885000,5015.078000,5011.298000,5012.788000,0
2026.02.08,19:50,5012.788000,5016.255000,5012.788000,5016.005000,0
2026.02.08,19:51,5016.025000,5021.205000,5015.885000,5020.835000,0
2026.02.08,19:52,5021.028000,5021.925000,5020.895000,5021.868000,0
2026.02.08,19:53,5021.425000,5021.868000,5017.485000,5017.835000,0
2026.02.08,19:54,5017.795000,5021.715000,5017.795000,5019.825000,0
2026.02.08,19:55,5019.855000,5025.265000,5019.845000,5024.955000,0
2026.02.08,19:56,5025.205000,5026.015000,5021.608000,5021.785000,0
2026.02.08,19:57,5021.895000,5024.558000,5021.398000,5021.805000,0
2026.02.08,19:58,5022.435000,5022.675000,5019.578000,5020.215000,0
2026.02.08,19:59,5020.225000,5020.715000,5017.448000,5019.125000,0
2026.02.08,20:00,5020.135000,5028.835000,5015.895000,5024.855000,0
2026.02.08,20:01,5024.855000,5034.635000,5024.578000,5034.555000,0
2026.02.08,20:02,5034.555000,5039.255000,5029.835000,5038.265000,0
2026.02.08,20:03,5038.245000,5041.465000,5031.798000,5031.798000,0
2026.02.08,20:04,5031.925000,5035.895000,5023.015000,5025.825000,0
2026.02.08,20:05,5025.615000,5026.335000,5012.955000,5013.325000,0
2026.02.08,20:06,5013.325000,5021.945000,5013.325000,5017.345000,0
2026.02.08,20:07,5017.345000,5017.915000,5004.825000,5011.795000,0
2026.02.08,20:08,5011.795000,5020.505000,5007.275000,5019.015000,0
2026.02.08,20:09,5019.055000,5020.965000,5013.775000,5014.525000,0
2026.02.08,20:10,5014.615000,5017.305000,5009.485000,5013.885000,0
2026.02.08,20:11,5013.945000,5014.935000,5007.345000,5008.955000,0
2026.02.08,20:12,5010.085000,5013.445000,5007.245000,5011.575000,0
2026.02.08,20:13,5012.275000,5019.005000,5009.885000,5018.985000,0
2026.02.08,20:14,5019.095000,5020.825000,5014.525000,5018.535000,0
2026.02.08,20:15,5018.425000,5022.765000,5015.475000,5020.095000,0
2026.02.08,20:16,5020.635000,5021.685000,5011.665000,5012.505000,0
2026.02.08,20:17,5012.485000,5025.815000,5011.785000,5025.505000,0
2026.02.08,20:18,5025.505000,5029.625000,5025.315000,5027.255000,0
2026.02.08,20:19,5027.155000,5031.635000,5027.155000,5028.815000,0
2026.02.08,20:20,5028.655000,5029.205000,5022.365000,5022.525000,0
2026.02.08,20:21,5022.525000,5025.895000,5018.925000,5025.795000,0
2026.02.08,20:22,5025.795000,5027.495000,5021.785000,5023.905000,0
2026.02.08,20:23,5023.565000,5024.815000,5019.695000,5020.675000,0
2026.02.08,20:24,5020.735000,5022.495000,5018.695000,5019.795000,0
2026.02.08,20:25,5019.805000,5019.955000,5013.255000,5014.015000,0
2026.02.08,20:26,5014.055000,5017.495000,5013.215000,5013.835000,0
2026.02.08,20:27,5013.785000,5018.775000,5013.785000,5017.855000,0
2026.02.08,20:28,5017.855000,5018.045000,5011.715000,5011.755000,0
2026.02.08,20:29,5011.755000,5017.245000,5009.455000,5016.095000,0
2026.02.08,20:30,5016.095000,5021.745000,5016.075000,5021.455000,0
2026.02.08,20:31,5021.455000,5021.605000,5013.145000,5014.005000,0
2026.02.08,20:32,5013.995000,5015.745000,4997.438000,4998.338000,0
2026.02.08,20:33,4998.428000,5007.455000,4998.428000,5004.915000,0
2026.02.08,20:34,5004.915000,5005.155000,5000.755000,5001.888000,0
2026.02.08,20:35,5001.888000,5001.888000,4993.508000,4997.235000,0
2026.02.08,20:36,4997.285000,4997.455000,4980.098000,4985.718000,0
2026.02.08,20:37,4985.845000,4987.158000,4979.755000,4982.205000,0
2026.02.08,20:38,4982.215000,4987.165000,4975.485000,4985.785000,0
2026.02.08,20:39,4985.785000,4987.775000,4978.998000,4982.315000,0
2026.02.08,20:40,4982.375000,4991.445000,4981.785000,4991.435000,0
2026.02.08,20:41,4991.598000,4997.325000,4991.445000,4996.615000,0
2026.02.08,20:42,4996.625000,4999.675000,4995.575000,4996.588000,0
2026.02.08,20:43,4996.588000,5002.475000,4996.588000,5002.135000,0
2026.02.08,20:44,5002.115000,5009.375000,5001.008000,5009.048000,0
2026.02.08,20:45,5009.085000,5011.735000,5006.795000,5007.538000,0
2026.02.08,20:46,5007.538000,5007.645000,4994.195000,4996.295000,0
2026.02.08,20:47,4996.295000,4998.445000,4992.485000,4997.275000,0
2026.02.08,20:48,4997.155000,4999.555000,4993.785000,4995.615000,0
2026.02.08,20:49,4995.665000,4998.635000,4993.738000,4996.385000,0
2026.02.08,20:50,4996.338000,4997.575000,4992.488000,4995.738000,0
2026.02.08,20:51,4995.758000,4997.445000,4993.235000,4996.805000,0
2026.02.08,20:52,4996.825000,4998.715000,4994.135000,4997.608000,0
2026.02.08,20:53,4997.608000,5000.375000,4993.778000,4993.778000,0
2026.02.08,20:54,4993.778000,4993.855000,4989.648000,4992.995000,0
2026.02.08,20:55,4992.985000,4993.775000,4987.805000,4990.875000,0
2026.02.08,20:56,4990.775000,4999.485000,4990.558000,4998.138000,0
2026.02.08,20:57,4997.485000,4997.555000,4987.605000,4988.098000,0
2026.02.08,20:58,4987.658000,4989.268000,4979.735000,4979.735000,0
2026.02.08,20:59,4979.755000,4984.465000,4979.695000,4981.985000,0
2026.02.08,21:00,4981.985000,4982.115000,4972.088000,4978.955000,0
2026.02.08,21:01,4978.975000,4981.545000,4977.625000,4980.275000,0
2026.02.08,21:02,4980.275000,4981.595000,4971.985000,4973.105000,0
2026.02.08,21:03,4973.125000,4973.835000,4967.835000,4972.215000,0
2026.02.08,21:04,4972.458000,4977.725000,4972.458000,4976.195000,0
2026.02.08,21:05,4976.215000,4981.215000,4975.425000,4978.045000,0
2026.02.08,21:06,4978.005000,4984.238000,4977.975000,4984.175000,0
2026.02.08,21:07,4984.195000,4988.685000,4982.825000,4988.625000,0
2026.02.08,21:08,4988.655000,4988.665000,4983.405000,4984.825000,0
2026.02.08,21:09,4984.865000,4989.785000,4981.885000,4989.505000,0
2026.02.08,21:10,4989.325000,4993.035000,4988.475000,4993.035000,0
2026.02.08,21:11,4993.085000,4996.315000,4991.995000,4995.055000,0
2026.02.08,21:12,4995.049000,4995.095000,4991.115000,4993.765000,0
2026.02.08,21:13,4993.795000,4993.855000,4990.875000,4991.205000,0
2026.02.08,21:14,4991.235000,5000.305000,4991.165000,4996.935000,0
2026.02.08,21:15,4996.855000,4997.255000,4995.105000,4996.075000,0
2026.02.08,21:16,4996.065000,4996.585000,4994.855000,4995.785000,0
2026.02.08,21:17,4995.825000,4996.085000,4990.975000,4991.025000,0
2026.02.08,21:18,4990.995000,4991.295000,4989.105000,4989.405000,0
2026.02.08,21:19,4989.395000,4993.445000,4988.665000,4992.135000,0
2026.02.08,21:20,4992.115000,4995.215000,4991.735000,4995.155000,0
2026.02.08,21:21,4995.099000,4999.225000,4993.865000,4994.385000,0
2026.02.08,21:22,4994.415000,4995.175000,4991.625000,4991.735000,0
2026.02.08,21:23,4991.745000,4998.075000,4991.655000,4996.485000,0
2026.02.08,21:24,4996.485000,4998.685000,4996.485000,4997.285000,0
2026.02.08,21:25,4997.445000,4998.665000,4993.895000,4998.605000,0
2026.02.08,21:26,4998.585000,5001.215000,4998.065000,5001.035000,0
2026.02.08,21:27,5000.995000,5001.175000,4999.115000,4999.295000,0
2026.02.08,21:28,4999.615000,5000.445000,4999.015000,4999.165000,0
2026.02.08,21:29,4999.285000,5001.335000,4997.455000,5000.715000,0
2026.02.08,21:30,5000.685000,5000.685000,4992.275000,4993.975000,0
2026.02.08,21:31,4993.975000,4998.955000,4993.685000,4998.025000,0
2026.02.08,21:32,4998.115000,5003.855000,4997.375000,5003.815000,0
2026.02.08,21:33,5003.855000,5005.705000,5002.595000,5004.635000,0
2026.02.08,21:34,5004.675000,5006.065000,5001.965000,5004.415000,0
2026.02.08,21:35,5004.225000,5004.845000,5000.475000,5000.618000,0
2026.02.08,21:36,5000.605000,5001.975000,4998.788000,5000.055000,0
2026.02.08,21:37,5000.055000,5001.168000,4999.275000,4999.525000,0
2026.02.08,21:38,4999.535000,5000.678000,4996.335000,4997.718000,0
2026.02.08,21:39,4997.745000,4999.945000,4997.545000,4999.085000,0
2026.02.08,21:40,4999.125000,4999.495000,4989.875000,4990.375000,0
2026.02.08,21:41,4990.405000,4995.715000,4990.005000,4990.955000,0
2026.02.08,21:42,4990.985000,4996.925000,4988.878000,4995.465000,0
2026.02.08,21:43,4995.738000,4997.105000,4990.915000,4993.795000,0
2026.02.08,21:44,4994.205000,4998.395000,4993.665000,4996.328000,0
2026.02.08,21:45,4996.755000,4997.345000,4994.465000,4994.515000,0
2026.02.08,21:46,4994.545000,4994.755000,4988.965000,4992.545000,0
2026.02.08,21:47,4992.585000,4993.245000,4985.925000,4986.915000,0
2026.02.08,21:48,4986.905000,4995.345000,4986.905000,4995.285000,0
2026.02.08,21:49,4995.285000,4997.505000,4993.485000,4996.755000,0
2026.02.08,21:50,4996.755000,5002.355000,4996.685000,5001.685000,0
2026.02.08,21:51,5001.665000,5010.675000,5000.545000,5008.915000,0
2026.02.08,21:52,5008.865000,5012.115000,5008.725000,5009.705000,0
2026.02.08,21:53,5009.665000,5012.135000,5009.125000,5010.645000,0
2026.02.08,21:54,5010.625000,5013.325000,5010.295000,5011.305000,0
2026.02.08,21:55,5011.285000,5011.345000,5005.268000,5008.195000,0
2026.02.08,21:56,5008.515000,5016.935000,5008.515000,5009.865000,0
2026.02.08,21:57,5009.825000,5010.105000,5003.918000,5004.575000,0
2026.02.08,21:58,5004.545000,5007.425000,5003.898000,5006.345000,0
2026.02.08,21:59,5006.155000,5007.415000,5004.445000,5006.725000,0
2026.02.08,22:00,5006.619000,5011.035000,5005.305000,5011.035000,0
2026.02.08,22:01,5011.015000,5014.645000,5010.935000,5012.335000,0
2026.02.08,22:02,5012.535000,5014.645000,5010.165000,5014.645000,0
2026.02.08,22:03,5014.615000,5019.105000,5014.595000,5018.515000,0
2026.02.08,22:04,5018.505000,5019.335000,5015.255000,5015.685000,0
2026.02.08,22:05,5015.485000,5020.065000,5015.205000,5017.475000,0
2026.02.08,22:06,5017.185000,5018.285000,5015.135000,5015.215000,0
2026.02.08,22:07,5015.255000,5018.455000,5015.095000,5017.455000,0
2026.02.08,22:08,5017.465000,5018.675000,5016.365000,5017.275000,0
2026.02.08,22:09,5017.305000,5018.455000,5014.995000,5018.135000,0
2026.02.08,22:10,5018.165000,5020.955000,5017.935000,5019.955000,0
2026.02.08,22:11,5019.955000,5021.175000,5018.705000,5020.605000,0
2026.02.08,22:12,5020.615000,5020.665000,5018.515000,5018.685000,0
2026.02.08,22:13,5018.655000,5019.985000,5018.085000,5018.905000,0
2026.02.08,22:14,5018.885000,5020.255000,5017.475000,5020.085000,0
2026.02.08,22:15,5020.115000,5020.215000,5011.098000,5020.045000,0
2026.02.08,22:16,5019.995000,5020.135000,5015.975000,5016.035000,0
2026.02.08,22:17,5016.065000,5018.775000,5016.035000,5017.135000,0
2026.02.08,22:18,5017.165000,5017.165000,5015.305000,5015.975000,0
2026.02.08,22:19,5015.545000,5016.305000,5013.755000,5014.805000,0
2026.02.08,22:20,5014.805000,5017.875000,5014.255000,5014.525000,0
2026.02.08,22:21,5014.725000,5016.800000,5011.845000,5015.505000,0
2026.02.08,22:22,5015.505000,5015.505000,5014.155000,5015.015000,0
2026.02.08,22:23,5014.995000,5020.115000,5014.995000,5019.865000,0
2026.02.08,22:24,5019.865000,5022.405000,5018.355000,5022.255000,0
2026.02.08,22:25,5022.305000,5025.865000,5022.145000,5023.965000,0
2026.02.08,22:26,5023.935000,5024.475000,5022.605000,5023.785000,0
2026.02.08,22:27,5023.815000,5023.855000,5021.735000,5023.475000,0
2026.02.08,22:28,5023.465000,5026.595000,5022.445000,5024.645000,0
2026.02.08,22:29,5024.615000,5025.145000,5022.335000,5024.985000,0
2026.02.08,22:30,5024.995000,5027.945000,5022.175000,5026.925000,0
2026.02.08,22:31,5026.935000,5030.945000,5024.728000,5027.405000,0
2026.02.08,22:32,5027.405000,5028.695000,5025.105000,5026.035000,0
2026.02.08,22:33,5025.515000,5028.965000,5025.305000,5028.205000,0
2026.02.08,22:34,5027.945000,5027.945000,5021.555000,5022.855000,0
2026.02.08,22:35,5022.865000,5024.018000,5022.055000,5023.645000,0
2026.02.08,22:36,5023.675000,5024.155000,5021.925000,5021.975000,0
2026.02.08,22:37,5021.975000,5022.715000,5018.208000,5018.925000,0
2026.02.08,22:38,5018.985000,5022.085000,5018.725000,5021.885000,0
2026.02.08,22:39,5021.885000,5022.888000,5021.458000,5021.615000,0
2026.02.08,22:40,5021.615000,5022.835000,5020.555000,5022.025000,0
2026.02.08,22:41,5022.005000,5022.985000,5020.755000,5020.815000,0
2026.02.08,22:42,5020.698000,5021.538000,5019.015000,5019.345000,0
2026.02.08,22:43,5019.325000,5021.518000,5019.285000,5021.265000,0
2026.02.08,22:44,5021.265000,5024.765000,5019.068000,5024.478000,0
2026.02.08,22:45,5024.595000,5027.415000,5020.445000,5020.498000,0
2026.02.08,22:46,5020.498000,5023.195000,5018.000000,5018.000000,0
2026.02.08,22:47,5018.148000,5020.365000,5015.248000,5020.115000,0
2026.02.08,22:48,5020.155000,5021.835000,5019.025000,5019.415000,0
2026.02.08,22:49,5019.125000,5022.675000,5018.575000,5021.675000,0
2026.02.08,22:50,5021.675000,5022.445000,5020.898000,5021.335000,0
2026.02.08,22:51,5021.335000,5021.335000,5019.318000,5020.149000,0
2026.02.08,22:52,5020.169000,5022.579000,5017.088000,5017.708000,0
2026.02.08,22:53,5017.869000,5019.585000,5017.208000,5019.489000,0
2026.02.08,22:54,5019.489000,5019.679000,5018.749000,5019.228000,0
2026.02.08,22:55,5019.298000,5019.615000,5016.518000,5016.975000,0
2026.02.08,22:56,5016.985000,5017.105000,5013.708000,5014.635000,0
2026.02.08,22:57,5014.635000,5015.125000,5011.878000,5012.615000,0
2026.02.08,22:58,5012.635000,5015.765000,5012.635000,5014.955000,0
2026.02.08,22:59,5014.975000,5016.485000,5014.839000,5015.735000,0
2026.02.08,23:00,5015.885000,5016.079000,5012.455000,5013.179000,0
2026.02.08,23:01,5013.215000,5014.545000,5012.535000,5013.845000,0
2026.02.08,23:02,5013.875000,5013.985000,5012.905000,5013.665000,0
2026.02.08,23:03,5013.695000,5015.505000,5013.695000,5014.975000,0
2026.02.08,23:04,5014.965000,5019.405000,5014.808000,5019.405000,0
2026.02.08,23:05,5019.425000,5022.175000,5019.425000,5019.869000,0
2026.02.08,23:06,5020.045000,5022.338000,5019.739000,5021.379000,0
2026.02.08,23:07,5021.329000,5021.409000,5019.755000,5020.009000,0
2026.02.08,23:08,5020.165000,5023.705000,5020.165000,5022.645000,0
2026.02.08,23:09,5022.645000,5023.675000,5020.505000,5023.655000,0
2026.02.08,23:10,5023.635000,5023.655000,5017.545000,5017.735000,0
2026.02.08,23:11,5017.715000,5017.835000,5016.845000,5017.835000,0
2026.02.08,23:12,5017.845000,5018.555000,5017.345000,5018.525000,0
2026.02.08,23:13,5018.545000,5020.455000,5018.545000,5019.965000,0
2026.02.08,23:14,5019.809000,5019.965000,5011.625000,5011.655000,0
2026.02.08,23:15,5011.655000,5018.375000,5008.178000,5017.715000,0
2026.02.08,23:16,5017.685000,5024.135000,5017.315000,5021.059000,0
2026.02.08,23:17,5021.059000,5022.815000,5020.558000,5020.675000,0
2026.02.08,23:18,5020.645000,5023.535000,5020.015000,5021.568000,0
2026.02.08,23:19,5021.679000,5022.129000,5019.215000,5019.819000,0
2026.02.08,23:20,5019.819000,5020.479000,5018.479000,5020.479000,0
2026.02.08,23:21,5020.519000,5021.469000,5018.785000,5020.779000,0
2026.02.08,23:22,5020.789000,5022.495000,5020.365000,5022.495000,0
2026.02.08,23:23,5022.495000,5023.245000,5020.555000,5020.739000,0
2026.02.08,23:24,5020.739000,5021.065000,5016.725000,5018.755000,0
2026.02.08,23:25,5018.765000,5020.885000,5017.895000,5020.579000,0
2026.02.08,23:26,5020.559000,5020.649000,5017.315000,5017.915000,0
2026.02.08,23:27,5017.915000,5017.915000,5015.115000,5016.755000,0
2026.02.08,23:28,5016.775000,5018.385000,5016.355000,5017.395000,0
2026.02.08,23:29,5017.495000,5017.495000,5012.865000,5017.065000,0
2026.02.08,23:30,5017.055000,5017.385000,5015.535000,5016.275000,0
2026.02.08,23:31,5016.255000,5017.185000,5014.865000,5014.905000,0
2026.02.08,23:32,5014.935000,5016.475000,5014.865000,5016.025000,0
2026.02.08,23:33,5016.015000,5018.445000,5014.545000,5018.385000,0
2026.02.08,23:34,5018.405000,5020.175000,5018.385000,5019.445000,0
2026.02.08,23:35,5019.455000,5020.615000,5017.865000,5018.295000,0
2026.02.08,23:36,5018.215000,5019.945000,5017.465000,5019.945000,0
2026.02.08,23:37,5019.945000,5021.655000,5019.785000,5020.395000,0
2026.02.08,23:38,5020.395000,5020.785000,5018.388000,5018.455000,0
2026.02.08,23:39,5018.425000,5022.655000,5017.508000,5022.138000,0
2026.02.08,23:40,5022.158000,5022.575000,5019.438000,5019.805000,0
2026.02.08,23:41,5019.815000,5021.268000,5018.798000,5018.935000,0
2026.02.08,23:42,5018.985000,5020.115000,5016.198000,5016.515000,0
2026.02.08,23:43,5016.125000,5017.095000,5014.438000,5015.298000,0
2026.02.08,23:44,5015.298000,5019.808000,5014.598000,5018.039000,0
2026.02.08,23:45,5018.019000,5019.559000,5013.468000,5015.505000,0
2026.02.08,23:46,5015.625000,5016.295000,5013.258000,5015.439000,0
2026.02.08,23:47,5015.419000,5015.565000,5013.495000,5015.165000,0
2026.02.08,23:48,5014.898000,5016.315000,5014.699000,5016.245000,0
2026.02.08,23:49,5016.305000,5016.585000,5012.395000,5013.399000,0
2026.02.08,23:50,5013.389000,5013.465000,5011.678000,5011.809000,0
2026.02.08,23:51,5011.809000,5012.085000,5008.409000,5009.155000,0
2026.02.08,23:52,5009.219000,5012.705000,5009.055000,5012.489000,0
2026.02.08,23:53,5012.489000,5016.555000,5012.449000,5015.485000,0
2026.02.08,23:54,5015.495000,5015.519000,5014.145000,5014.559000,0
2026.02.08,23:55,5014.659000,5015.705000,5011.735000,5012.899000,0
2026.02.08,23:56,5012.785000,5012.905000,5009.715000,5010.075000,0
2026.02.08,23:57,5009.929000,5010.195000,5006.895000,5007.289000,0
2026.02.08,23:58,5007.219000,5012.375000,5007.169000,5012.295000,0
2026.02.08,23:59,5012.515000,5013.645000,5010.765000,5011.749000,0
2026.02.09,00:00,5011.749000,5012.729000,5011.015000,5012.349000,0
2026.02.09,00:01,5012.409000,5012.799000,5011.025000,5012.315000,0
2026.02.09,00:02,5012.315000,5012.945000,5012.065000,5012.925000,0
2026.02.09,00:03,5012.905000,5013.915000,5012.728000,5013.855000,0
2026.02.09,00:04,5013.775000,5014.765000,5013.465000,5014.755000,0
2026.02.09,00:05,5014.795000,5015.935000,5013.165000,5013.849000,0
2026.02.09,00:06,5014.035000,5014.765000,5013.255000,5013.255000,0
2026.02.09,00:07,5013.235000,5016.025000,5012.795000,5015.955000,0
2026.02.09,00:08,5015.925000,5018.255000,5015.925000,5018.235000,0
2026.02.09,00:09,5018.125000,5019.565000,5018.125000,5019.225000,0
2026.02.09,00:10,5019.255000,5019.405000,5018.058000,5019.035000,0
2026.02.09,00:11,5018.918000,5019.755000,5017.535000,5018.845000,0
2026.02.09,00:12,5018.865000,5019.405000,5016.735000,5017.765000,0
2026.02.09,00:13,5017.785000,5018.745000,5013.565000,5014.705000,0
2026.02.09,00:14,5014.595000,5016.015000,5013.975000,5014.845000,0
2026.02.09,00:15,5014.855000,5019.025000,5014.855000,5018.945000,0
2026.02.09,00:16,5018.915000,5021.065000,5018.425000,5021.025000,0
2026.02.09,00:17,5021.035000,5021.215000,5018.855000,5019.125000,0
2026.02.09,00:18,5019.115000,5021.075000,5019.115000,5020.355000,0
2026.02.09,00:19,5020.255000,5021.745000,5020.255000,5021.735000,0
2026.02.09,00:20,5021.625000,5022.165000,5020.635000,5021.875000,0
2026.02.09,00:21,5021.885000,5022.355000,5021.305000,5021.865000,0
2026.02.09,00:22,5021.635000,5025.025000,5021.635000,5022.875000,0
2026.02.09,00:23,5022.895000,5024.215000,5020.398000,5020.965000,0
2026.02.09,00:24,5020.975000,5024.715000,5020.975000,5023.975000,0
2026.02.09,00:25,5023.965000,5025.625000,5023.505000,5025.595000,0
2026.02.09,00:26,5025.615000,5027.535000,5025.165000,5025.305000,0
2026.02.09,00:27,5025.265000,5027.875000,5024.655000,5027.755000,0
2026.02.09,00:28,5027.665000,5030.545000,5027.665000,5030.005000,0
2026.02.09,00:29,5029.965000,5031.265000,5029.445000,5029.955000,0
2026.02.09,00:30,5029.895000,5032.805000,5027.015000,5029.315000,0
2026.02.09,00:31,5028.465000,5032.095000,5027.435000,5027.565000,0
2026.02.09,00:32,5027.565000,5030.425000,5027.185000,5027.445000,0
2026.02.09,00:33,5027.515000,5028.325000,5025.315000,5028.015000,0
2026.02.09,00:34,5027.965000,5031.455000,5027.625000,5031.415000,0
2026.02.09,00:35,5031.395000,5034.075000,5030.558000,5031.695000,0
2026.02.09,00:36,5031.075000,5032.635000,5028.695000,5029.005000,0
2026.02.09,00:37,5028.905000,5034.865000,5028.605000,5032.475000,0
2026.02.09,00:38,5032.515000,5034.815000,5032.435000,5033.455000,0
2026.02.09,00:39,5033.455000,5034.515000,5032.115000,5032.875000,0
2026.02.09,00:40,5032.855000,5034.685000,5030.325000,5034.495000,0
2026.02.09,00:41,5034.315000,5037.445000,5033.655000,5035.315000,0
2026.02.09,00:42,5035.285000,5041.075000,5034.535000,5037.055000,0
2026.02.09,00:43,5037.115000,5039.305000,5036.885000,5037.785000,0
2026.02.09,00:44,5037.745000,5038.015000,5034.005000,5034.125000,0
2026.02.09,00:45,5034.165000,5034.375000,5024.865000,5026.745000,0
2026.02.09,00:46,5026.995000,5027.175000,5024.505000,5026.015000,0
2026.02.09,00:47,5025.995000,5029.178000,5025.995000,5029.178000,0
2026.02.09,00:48,5029.445000,5029.668000,5024.668000,5024.835000,0
2026.02.09,00:49,5024.868000,5030.348000,5022.755000,5030.245000,0
2026.02.09,00:50,5030.245000,5030.998000,5027.755000,5030.155000,0
2026.02.09,00:51,5030.135000,5033.575000,5028.995000,5032.485000,0
2026.02.09,00:52,5032.465000,5033.825000,5030.025000,5032.815000,0
2026.02.09,00:53,5032.825000,5034.335000,5032.825000,5033.985000,0
2026.02.09,00:54,5033.975000,5035.155000,5033.245000,5034.795000,0
2026.02.09,00:55,5034.955000,5037.885000,5034.665000,5037.355000,0
2026.02.09,00:56,5037.355000,5037.465000,5035.455000,5036.585000,0
2026.02.09,00:57,5036.565000,5036.845000,5033.555000,5034.415000,0
2026.02.09,00:58,5034.385000,5034.385000,5032.965000,5033.205000,0
2026.02.09,00:59,5033.185000,5036.785000,5033.135000,5036.155000,0
2026.02.09,01:00,5036.175000,5041.645000,5036.115000,5041.305000,0
2026.02.09,01:01,5041.355000,5043.315000,5039.095000,5039.595000,0
2026.02.09,01:02,5039.575000,5039.805000,5034.798000,5035.265000,0
2026.02.09,01:03,5035.235000,5042.675000,5034.945000,5041.745000,0
2026.02.09,01:04,5041.705000,5045.615000,5041.555000,5043.805000,0
2026.02.09,01:05,5043.845000,5044.765000,5042.925000,5043.925000,0
2026.02.09,01:06,5043.955000,5044.685000,5042.135000,5042.975000,0
2026.02.09,01:07,5042.945000,5043.955000,5041.259000,5041.765000,0
2026.02.09,01:08,5041.805000,5041.895000,5037.805000,5039.915000,0
2026.02.09,01:09,5039.925000,5040.245000,5035.849000,5037.085000,0
2026.02.09,01:10,5036.615000,5037.145000,5031.925000,5033.225000,0
2026.02.09,01:11,5033.255000,5038.585000,5033.135000,5037.995000,0
2026.02.09,01:12,5037.815000,5038.445000,5035.855000,5036.075000,0
2026.02.09,01:13,5036.235000,5036.255000,5031.308000,5031.345000,0
2026.02.09,01:14,5031.415000,5034.715000,5031.325000,5033.995000,0
2026.02.09,01:15,5033.435000,5035.045000,5030.785000,5030.875000,0
2026.02.09,01:16,5030.895000,5037.265000,5030.705000,5035.485000,0
2026.02.09,01:17,5035.485000,5035.855000,5028.825000,5030.785000,0
2026.02.09,01:18,5030.715000,5031.085000,5028.745000,5029.605000,0
2026.02.09,01:19,5029.565000,5031.595000,5027.555000,5027.555000,0
2026.02.09,01:20,5027.785000,5027.785000,5023.585000,5025.485000,0
2026.02.09,01:21,5025.545000,5026.665000,5021.765000,5021.765000,0
2026.02.09,01:22,5021.675000,5021.675000,5013.378000,5017.745000,0
2026.02.09,01:23,5017.658000,5019.675000,5016.045000,5018.895000,0
2026.02.09,01:24,5018.915000,5023.045000,5017.835000,5021.555000,0
2026.02.09,01:25,5021.585000,5025.925000,5020.885000,5024.015000,0
2026.02.09,01:26,5023.995000,5026.525000,5023.475000,5025.135000,0
2026.02.09,01:27,5025.135000,5027.875000,5023.895000,5025.805000,0
2026.02.09,01:28,5025.775000,5027.565000,5023.125000,5023.635000,0
2026.02.09,01:29,5023.615000,5028.435000,5023.615000,5025.115000,0
2026.02.09,01:30,5024.855000,5029.685000,5022.995000,5029.355000,0
2026.02.09,01:31,5029.225000,5032.145000,5028.505000,5029.985000,0
2026.02.09,01:32,5029.975000,5029.975000,5023.755000,5024.515000,0
2026.02.09,01:33,5024.705000,5025.665000,5020.665000,5024.435000,0
2026.02.09,01:34,5024.395000,5026.725000,5020.715000,5026.375000,0
2026.02.09,01:35,5026.395000,5026.565000,5022.675000,5023.205000,0
2026.02.09,01:36,5023.885000,5029.085000,5023.635000,5029.085000,0
2026.02.09,01:37,5029.045000,5030.455000,5026.955000,5027.075000,0
2026.02.09,01:38,5027.065000,5031.715000,5027.065000,5031.515000,0
2026.02.09,01:39,5031.515000,5032.185000,5030.995000,5031.665000,0
2026.02.09,01:40,5031.685000,5031.715000,5026.595000,5027.865000,0
2026.02.09,01:41,5027.855000,5028.435000,5025.235000,5026.185000,0
2026.02.09,01:42,5026.225000,5032.125000,5026.125000,5032.095000,0
2026.02.09,01:43,5032.125000,5034.255000,5031.935000,5032.415000,0
2026.02.09,01:44,5032.245000,5035.995000,5031.775000,5035.045000,0
2026.02.09,01:45,5035.045000,5036.365000,5033.785000,5034.415000,0
2026.02.09,01:46,5034.865000,5035.605000,5032.505000,5033.435000,0
2026.02.09,01:47,5033.695000,5035.875000,5033.035000,5035.665000,0
2026.02.09,01:48,5035.675000,5035.865000,5029.575000,5030.985000,0
2026.02.09,01:49,5031.025000,5032.655000,5029.515000,5030.315000,0
2026.02.09,01:50,5030.315000,5031.345000,5026.555000,5028.085000,0
2026.02.09,01:51,5028.115000,5031.805000,5027.468000,5031.565000,0
2026.02.09,01:52,5031.535000,5035.165000,5030.545000,5034.895000,0
2026.02.09,01:53,5034.925000,5036.995000,5033.325000,5036.975000,0
2026.02.09,01:54,5036.995000,5037.305000,5036.265000,5036.765000,0
2026.02.09,01:55,5036.805000,5036.848000,5033.505000,5034.605000,0
2026.02.09,01:56,5034.545000,5039.655000,5034.055000,5039.355000,0
2026.02.09,01:57,5039.395000,5039.395000,5033.979000,5034.349000,0
2026.02.09,01:58,5034.299000,5034.468000,5031.035000,5031.609000,0
2026.02.09,01:59,5031.719000,5031.789000,5028.998000,5030.889000,0
2026.02.09,02:00,5030.905000,5030.905000,5022.615000,5027.625000,0
2026.02.09,02:01,5027.635000,5028.305000,5024.915000,5025.005000,0
2026.02.09,02:02,5024.925000,5025.565000,5023.285000,5023.815000,0
2026.02.09,02:03,5023.755000,5029.465000,5023.345000,5027.215000,0
2026.02.09,02:04,5027.175000,5030.225000,5027.095000,5028.865000,0
2026.02.09,02:05,5028.845000,5029.005000,5019.515000,5024.195000,0
2026.02.09,02:06,5024.245000,5025.835000,5022.915000,5025.725000,0
2026.02.09,02:07,5025.745000,5025.745000,5023.295000,5023.365000,0
2026.02.09,02:08,5023.315000,5024.175000,5019.665000,5020.935000,0
2026.02.09,02:09,5020.835000,5021.465000,5018.035000,5020.595000,0
2026.02.09,02:10,5020.495000,5021.425000,5018.585000,5021.225000,0
2026.02.09,02:11,5021.175000,5021.395000,5016.935000,5019.595000,0
2026.02.09,02:12,5019.625000,5020.415000,5016.245000,5016.755000,0
2026.02.09,02:13,5016.755000,5017.605000,5013.825000,5013.975000,0
2026.02.09,02:14,5013.945000,5014.465000,5007.808000,5012.735000,0
2026.02.09,02:15,5012.735000,5013.945000,5010.595000,5011.685000,0
2026.02.09,02:16,5011.495000,5012.655000,5009.465000,5012.445000,0
2026.02.09,02:17,5012.265000,5013.935000,5009.075000,5011.075000,0
2026.02.09,02:18,5011.085000,5013.665000,5007.245000,5013.525000,0
2026.02.09,02:19,5013.515000,5014.875000,5011.305000,5013.225000,0
2026.02.09,02:20,5013.175000,5013.435000,5010.935000,5011.625000,0
2026.02.09,02:21,5011.655000,5011.755000,5007.875000,5010.525000,0
2026.02.09,02:22,5010.335000,5010.835000,4994.955000,5004.795000,0
2026.02.09,02:23,5005.005000,5005.045000,4997.385000,5001.825000,0
2026.02.09,02:24,5001.815000,5008.245000,5001.645000,5003.445000,0
2026.02.09,02:25,5003.475000,5004.125000,4998.568000,5001.065000,0
2026.02.09,02:26,5001.085000,5004.085000,4999.808000,5001.155000,0
2026.02.09,02:27,5001.185000,5006.865000,5000.685000,5006.865000,0
2026.02.09,02:28,5006.845000,5008.475000,5002.205000,5004.215000,0
2026.02.09,02:29,5004.185000,5009.415000,5002.318000,5008.135000,0
2026.02.09,02:30,5008.315000,5012.525000,5007.375000,5012.435000,0
2026.02.09,02:31,5012.425000,5013.625000,5009.515000,5012.755000,0
2026.02.09,02:32,5013.085000,5014.935000,5010.225000,5010.855000,0
2026.02.09,02:33,5010.595000,5013.285000,5009.025000,5010.725000,0
2026.02.09,02:34,5010.785000,5011.495000,5009.035000,5009.105000,0
2026.02.09,02:35,5009.115000,5011.095000,5007.935000,5010.335000,0
2026.02.09,02:36,5010.235000,5010.339000,5007.915000,5008.755000,0
2026.02.09,02:37,5008.485000,5011.295000,5008.095000,5010.785000,0
2026.02.09,02:38,5010.845000,5010.885000,5008.665000,5009.065000,0
2026.02.09,02:39,5008.805000,5010.255000,5006.945000,5009.705000,0
2026.02.09,02:40,5009.765000,5014.445000,5008.375000,5013.635000,0
2026.02.09,02:41,5013.645000,5014.015000,5011.245000,5011.725000,0
2026.02.09,02:42,5011.205000,5014.505000,5009.635000,5011.405000,0
2026.02.09,02:43,5011.385000,5012.815000,5008.895000,5012.255000,0
2026.02.09,02:44,5011.965000,5013.235000,5011.265000,5012.085000,0
2026.02.09,02:45,5012.195000,5012.575000,5009.145000,5009.205000,0
2026.02.09,02:46,5009.175000,5009.245000,5005.448000,5008.395000,0
2026.02.09,02:47,5008.665000,5008.675000,5004.825000,5005.765000,0
2026.02.09,02:48,5005.715000,5006.525000,5002.875000,5002.875000,0
2026.02.09,02:49,5003.045000,5003.265000,5000.585000,5002.855000,0
2026.02.09,02:50,5003.075000,5005.685000,5000.885000,5004.545000,0
2026.02.09,02:51,5004.555000,5004.755000,5002.825000,5004.215000,0
2026.02.09,02:52,5004.205000,5004.225000,5001.575000,5003.505000,0
2026.02.09,02:53,5003.525000,5008.035000,5001.875000,5001.905000,0
2026.02.09,02:54,5001.935000,5005.045000,5000.715000,5004.955000,0
2026.02.09,02:55,5004.965000,5005.805000,5003.945000,5004.145000,0
2026.02.09,02:56,5004.095000,5007.965000,5003.725000,5007.765000,0
2026.02.09,02:57,5007.735000,5008.055000,5005.425000,5007.715000,0
2026.02.09,02:58,5007.685000,5007.775000,5006.255000,5006.255000,0
2026.02.09,02:59,5006.195000,5006.255000,5004.655000,5006.095000,0
2026.02.09,03:00,5006.125000,5006.675000,5002.505000,5005.875000,0
2026.02.09,03:01,5005.675000,5010.325000,5005.605000,5008.335000,0
2026.02.09,03:02,5008.365000,5010.805000,5006.225000,5010.805000,0
2026.02.09,03:03,5010.795000,5015.865000,5008.635000,5014.465000,0
2026.02.09,03:04,5014.475000,5017.985000,5013.265000,5016.595000,0
2026.02.09,03:05,5016.555000,5017.645000,5013.065000,5017.245000,0
2026.02.09,03:06,5017.255000,5020.715000,5015.505000,5020.445000,0
2026.02.09,03:07,5020.485000,5021.065000,5017.135000,5018.255000,0
2026.02.09,03:08,5018.355000,5019.725000,5016.425000,5019.415000,0
2026.02.09,03:09,5019.445000,5019.475000,5016.518000,5017.425000,0
2026.02.09,03:10,5017.435000,5018.215000,5016.538000,5018.025000,0
2026.02.09,03:11,5018.125000,5018.185000,5016.355000,5017.685000,0
2026.02.09,03:12,5017.645000,5017.925000,5016.185000,5016.515000,0
2026.02.09,03:13,5016.515000,5018.305000,5016.418000,5017.355000,0
2026.02.09,03:14,5017.315000,5020.155000,5016.395000,5019.865000,0
2026.02.09,03:15,5019.905000,5022.205000,5019.905000,5021.605000,0
2026.02.09,03:16,5022.128000,5025.715000,5021.715000,5025.685000,0
2026.02.09,03:17,5025.655000,5030.905000,5024.125000,5030.535000,0
2026.02.09,03:18,5030.505000,5031.695000,5024.495000,5026.295000,0
2026.02.09,03:19,5026.265000,5027.575000,5026.185000,5027.305000,0
2026.02.09,03:20,5027.275000,5027.655000,5023.355000,5024.705000,0
2026.02.09,03:21,5024.775000,5029.705000,5023.515000,5027.535000,0
2026.02.09,03:22,5027.605000,5030.315000,5025.895000,5030.285000,0
2026.02.09,03:23,5029.975000,5030.515000,5026.255000,5029.135000,0
2026.02.09,03:24,5029.165000,5030.395000,5025.795000,5025.865000,0
2026.02.09,03:25,5025.795000,5028.005000,5024.805000,5027.985000,0
2026.02.09,03:26,5027.945000,5029.935000,5024.445000,5028.265000,0
2026.02.09,03:27,5028.365000,5029.125000,5023.135000,5025.885000,0
2026.02.09,03:28,5025.845000,5027.345000,5025.158000,5027.315000,0
2026.02.09,03:29,5027.345000,5027.345000,5024.995000,5025.445000,0
2026.02.09,03:30,5025.175000,5027.355000,5021.875000,5022.325000,0
2026.02.09,03:31,5022.445000,5024.315000,5021.215000,5022.175000,0
2026.02.09,03:32,5022.075000,5025.555000,5021.725000,5024.075000,0
2026.02.09,03:33,5024.085000,5025.775000,5023.588000,5025.645000,0
2026.02.09,03:34,5025.515000,5027.955000,5025.325000,5027.475000,0
2026.02.09,03:35,5027.505000,5028.635000,5023.278000,5023.375000,0
2026.02.09,03:36,5023.345000,5025.405000,5022.625000,5025.365000,0
2026.02.09,03:37,5025.395000,5025.425000,5023.999000,5025.115000,0
2026.02.09,03:38,5025.125000,5025.358000,5023.588000,5023.675000,0
2026.02.09,03:39,5023.715000,5027.225000,5023.565000,5026.768000,0
2026.02.09,03:40,5026.768000,5026.975000,5023.665000,5025.305000,0
2026.02.09,03:41,5025.325000,5027.905000,5025.215000,5027.625000,0
2026.02.09,03:42,5027.655000,5029.385000,5026.485000,5029.345000,0
2026.02.09,03:43,5029.415000,5032.415000,5029.275000,5029.845000,0
2026.02.09,03:44,5029.805000,5031.115000,5029.235000,5029.365000,0
2026.02.09,03:45,5029.345000,5032.055000,5029.275000,5030.725000,0
2026.02.09,03:46,5030.785000,5033.355000,5030.785000,5032.995000,0
2026.02.09,03:47,5032.935000,5032.935000,5028.378000,5030.565000,0
2026.02.09,03:48,5030.595000,5035.605000,5027.335000,5028.495000,0
2026.02.09,03:49,5028.485000,5028.585000,5027.638000,5028.065000,0
2026.02.09,03:50,5028.135000,5031.105000,5028.135000,5029.935000,0
2026.02.09,03:51,5029.995000,5030.135000,5028.115000,5028.895000,0
2026.02.09,03:52,5028.915000,5029.115000,5023.805000,5024.678000,0
2026.02.09,03:53,5024.685000,5026.065000,5023.965000,5024.395000,0
2026.02.09,03:54,5024.355000,5025.355000,5024.205000,5024.655000,0
2026.02.09,03:55,5024.635000,5026.915000,5024.305000,5026.775000,0
2026.02.09,03:56,5026.745000,5028.425000,5025.175000,5027.415000,0
2026.02.09,03:57,5027.395000,5027.445000,5027.115000,5027.345000,0
2026.02.09,03:58,5027.255000,5027.255000,5026.395000,5026.395000,0
2026.02.09,03:59,5026.375000,5027.155000,5025.785000,5027.125000,0
2026.02.09,04:00,5027.165000,5028.805000,5025.985000,5026.005000,0
2026.02.09,04:01,5025.975000,5028.975000,5024.965000,5028.685000,0
2026.02.09,04:02,5028.565000,5033.895000,5028.305000,5033.895000,0
2026.02.09,04:03,5034.255000,5040.785000,5034.085000,5035.535000,0
2026.02.09,04:04,5034.975000,5035.585000,5031.735000,5032.535000,0
2026.02.09,04:05,5032.565000,5035.855000,5032.565000,5034.925000,0
2026.02.09,04:06,5035.055000,5035.885000,5032.135000,5033.275000,0
2026.02.09,04:07,5033.455000,5033.735000,5030.658000,5031.565000,0
2026.02.09,04:08,5031.625000,5032.055000,5026.145000,5026.485000,0
2026.02.09,04:09,5026.485000,5028.545000,5026.485000,5027.255000,0
2026.02.09,04:10,5027.305000,5029.225000,5027.215000,5028.025000,0
2026.02.09,04:11,5028.055000,5030.165000,5027.375000,5028.235000,0
2026.02.09,04:12,5028.285000,5028.715000,5024.375000,5025.095000,0
2026.02.09,04:13,5025.165000,5027.255000,5022.735000,5027.005000,0
2026.02.09,04:14,5026.975000,5027.195000,5025.065000,5025.675000,0
2026.02.09,04:15,5025.655000,5025.655000,5021.398000,5022.865000,0
2026.02.09,04:16,5022.915000,5025.585000,5022.915000,5024.075000,0
2026.02.09,04:17,5023.995000,5024.228000,5022.375000,5023.225000,0
2026.02.09,04:18,5023.225000,5023.295000,5022.445000,5022.518000,0
2026.02.09,04:19,5022.538000,5026.065000,5021.785000,5025.985000,0
2026.02.09,04:20,5025.955000,5027.055000,5025.495000,5026.695000,0
2026.02.09,04:21,5026.665000,5027.225000,5025.225000,5026.875000,0
2026.02.09,04:22,5026.895000,5026.955000,5025.489000,5025.529000,0
2026.02.09,04:23,5025.559000,5025.995000,5025.095000,5025.938000,0
2026.02.09,04:24,5025.938000,5025.938000,5022.965000,5024.445000,0
2026.02.09,04:25,5024.485000,5026.485000,5024.358000,5026.125000,0
2026.02.09,04:26,5026.105000,5026.105000,5016.635000,5019.658000,0
2026.02.09,04:27,5019.945000,5020.065000,5016.075000,5019.325000,0
2026.02.09,04:28,5019.275000,5023.445000,5019.185000,5023.285000,0
2026.02.09,04:29,5023.275000,5025.035000,5023.095000,5024.105000,0
2026.02.09,04:30,5024.065000,5024.395000,5022.828000,5024.385000,0
2026.02.09,04:31,5024.425000,5027.145000,5024.325000,5026.035000,0
2026.02.09,04:32,5026.005000,5026.005000,5019.925000,5020.655000,0
2026.02.09,04:33,5020.755000,5020.985000,5017.815000,5018.495000,0
2026.02.09,04:34,5018.525000,5020.975000,5017.355000,5017.965000,0
2026.02.09,04:35,5017.945000,5018.595000,5016.485000,5018.355000,0
2026.02.09,04:36,5018.295000,5018.315000,5016.175000,5016.515000,0
2026.02.09,04:37,5016.485000,5016.505000,5014.745000,5015.995000,0
2026.02.09,04:38,5015.685000,5018.765000,5015.045000,5015.575000,0
2026.02.09,04:39,5015.535000,5015.805000,5012.045000,5013.895000,0
2026.02.09,04:40,5013.795000,5014.695000,5013.335000,5014.135000,0
2026.02.09,04:41,5014.165000,5016.725000,5013.355000,5016.705000,0
2026.02.09,04:42,5016.735000,5017.365000,5011.555000,5013.455000,0
2026.02.09,04:43,5013.495000,5015.895000,5013.435000,5015.825000,0
2026.02.09,04:44,5015.815000,5016.055000,5013.038000,5014.175000,0
2026.02.09,04:45,5014.125000,5014.645000,5013.269000,5014.125000,0
2026.02.09,04:46,5014.135000,5015.165000,5010.745000,5011.105000,0
2026.02.09,04:47,5011.035000,5012.105000,5007.975000,5011.805000,0
2026.02.09,04:48,5011.805000,5013.305000,5010.565000,5011.355000,0
2026.02.09,04:49,5011.315000,5012.895000,5011.255000,5012.245000,0
2026.02.09,04:50,5012.265000,5012.505000,5011.045000,5011.375000,0
2026.02.09,04:51,5011.355000,5012.305000,5009.018000,5010.695000,0
2026.02.09,04:52,5010.675000,5014.955000,5008.515000,5014.805000,0
2026.02.09,04:53,5014.775000,5014.845000,5009.145000,5009.635000,0
2026.02.09,04:54,5009.665000,5009.675000,5005.215000,5006.325000,0
2026.02.09,04:55,5006.375000,5009.405000,5006.375000,5008.055000,0
2026.02.09,04:56,5008.195000,5013.575000,5006.965000,5009.355000,0
2026.02.09,04:57,5009.495000,5009.605000,5004.295000,5007.125000,0
2026.02.09,04:58,5007.135000,5007.925000,5002.355000,5005.805000,0
2026.02.09,04:59,5005.755000,5009.075000,5004.445000,5007.545000,0
2026.02.09,05:00,5007.585000,5007.885000,5004.265000,5004.505000,0
2026.02.09,05:01,5004.525000,5004.795000,4999.915000,5000.595000,0
2026.02.09,05:02,5000.635000,5001.725000,4996.245000,5000.495000,0
2026.02.09,05:03,5000.475000,5000.475000,4997.255000,4998.285000,0
2026.02.09,05:04,4998.265000,5005.895000,4997.395000,5005.715000,0
2026.02.09,05:05,5005.735000,5010.505000,5005.395000,5010.395000,0
2026.02.09,05:06,5010.345000,5013.515000,5009.695000,5009.695000,0
2026.02.09,05:07,5009.735000,5012.425000,5009.555000,5011.235000,0
2026.02.09,05:08,5011.385000,5013.075000,5011.105000,5011.195000,0
2026.02.09,05:09,5011.075000,5011.305000,5008.075000,5008.815000,0
2026.02.09,05:10,5008.775000,5009.875000,5007.705000,5008.065000,0
2026.02.09,05:11,5008.065000,5011.755000,5008.065000,5010.695000,0
2026.02.09,05:12,5010.695000,5011.005000,5009.475000,5009.675000,0
2026.02.09,05:13,5009.625000,5011.035000,5007.985000,5008.885000,0
2026.02.09,05:14,5008.975000,5010.995000,5008.975000,5010.025000,0
2026.02.09,05:15,5009.975000,5015.075000,5007.705000,5014.245000,0
2026.02.09,05:16,5014.265000,5014.475000,5010.015000,5010.155000,0
2026.02.09,05:17,5010.255000,5011.085000,5008.745000,5009.805000,0
2026.02.09,05:18,5009.785000,5009.785000,5006.325000,5006.565000,0
2026.02.09,05:19,5006.405000,5008.945000,5005.785000,5007.875000,0
2026.02.09,05:20,5007.875000,5012.065000,5007.815000,5011.955000,0
2026.02.09,05:21,5011.985000,5012.855000,5010.738000,5012.835000,0
2026.02.09,05:22,5012.635000,5013.795000,5011.115000,5013.685000,0
2026.02.09,05:23,5013.725000,5013.725000,5009.785000,5011.205000,0
2026.02.09,05:24,5011.225000,5011.265000,5005.935000,5006.035000,0
2026.02.09,05:25,5006.085000,5006.085000,4998.585000,4999.715000,0
2026.02.09,05:26,4999.715000,5001.305000,4997.525000,4997.555000,0
2026.02.09,05:27,4997.525000,4997.988000,4985.795000,4988.138000,0
2026.02.09,05:28,4988.138000,4993.335000,4987.135000,4988.405000,0
2026.02.09,05:29,4988.525000,4993.685000,4988.295000,4990.775000,0
2026.02.09,05:30,4990.805000,4993.145000,4982.125000,4989.995000,0
2026.02.09,05:31,4990.055000,4990.055000,4985.455000,4988.505000,0
2026.02.09,05:32,4988.465000,4992.765000,4987.415000,4990.065000,0
2026.02.09,05:33,4990.045000,4993.555000,4987.965000,4989.535000,0
2026.02.09,05:34,4989.435000,4992.045000,4989.335000,4991.825000,0
2026.02.09,05:35,4991.845000,4993.325000,4990.935000,4991.645000,0
2026.02.09,05:36,4991.185000,4997.185000,4990.428000,4996.395000,0
2026.02.09,05:37,4996.395000,4999.075000,4996.035000,4997.875000,0
2026.02.09,05:38,4997.895000,4998.995000,4995.685000,4996.235000,0
2026.02.09,05:39,4996.245000,4996.285000,4989.815000,4990.065000,0
2026.02.09,05:40,4990.045000,4992.685000,4989.965000,4991.015000,0
2026.02.09,05:41,4990.975000,4995.985000,4990.175000,4990.455000,0
2026.02.09,05:42,4990.405000,4990.455000,4986.375000,4988.865000,0
2026.02.09,05:43,4988.225000,4988.565000,4985.555000,4987.475000,0
2026.02.09,05:44,4987.505000,4988.575000,4984.795000,4986.615000,0
2026.02.09,05:45,4986.615000,4992.465000,4982.545000,4991.165000,0
2026.02.09,05:46,4991.145000,4997.485000,4991.085000,4997.325000,0
2026.02.09,05:47,4997.145000,4998.855000,4994.485000,4994.835000,0
2026.02.09,05:48,4994.815000,4996.395000,4993.858000,4994.505000,0
2026.02.09,05:49,4994.475000,4994.545000,4992.405000,4992.425000,0
2026.02.09,05:50,4992.465000,4994.035000,4992.285000,4994.035000,0
2026.02.09,05:51,4994.015000,4998.605000,4993.725000,4997.625000,0
2026.02.09,05:52,4997.995000,4997.995000,4994.995000,4995.595000,0
2026.02.09,05:53,4995.565000,4996.655000,4994.979000,4995.485000,0
2026.02.09,05:54,4995.455000,4996.305000,4994.345000,4995.965000,0
2026.02.09,05:55,4996.065000,4996.065000,4991.835000,4994.405000,0
2026.02.09,05:56,4994.405000,4998.535000,4993.975000,4997.495000,0
2026.02.09,05:57,4997.465000,4997.485000,4993.595000,4993.925000,0
2026.02.09,05:58,4993.975000,4993.985000,4988.328000,4989.535000,0
2026.02.09,05:59,4989.328000,4991.345000,4988.705000,4990.785000,0
2026.02.09,06:00,4990.785000,4992.765000,4988.425000,4992.765000,0
2026.02.09,06:01,4992.795000,4994.518000,4989.545000,4993.995000,0
2026.02.09,06:02,4993.995000,4998.805000,4993.885000,4996.015000,0
2026.02.09,06:03,4995.975000,4997.055000,4995.705000,4996.665000,0
2026.02.09,06:04,4996.685000,4998.045000,4996.155000,4997.865000,0
2026.02.09,06:05,4997.805000,4998.515000,4995.875000,4997.365000,0
2026.02.09,06:06,4996.865000,4997.525000,4995.685000,4996.235000,0
2026.02.09,06:07,4996.275000,4997.365000,4994.529000,4994.529000,0
2026.02.09,06:08,4994.955000,4997.295000,4993.305000,4994.625000,0
2026.02.09,06:09,4994.635000,4995.255000,4991.655000,4995.245000,0
2026.02.09,06:10,4995.235000,4997.005000,4994.615000,4995.045000,0
2026.02.09,06:11,4994.995000,4995.215000,4991.028000,4991.165000,0
2026.02.09,06:12,4991.175000,4996.275000,4990.638000,4995.425000,0
2026.02.09,06:13,4995.405000,4996.355000,4990.918000,4993.378000,0
2026.02.09,06:14,4993.388000,4993.698000,4989.548000,4992.785000,0
2026.02.09,06:15,4992.825000,4995.465000,4991.369000,4995.205000,0
2026.02.09,06:16,4995.225000,4997.115000,4990.895000,4991.805000,0
2026.02.09,06:17,4991.785000,4994.725000,4991.445000,4994.095000,0
2026.02.09,06:18,4994.075000,4997.605000,4993.325000,4997.555000,0
2026.02.09,06:19,4997.445000,4998.035000,4996.475000,4997.035000,0
2026.02.09,06:20,4997.085000,4997.655000,4995.675000,4997.365000,0
2026.02.09,06:21,4997.385000,4997.405000,4994.525000,4996.635000,0
2026.02.09,06:22,4996.635000,4998.275000,4995.545000,4998.205000,0
2026.02.09,06:23,4998.235000,4998.295000,4997.025000,4997.665000,0
2026.02.09,06:24,4997.645000,5003.355000,4997.635000,5002.495000,0
2026.02.09,06:25,5002.395000,5003.915000,5000.425000,5000.735000,0
2026.02.09,06:26,5000.755000,5000.885000,4999.315000,4999.975000,0
2026.02.09,06:27,4999.985000,5004.365000,4999.915000,5003.625000,0
2026.02.09,06:28,5003.945000,5004.495000,5001.305000,5002.445000,0
2026.02.09,06:29,5002.435000,5006.295000,5002.365000,5005.805000,0
2026.02.09,06:30,5005.835000,5007.285000,5005.405000,5005.905000,0
2026.02.09,06:31,5005.885000,5007.455000,5005.045000,5005.665000,0
2026.02.09,06:32,5005.655000,5006.095000,5004.075000,5004.295000,0
2026.02.09,06:33,5004.275000,5005.085000,5003.319000,5003.535000,0
2026.02.09,06:34,5002.965000,5004.295000,5002.965000,5003.575000,0
2026.02.09,06:35,5003.595000,5005.675000,5001.235000,5005.675000,0
2026.02.09,06:36,5005.705000,5006.325000,5003.815000,5004.335000,0
2026.02.09,06:37,5004.365000,5005.145000,5004.285000,5004.675000,0
2026.02.09,06:38,5004.545000,5008.215000,5004.445000,5008.125000,0
2026.02.09,06:39,5008.085000,5008.755000,5004.475000,5005.105000,0
2026.02.09,06:40,5005.105000,5007.575000,5004.945000,5007.125000,0
2026.02.09,06:41,5007.155000,5010.595000,5007.155000,5009.115000,0
2026.02.09,06:42,5009.145000,5012.815000,5008.675000,5012.225000,0
2026.02.09,06:43,5012.195000,5012.735000,5007.705000,5010.165000,0
2026.02.09,06:44,5009.599000,5009.599000,5007.955000,5008.435000,0
2026.02.09,06:45,5008.385000,5009.275000,5007.615000,5007.785000,0
2026.02.09,06:46,5007.805000,5010.845000,5007.805000,5010.135000,0
2026.02.09,06:47,5010.065000,5010.065000,5007.505000,5007.805000,0
2026.02.09,06:48,5008.025000,5011.025000,5007.385000,5009.095000,0
2026.02.09,06:49,5009.075000,5009.095000,5006.999000,5008.005000,0
2026.02.09,06:50,5008.025000,5010.445000,5007.265000,5010.375000,0
2026.02.09,06:51,5010.345000,5014.455000,5009.115000,5012.455000,0
2026.02.09,06:52,5012.435000,5013.715000,5012.185000,5013.255000,0
2026.02.09,06:53,5013.165000,5014.895000,5011.149000,5014.865000,0
2026.02.09,06:54,5014.455000,5017.795000,5010.165000,5011.855000,0
2026.02.09,06:55,5011.825000,5014.265000,5011.595000,5012.675000,0
2026.02.09,06:56,5012.715000,5014.755000,5011.815000,5014.735000,0
2026.02.09,06:57,5014.755000,5014.755000,5011.685000,5012.775000,0
2026.02.09,06:58,5012.805000,5012.945000,5011.635000,5011.865000,0
2026.02.09,06:59,5011.905000,5012.055000,5007.565000,5010.585000,0
2026.02.09,07:00,5010.615000,5013.025000,5008.905000,5011.165000,0
2026.02.09,07:01,5011.085000,5014.795000,5009.075000,5010.965000,0
2026.02.09,07:02,5011.195000,5011.195000,5009.695000,5011.125000,0
2026.02.09,07:03,5011.085000,5012.125000,5007.185000,5007.445000,0
2026.02.09,07:04,5007.465000,5011.875000,5007.085000,5011.665000,0
2026.02.09,07:05,5011.695000,5016.625000,5011.695000,5014.805000,0
2026.02.09,07:06,5014.835000,5015.715000,5011.285000,5013.225000,0
2026.02.09,07:07,5013.255000,5014.685000,5012.185000,5013.475000,0
2026.02.09,07:08,5013.375000,5015.995000,5011.125000,5015.995000,0
2026.02.09,07:09,5016.015000,5016.015000,5013.465000,5014.845000,0
2026.02.09,07:10,5014.825000,5016.775000,5014.315000,5014.415000,0
2026.02.09,07:11,5014.385000,5016.865000,5013.985000,5014.675000,0
2026.02.09,07:12,5014.735000,5016.565000,5014.169000,5015.595000,0
2026.02.09,07:13,5015.238000,5017.135000,5014.195000,5017.105000,0
2026.02.09,07:14,5017.085000,5017.085000,5014.645000,5016.225000,0
2026.02.09,07:15,5016.465000,5017.555000,5013.945000,5014.325000,0
2026.02.09,07:16,5014.355000,5015.665000,5014.255000,5015.205000,0
2026.02.09,07:17,5015.185000,5015.185000,5011.069000,5011.445000,0
2026.02.09,07:18,5011.425000,5012.485000,5010.385000,5012.455000,0
2026.02.09,07:19,5012.485000,5013.995000,5010.775000,5013.635000,0
2026.02.09,07:20,5013.615000,5014.465000,5013.048000,5013.985000,0
2026.02.09,07:21,5013.965000,5013.965000,5010.529000,5010.575000,0
2026.02.09,07:22,5010.555000,5010.985000,5010.405000,5010.735000,0
2026.02.09,07:23,5010.705000,5015.445000,5010.555000,5015.345000,0
2026.02.09,07:24,5015.445000,5016.515000,5013.195000,5014.295000,0
2026.02.09,07:25,5014.095000,5014.645000,5013.248000,5013.545000,0
2026.02.09,07:26,5013.585000,5014.575000,5011.765000,5012.935000,0
2026.02.09,07:27,5012.875000,5014.625000,5012.665000,5013.005000,0
2026.02.09,07:28,5013.025000,5013.345000,5011.565000,5012.205000,0
2026.02.09,07:29,5012.145000,5014.535000,5010.908000,5013.815000,0
2026.02.09,07:30,5014.055000,5017.735000,5013.955000,5016.485000,0
2026.02.09,07:31,5017.095000,5019.455000,5013.585000,5014.135000,0
2026.02.09,07:32,5014.105000,5014.105000,5010.605000,5010.835000,0
2026.02.09,07:33,5010.815000,5014.505000,5009.355000,5013.485000,0
2026.02.09,07:34,5013.595000,5014.855000,5011.388000,5014.455000,0
2026.02.09,07:35,5014.455000,5015.995000,5014.435000,5015.295000,0
2026.02.09,07:36,5014.669000,5020.285000,5014.669000,5020.185000,0
2026.02.09,07:37,5020.165000,5021.655000,5017.745000,5018.315000,0
2026.02.09,07:38,5018.305000,5019.755000,5014.475000,5014.965000,0
2026.02.09,07:39,5015.085000,5015.845000,5014.925000,5015.425000,0
2026.02.09,07:40,5015.585000,5015.585000,5014.615000,5015.065000,0
2026.02.09,07:41,5015.185000,5018.865000,5015.125000,5018.795000,0
2026.02.09,07:42,5018.559000,5019.175000,5015.585000,5015.585000,0
2026.02.09,07:43,5015.635000,5017.425000,5015.515000,5016.475000,0
2026.02.09,07:44,5016.445000,5017.375000,5014.955000,5015.015000,0
2026.02.09,07:45,5015.085000,5017.125000,5014.735000,5016.185000,0
2026.02.09,07:46,5016.205000,5018.705000,5016.035000,5017.025000,0
2026.02.09,07:47,5017.055000,5017.055000,5014.435000,5016.745000,0
2026.02.09,07:48,5016.765000,5017.635000,5015.419000,5016.235000,0
2026.02.09,07:49,5016.265000,5016.265000,5011.235000,5012.205000,0
2026.02.09,07:50,5012.165000,5014.445000,5010.198000,5014.235000,0
2026.02.09,07:51,5014.255000,5017.025000,5013.115000,5017.005000,0
2026.02.09,07:52,5017.045000,5017.655000,5016.745000,5017.655000,0
2026.02.09,07:53,5017.685000,5018.375000,5016.175000,5018.375000,0
2026.02.09,07:54,5018.275000,5018.315000,5016.855000,5017.445000,0
2026.02.09,07:55,5017.415000,5017.505000,5014.585000,5015.025000,0
2026.02.09,07:56,5015.005000,5015.005000,5007.175000,5008.025000,0
2026.02.09,07:57,5008.065000,5013.255000,5007.935000,5012.865000,0
2026.02.09,07:58,5012.845000,5012.955000,5011.285000,5011.635000,0
2026.02.09,07:59,5011.805000,5014.515000,5011.098000,5013.105000,0
2026.02.09,08:00,5013.135000,5014.175000,5007.485000,5011.545000,0
2026.02.09,08:01,5011.525000,5016.875000,5009.025000,5011.265000,0
2026.02.09,08:02,5011.255000,5015.175000,5009.235000,5013.325000,0
2026.02.09,08:03,5013.355000,5018.475000,5011.045000,5016.995000,0
2026.02.09,08:04,5017.065000,5019.915000,5015.895000,5018.845000,0
2026.02.09,08:05,5018.685000,5021.895000,5017.209000,5019.305000,0
2026.02.09,08:06,5020.118000,5022.245000,5019.255000,5022.195000,0
2026.02.09,08:07,5022.275000,5022.415000,5020.105000,5021.695000,0
2026.02.09,08:08,5021.765000,5022.355000,5020.695000,5022.085000,0
2026.02.09,08:09,5022.085000,5024.235000,5021.405000,5022.555000,0
2026.02.09,08:10,5022.515000,5024.605000,5020.525000,5023.395000,0
2026.02.09,08:11,5023.165000,5023.325000,5017.645000,5020.315000,0
2026.02.09,08:12,5020.345000,5020.735000,5014.165000,5017.555000,0
2026.02.09,08:13,5017.095000,5021.415000,5015.465000,5021.305000,0
2026.02.09,08:14,5021.235000,5022.235000,5019.115000,5021.875000,0
2026.02.09,08:15,5021.895000,5024.135000,5019.155000,5019.195000,0
2026.02.09,08:16,5019.205000,5020.255000,5015.955000,5018.195000,0
2026.02.09,08:17,5018.165000,5019.185000,5016.305000,5016.305000,0
2026.02.09,08:18,5016.335000,5019.105000,5015.298000,5015.775000,0
2026.02.09,08:19,5015.755000,5018.645000,5013.815000,5017.305000,0
2026.02.09,08:20,5017.315000,5019.495000,5013.795000,5016.185000,0
2026.02.09,08:21,5016.205000,5016.275000,5011.695000,5014.125000,0
2026.02.09,08:22,5014.205000,5015.405000,5010.815000,5011.275000,0
2026.02.09,08:23,5011.245000,5011.865000,5006.285000,5011.805000,0
2026.02.09,08:24,5011.785000,5017.365000,5009.935000,5016.165000,0
2026.02.09,08:25,5016.375000,5018.645000,5007.435000,5008.955000,0
2026.02.09,08:26,5008.855000,5012.555000,5006.465000,5006.685000,0
2026.02.09,08:27,5006.625000,5010.985000,5006.415000,5008.985000,0
2026.02.09,08:28,5008.955000,5010.285000,5008.195000,5008.635000,0
2026.02.09,08:29,5008.735000,5009.905000,5003.085000,5004.055000,0
2026.02.09,08:30,5004.035000,5012.275000,5003.975000,5012.275000,0
2026.02.09,08:31,5012.295000,5014.705000,5009.055000,5009.585000,0
2026.02.09,08:32,5009.615000,5011.185000,5007.418000,5011.185000,0
2026.02.09,08:33,5011.225000,5011.275000,5003.458000,5003.458000,0
2026.02.09,08:34,5003.365000,5010.565000,5003.245000,5007.845000,0
2026.02.09,08:35,5007.825000,5009.095000,5006.368000,5007.945000,0
2026.02.09,08:36,5007.965000,5008.575000,5003.395000,5003.535000,0
2026.02.09,08:37,5003.285000,5008.965000,5003.115000,5008.915000,0
2026.02.09,08:38,5008.945000,5009.325000,5006.225000,5006.295000,0
2026.02.09,08:39,5006.275000,5006.275000,5000.585000,5001.785000,0
2026.02.09,08:40,5001.815000,5004.435000,5000.955000,5004.155000,0
2026.02.09,08:41,5004.145000,5004.275000,4997.055000,4999.085000,0
2026.02.09,08:42,4999.065000,4999.485000,4996.165000,4996.175000,0
2026.02.09,08:43,4996.215000,4997.375000,4994.855000,4995.435000,0
2026.02.09,08:44,4995.485000,5000.145000,4994.945000,4998.455000,0
2026.02.09,08:45,4998.445000,4999.615000,4995.855000,4997.155000,0
2026.02.09,08:46,4997.175000,5001.775000,4996.555000,4999.155000,0
2026.02.09,08:47,4999.225000,5001.005000,4998.058000,4999.545000,0
2026.02.09,08:48,4999.525000,5002.475000,4998.545000,5002.475000,0
2026.02.09,08:49,5002.535000,5004.735000,5002.285000,5003.925000,0
2026.02.09,08:50,5003.875000,5006.275000,5002.925000,5004.055000,0
2026.02.09,08:51,5004.045000,5006.195000,5003.395000,5006.155000,0
2026.02.09,08:52,5006.115000,5008.285000,5005.165000,5007.265000,0
2026.02.09,08:53,5007.225000,5009.725000,5006.485000,5009.225000,0
2026.02.09,08:54,5009.265000,5010.465000,5007.515000,5007.795000,0
2026.02.09,08:55,5007.765000,5010.015000,5007.415000,5009.985000,0
2026.02.09,08:56,5009.895000,5010.135000,5005.335000,5005.365000,0
2026.02.09,08:57,5005.395000,5005.395000,5002.375000,5003.055000,0
2026.02.09,08:58,5002.985000,5005.015000,5002.965000,5004.905000,0
2026.02.09,08:59,5004.905000,5008.905000,5003.358000,5006.795000,0
2026.02.09,09:00,5006.745000,5010.085000,5001.975000,5010.055000,0
2026.02.09,09:01,5010.045000,5011.915000,5008.615000,5011.725000,0
2026.02.09,09:02,5011.825000,5012.145000,5009.385000,5010.205000,0
2026.02.09,09:03,5010.225000,5010.235000,5005.635000,5006.115000,0
2026.02.09,09:04,5006.165000,5012.795000,5005.855000,5009.585000,0
2026.02.09,09:05,5009.905000,5012.885000,5009.905000,5011.275000,0
2026.02.09,09:06,5011.295000,5011.345000,5008.835000,5009.775000,0
2026.02.09,09:07,5009.818000,5012.365000,5008.508000,5012.365000,0
2026.02.09,09:08,5012.325000,5017.375000,5011.945000,5015.145000,0
2026.02.09,09:09,5015.215000,5015.505000,5010.245000,5010.605000,0
2026.02.09,09:10,5010.575000,5011.545000,5009.435000,5010.475000,0
2026.02.09,09:11,5010.455000,5015.645000,5010.455000,5015.405000,0
2026.02.09,09:12,5015.435000,5015.695000,5010.925000,5014.075000,0
2026.02.09,09:13,5014.025000,5014.165000,5010.235000,5011.185000,0
2026.02.09,09:14,5011.155000,5015.265000,5010.995000,5015.125000,0
2026.02.09,09:15,5015.395000,5016.875000,5013.985000,5014.755000,0
2026.02.09,09:16,5014.785000,5016.465000,5014.445000,5016.465000,0
2026.02.09,09:17,5016.445000,5018.545000,5015.145000,5018.465000,0
2026.02.09,09:18,5018.435000,5019.865000,5015.105000,5015.475000,0
2026.02.09,09:19,5015.505000,5016.135000,5013.815000,5015.285000,0
2026.02.09,09:20,5015.245000,5016.995000,5013.935000,5015.395000,0
2026.02.09,09:21,5015.375000,5015.845000,5009.435000,5013.345000,0
2026.02.09,09:22,5014.065000,5014.585000,5011.975000,5013.655000,0
2026.02.09,09:23,5013.695000,5017.875000,5013.428000,5017.685000,0
2026.02.09,09:24,5017.635000,5019.155000,5017.305000,5017.485000,0
2026.02.09,09:25,5017.515000,5017.525000,5013.605000,5014.515000,0
2026.02.09,09:26,5014.475000,5015.605000,5014.045000,5015.025000,0
2026.02.09,09:27,5015.075000,5022.945000,5015.075000,5022.455000,0
2026.02.09,09:28,5022.485000,5023.695000,5021.955000,5022.345000,0
2026.02.09,09:29,5022.385000,5022.385000,5019.678000,5020.745000,0
2026.02.09,09:30,5020.685000,5026.025000,5013.565000,5022.195000,0
2026.02.09,09:31,5022.335000,5031.698000,5021.505000,5030.275000,0
2026.02.09,09:32,5030.215000,5033.125000,5028.875000,5032.545000,0
2026.02.09,09:33,5032.575000,5034.135000,5030.445000,5031.725000,0
2026.02.09,09:34,5031.655000,5035.498000,5030.905000,5035.175000,0
2026.02.09,09:35,5034.965000,5035.515000,5028.848000,5029.119000,0
2026.02.09,09:36,5029.145000,5031.398000,5025.578000,5029.675000,0
2026.02.09,09:37,5029.685000,5032.825000,5028.075000,5028.855000,0
2026.02.09,09:38,5028.965000,5031.758000,5026.778000,5028.465000,0
2026.02.09,09:39,5028.485000,5030.338000,5027.125000,5030.288000,0
2026.02.09,09:40,5030.308000,5032.768000,5028.075000,5030.165000,0
2026.02.09,09:41,5030.135000,5030.698000,5025.435000,5028.038000,0
2026.02.09,09:42,5028.038000,5033.898000,5026.005000,5033.898000,0
2026.02.09,09:43,5033.748000,5036.825000,5033.748000,5035.845000,0
2026.02.09,09:44,5035.975000,5036.855000,5034.965000,5036.255000,0
2026.02.09,09:45,5036.275000,5039.658000,5035.128000,5037.198000,0
2026.02.09,09:46,5037.475000,5039.508000,5033.528000,5035.018000,0
2026.02.09,09:47,5034.865000,5036.555000,5031.275000,5033.665000,0
2026.02.09,09:48,5033.595000,5035.615000,5031.488000,5031.565000,0
2026.02.09,09:49,5031.555000,5034.315000,5031.265000,5032.535000,0
2026.02.09,09:50,5032.555000,5034.615000,5030.628000,5034.425000,0
2026.02.09,09:51,5034.545000,5035.635000,5032.525000,5034.815000,0
2026.02.09,09:52,5034.825000,5035.495000,5032.065000,5034.465000,0
2026.02.09,09:53,5034.485000,5038.985000,5034.395000,5038.885000,0
2026.02.09,09:54,5038.925000,5040.125000,5037.685000,5040.005000,0
2026.02.09,09:55,5040.035000,5040.125000,5038.545000,5039.055000,0
2026.02.09,09:56,5039.005000,5040.355000,5037.975000,5039.895000,0
2026.02.09,09:57,5039.875000,5039.905000,5036.765000,5036.865000,0
2026.02.09,09:58,5037.015000,5039.765000,5037.015000,5039.655000,0
2026.02.09,09:59,5039.615000,5040.695000,5037.615000,5037.875000,0
2026.02.09,10:00,5037.605000,5040.415000,5037.295000,5040.015000,0
2026.02.09,10:01,5040.035000,5041.945000,5038.345000,5040.745000,0
2026.02.09,10:02,5040.925000,5041.505000,5034.215000,5035.518000,0
2026.02.09,10:03,5035.525000,5037.785000,5034.205000,5035.225000,0
2026.02.09,10:04,5035.215000,5039.645000,5034.505000,5037.705000,0
2026.02.09,10:05,5037.755000,5040.215000,5034.755000,5036.585000,0
2026.02.09,10:06,5036.615000,5036.735000,5034.295000,5035.875000,0
2026.02.09,10:07,5035.785000,5037.595000,5035.285000,5035.425000,0
2026.02.09,10:08,5035.395000,5037.115000,5032.435000,5033.475000,0
2026.02.09,10:09,5033.585000,5035.578000,5030.265000,5035.475000,0
2026.02.09,10:10,5035.505000,5037.315000,5035.345000,5036.375000,0
2026.02.09,10:11,5036.398000,5036.555000,5030.968000,5031.918000,0
2026.02.09,10:12,5031.755000,5032.518000,5028.288000,5032.095000,0
2026.02.09,10:13,5032.035000,5034.365000,5030.375000,5033.978000,0
2026.02.09,10:14,5033.928000,5034.038000,5029.405000,5029.855000,0
2026.02.09,10:15,5029.885000,5031.195000,5025.728000,5026.355000,0
2026.02.09,10:16,5026.365000,5030.615000,5024.678000,5027.185000,0
2026.02.09,10:17,5027.178000,5027.938000,5023.745000,5023.745000,0
2026.02.09,10:18,5023.825000,5026.515000,5023.345000,5025.355000,0
2026.02.09,10:19,5025.315000,5027.038000,5024.465000,5026.998000,0
2026.02.09,10:20,5026.998000,5032.765000,5026.915000,5032.475000,0
2026.02.09,10:21,5032.535000,5033.045000,5029.035000,5029.395000,0
2026.02.09,10:22,5029.425000,5031.715000,5027.048000,5031.535000,0
2026.02.09,10:23,5031.575000,5033.318000,5030.795000,5032.205000,0
2026.02.09,10:24,5032.245000,5035.375000,5032.165000,5032.398000,0
2026.02.09,10:25,5032.325000,5033.075000,5029.448000,5030.448000,0
2026.02.09,10:26,5030.448000,5032.248000,5030.048000,5031.005000,0
2026.02.09,10:27,5031.098000,5032.655000,5030.048000,5032.645000,0
2026.02.09,10:28,5032.675000,5034.065000,5030.695000,5032.925000,0
2026.02.09,10:29,5033.025000,5033.275000,5031.515000,5033.095000,0
2026.02.09,10:30,5033.145000,5039.598000,5033.105000,5039.598000,0
2026.02.09,10:31,5039.598000,5040.775000,5038.645000,5039.355000,0
2026.02.09,10:32,5039.385000,5042.098000,5039.335000,5041.898000,0
2026.02.09,10:33,5042.038000,5051.365000,5041.208000,5049.098000,0
2026.02.09,10:34,5048.995000,5055.705000,5047.348000,5053.305000,0
2026.02.09,10:35,5053.665000,5054.175000,5050.585000,5051.645000,0
2026.02.09,10:36,5051.665000,5052.875000,5048.805000,5050.765000,0
2026.02.09,10:37,5051.015000,5051.305000,5048.325000,5048.875000,0
2026.02.09,10:38,5048.558000,5052.685000,5048.325000,5051.498000,0
2026.02.09,10:39,5051.498000,5052.485000,5050.435000,5051.535000,0
2026.02.09,10:40,5051.565000,5052.615000,5048.155000,5049.855000,0
2026.02.09,10:41,5049.825000,5051.265000,5046.935000,5047.665000,0
2026.02.09,10:42,5047.645000,5052.425000,5047.585000,5051.735000,0
2026.02.09,10:43,5051.775000,5053.485000,5049.245000,5052.475000,0
2026.02.09,10:44,5052.515000,5056.025000,5052.475000,5055.645000,0
2026.02.09,10:45,5055.775000,5058.638000,5053.985000,5055.355000,0
2026.02.09,10:46,5055.405000,5055.405000,5052.175000,5052.755000,0
2026.02.09,10:47,5052.905000,5056.435000,5052.905000,5056.055000,0
2026.02.09,10:48,5056.085000,5059.645000,5056.025000,5056.865000,0
2026.02.09,10:49,5056.895000,5060.045000,5056.785000,5059.815000,0
2026.02.09,10:50,5060.035000,5060.035000,5056.325000,5056.465000,0
2026.02.09,10:51,5056.485000,5058.225000,5056.485000,5056.615000,0
2026.02.09,10:52,5056.595000,5058.845000,5056.045000,5056.355000,0
2026.02.09,10:53,5056.395000,5057.655000,5055.255000,5056.965000,0
2026.02.09,10:54,5056.875000,5058.685000,5056.455000,5057.875000,0
2026.02.09,10:55,5057.845000,5059.575000,5057.705000,5058.385000,0
2026.02.09,10:56,5058.365000,5058.515000,5054.465000,5055.575000,0
2026.02.09,10:57,5055.535000,5058.105000,5055.415000,5056.945000,0
2026.02.09,10:58,5056.945000,5058.035000,5056.235000,5057.505000,0
2026.02.09,10:59,5057.465000,5058.675000,5056.425000,5058.675000,0
2026.02.09,11:00,5058.705000,5060.425000,5056.118000,5059.205000,0
2026.02.09,11:01,5059.075000,5060.575000,5058.535000,5060.165000,0
2026.02.09,11:02,5060.115000,5062.585000,5058.805000,5062.325000,0
2026.02.09,11:03,5062.355000,5065.485000,5061.455000,5065.135000,0
2026.02.09,11:04,5064.955000,5068.405000,5064.485000,5066.845000,0
2026.02.09,11:05,5066.875000,5067.305000,5063.145000,5065.125000,0
2026.02.09,11:06,5065.155000,5066.915000,5064.515000,5064.515000,0
2026.02.09,11:07,5064.555000,5066.085000,5063.925000,5064.155000,0
2026.02.09,11:08,5064.195000,5065.805000,5063.305000,5065.785000,0
2026.02.09,11:09,5065.755000,5067.435000,5065.025000,5065.215000,0
2026.02.09,11:10,5065.245000,5065.945000,5062.125000,5062.898000,0
2026.02.09,11:11,5062.885000,5064.505000,5062.005000,5064.425000,0
2026.02.09,11:12,5064.455000,5064.505000,5062.615000,5063.365000,0
2026.02.09,11:13,5063.395000,5063.905000,5062.485000,5062.615000,0
2026.02.09,11:14,5062.665000,5064.205000,5062.545000,5063.298000,0
2026.02.09,11:15,5063.298000,5070.265000,5063.205000,5070.048000,0
2026.02.09,11:16,5070.048000,5070.148000,5067.975000,5068.545000,0
2026.02.09,11:17,5068.565000,5070.125000,5068.315000,5069.505000,0
2026.02.09,11:18,5069.475000,5069.515000,5066.685000,5067.425000,0
2026.02.09,11:19,5067.355000,5068.535000,5065.535000,5067.055000,0
2026.02.09,11:20,5067.015000,5069.965000,5066.455000,5069.615000,0
2026.02.09,11:21,5069.555000,5070.335000,5069.045000,5069.585000,0
2026.02.09,11:22,5069.545000,5074.185000,5069.545000,5073.875000,0
2026.02.09,11:23,5073.895000,5074.715000,5073.755000,5074.075000,0
2026.02.09,11:24,5074.105000,5074.655000,5073.898000,5074.118000,0
2026.02.09,11:25,5074.118000,5078.726000,5072.015000,5077.805000,0
2026.02.09,11:26,5077.775000,5079.615000,5074.848000,5075.248000,0
2026.02.09,11:27,5075.248000,5075.248000,5069.965000,5073.815000,0
2026.02.09,11:28,5074.185000,5075.555000,5072.745000,5073.785000,0
2026.02.09,11:29,5073.785000,5074.155000,5071.245000,5072.245000,0
2026.02.09,11:30,5072.395000,5077.165000,5072.395000,5077.075000,0
2026.02.09,11:31,5077.085000,5077.298000,5072.175000,5072.175000,0
2026.02.09,11:32,5072.135000,5072.135000,5068.385000,5068.655000,0
2026.02.09,11:33,5068.755000,5071.095000,5068.435000,5068.595000,0
2026.02.09,11:34,5068.625000,5069.135000,5066.665000,5066.665000,0
2026.02.09,11:35,5066.845000,5070.265000,5066.595000,5069.555000,0
2026.02.09,11:36,5069.525000,5070.575000,5069.025000,5070.245000,0
2026.02.09,11:37,5070.085000,5072.345000,5069.645000,5072.275000,0
2026.02.09,11:38,5071.955000,5072.755000,5071.275000,5072.125000,0
2026.02.09,11:39,5072.145000,5075.515000,5072.105000,5075.495000,0
2026.02.09,11:40,5075.445000,5075.795000,5072.285000,5072.735000,0
2026.02.09,11:41,5072.715000,5074.465000,5072.605000,5073.105000,0
2026.02.09,11:42,5073.185000,5076.285000,5073.185000,5076.175000,0
2026.02.09,11:43,5076.155000,5077.705000,5074.355000,5077.005000,0
2026.02.09,11:44,5077.025000,5078.075000,5076.535000,5077.725000,0
2026.02.09,11:45,5077.725000,5080.495000,5076.255000,5079.695000,0
2026.02.09,11:46,5079.745000,5079.745000,5075.245000,5075.945000,0
2026.02.09,11:47,5075.915000,5076.815000,5074.795000,5076.505000,0
2026.02.09,11:48,5076.535000,5076.765000,5074.975000,5076.345000,0
2026.02.09,11:49,5076.395000,5076.595000,5075.425000,5076.125000,0
2026.02.09,11:50,5076.105000,5076.685000,5074.425000,5074.875000,0
2026.02.09,11:51,5074.845000,5075.485000,5072.755000,5074.215000,0
2026.02.09,11:52,5074.195000,5076.605000,5073.395000,5076.545000,0
2026.02.09,11:53,5076.525000,5076.575000,5073.305000,5073.765000,0
2026.02.09,11:54,5073.735000,5075.298000,5073.425000,5073.745000,0
2026.02.09,11:55,5073.735000,5075.445000,5073.008000,5073.295000,0
2026.02.09,11:56,5073.275000,5073.725000,5070.935000,5073.535000,0
2026.02.09,11:57,5073.515000,5077.125000,5073.445000,5075.915000,0
2026.02.09,11:58,5075.975000,5076.545000,5074.375000,5074.698000,0
2026.02.09,11:59,5074.675000,5074.905000,5072.215000,5073.115000,0
2026.02.09,12:00,5073.105000,5075.325000,5071.835000,5074.195000,0
2026.02.09,12:01,5074.235000,5074.365000,5070.805000,5070.925000,0
2026.02.09,12:02,5070.885000,5071.545000,5070.498000,5071.275000,0
2026.02.09,12:03,5071.205000,5071.555000,5068.898000,5068.935000,0
2026.02.09,12:04,5068.885000,5068.885000,5064.585000,5066.875000,0
2026.02.09,12:05,5066.935000,5070.925000,5066.935000,5070.925000,0
2026.02.09,12:06,5071.225000,5071.905000,5066.335000,5066.435000,0
2026.02.09,12:07,5066.455000,5070.865000,5066.455000,5070.555000,0
2026.02.09,12:08,5070.675000,5070.685000,5065.145000,5065.405000,0
2026.02.09,12:09,5065.365000,5065.385000,5060.635000,5062.665000,0
2026.02.09,12:10,5062.735000,5064.895000,5062.725000,5064.575000,0
2026.02.09,12:11,5064.635000,5066.115000,5063.865000,5064.935000,0
2026.02.09,12:12,5064.905000,5065.695000,5063.965000,5065.105000,0
2026.02.09,12:13,5064.898000,5065.185000,5063.235000,5063.355000,0
2026.02.09,12:14,5063.385000,5063.675000,5062.535000,5063.255000,0
2026.02.09,12:15,5063.225000,5067.305000,5063.215000,5066.885000,0
2026.02.09,12:16,5066.905000,5069.765000,5066.645000,5069.625000,0
2026.02.09,12:17,5069.665000,5071.145000,5068.725000,5069.095000,0
2026.02.09,12:18,5069.075000,5069.235000,5067.715000,5069.235000,0
2026.02.09,12:19,5069.265000,5070.345000,5068.425000,5069.075000,0
2026.02.09,12:20,5069.055000,5069.745000,5068.335000,5068.375000,0
2026.02.09,12:21,5068.395000,5070.385000,5068.395000,5069.125000,0
2026.02.09,12:22,5069.135000,5071.005000,5069.095000,5070.755000,0
2026.02.09,12:23,5070.715000,5070.715000,5069.545000,5070.165000,0
2026.02.09,12:24,5070.185000,5071.745000,5069.995000,5070.375000,0
2026.02.09,12:25,5070.505000,5070.575000,5068.705000,5068.805000,0
2026.02.09,12:26,5068.825000,5068.875000,5067.805000,5068.445000,0
2026.02.09,12:27,5068.475000,5069.545000,5067.865000,5068.085000,0
2026.02.09,12:28,5068.055000,5068.525000,5066.685000,5067.515000,0
2026.02.09,12:29,5067.485000,5068.655000,5067.085000,5067.895000,0
2026.02.09,12:30,5068.635000,5069.075000,5066.745000,5067.045000,0
2026.02.09,12:31,5066.995000,5068.885000,5066.995000,5068.415000,0
2026.02.09,12:32,5068.395000,5070.205000,5068.075000,5069.755000,0
2026.02.09,12:33,5069.735000,5069.955000,5068.825000,5069.825000,0
2026.02.09,12:34,5069.795000,5070.025000,5068.835000,5068.925000,0
2026.02.09,12:35,5068.985000,5070.035000,5068.855000,5069.235000,0
2026.02.09,12:36,5069.255000,5070.145000,5066.105000,5067.125000,0
2026.02.09,12:37,5067.058000,5068.315000,5066.115000,5066.685000,0
2026.02.09,12:38,5066.645000,5067.865000,5066.415000,5067.735000,0
2026.02.09,12:39,5067.705000,5067.705000,5065.955000,5066.675000,0
2026.02.09,12:40,5066.785000,5067.835000,5065.825000,5066.175000,0
2026.02.09,12:41,5066.155000,5066.465000,5062.985000,5063.685000,0
2026.02.09,12:42,5063.735000,5065.135000,5063.098000,5063.365000,0
2026.02.09,12:43,5063.595000,5063.845000,5061.858000,5062.315000,0
2026.02.09,12:44,5062.285000,5062.285000,5060.925000,5062.175000,0
2026.02.09,12:45,5062.155000,5063.325000,5058.245000,5058.285000,0
2026.02.09,12:46,5058.408000,5061.265000,5058.408000,5059.615000,0
2026.02.09,12:47,5058.785000,5061.205000,5058.555000,5059.125000,0
2026.02.09,12:48,5059.145000,5059.575000,5057.125000,5059.475000,0
2026.02.09,12:49,5059.905000,5063.865000,5059.905000,5061.925000,0
2026.02.09,12:50,5061.995000,5061.995000,5059.168000,5059.495000,0
2026.02.09,12:51,5059.635000,5059.635000,5046.355000,5051.575000,0
2026.02.09,12:52,5051.585000,5054.895000,5050.785000,5054.225000,0
2026.02.09,12:53,5054.205000,5054.205000,5051.485000,5052.505000,0
2026.02.09,12:54,5052.545000,5056.375000,5051.385000,5054.675000,0
2026.02.09,12:55,5054.645000,5055.275000,5053.445000,5053.655000,0
2026.02.09,12:56,5053.695000,5053.765000,5050.435000,5051.555000,0
2026.02.09,12:57,5051.635000,5052.095000,5046.685000,5047.135000,0
2026.02.09,12:58,5047.505000,5049.145000,5041.965000,5042.815000,0
2026.02.09,12:59,5042.765000,5047.085000,5040.635000,5046.125000,0
2026.02.09,13:00,5045.965000,5049.745000,5045.915000,5047.495000,0
2026.02.09,13:01,5047.475000,5050.665000,5047.405000,5050.665000,0
2026.02.09,13:02,5050.635000,5052.385000,5049.845000,5051.995000,0
2026.02.09,13:03,5051.975000,5054.145000,5051.315000,5053.155000,0
2026.02.09,13:04,5053.105000,5054.425000,5052.845000,5053.015000,0
2026.02.09,13:05,5052.995000,5055.375000,5051.855000,5055.325000,0
2026.02.09,13:06,5056.015000,5057.385000,5054.545000,5055.005000,0
2026.02.09,13:07,5055.035000,5055.195000,5051.235000,5051.615000,0
2026.02.09,13:08,5051.635000,5053.935000,5051.585000,5053.805000,0
2026.02.09,13:09,5053.738000,5055.985000,5053.575000,5055.955000,0
2026.02.09,13:10,5056.015000,5056.475000,5054.885000,5056.475000,0
2026.02.09,13:11,5056.475000,5057.475000,5055.995000,5056.655000,0
2026.02.09,13:12,5056.705000,5057.065000,5054.905000,5055.275000,0
2026.02.09,13:13,5055.335000,5058.085000,5055.085000,5057.355000,0
2026.02.09,13:14,5057.335000,5058.965000,5057.235000,5058.095000,0
2026.02.09,13:15,5058.145000,5059.495000,5057.925000,5058.405000,0
2026.02.09,13:16,5058.415000,5058.835000,5056.535000,5056.965000,0
2026.02.09,13:17,5056.995000,5057.435000,5055.045000,5055.235000,0
2026.02.09,13:18,5055.265000,5055.945000,5054.425000,5054.685000,0
2026.02.09,13:19,5054.245000,5054.245000,5050.875000,5051.805000,0
2026.02.09,13:20,5051.835000,5054.815000,5051.685000,5051.735000,0
2026.02.09,13:21,5051.765000,5052.215000,5044.025000,5046.145000,0
2026.02.09,13:22,5046.185000,5055.795000,5045.835000,5055.235000,0
2026.02.09,13:23,5055.315000,5056.185000,5052.095000,5052.445000,0
2026.02.09,13:24,5053.185000,5054.165000,5049.635000,5049.875000,0
2026.02.09,13:25,5049.325000,5055.395000,5049.075000,5052.905000,0
2026.02.09,13:26,5052.935000,5054.155000,5050.865000,5050.925000,0
2026.02.09,13:27,5050.895000,5054.035000,5050.895000,5052.675000,0
2026.02.09,13:28,5053.315000,5054.765000,5052.385000,5054.595000,0
2026.02.09,13:29,5055.085000,5056.735000,5053.715000,5053.955000,0
2026.02.09,13:30,5054.295000,5055.455000,5049.975000,5050.035000,0
2026.02.09,13:31,5050.005000,5052.525000,5049.025000,5051.215000,0
2026.02.09,13:32,5051.195000,5053.465000,5051.085000,5052.655000,0
2026.02.09,13:33,5052.595000,5052.595000,5048.265000,5052.065000,0
2026.02.09,13:34,5052.175000,5055.175000,5052.175000,5054.845000,0
2026.02.09,13:35,5054.875000,5057.035000,5054.875000,5057.005000,0
2026.02.09,13:36,5057.025000,5057.965000,5056.045000,5056.135000,0
2026.02.09,13:37,5056.115000,5057.035000,5055.295000,5056.875000,0
2026.02.09,13:38,5056.895000,5057.265000,5056.075000,5056.885000,0
2026.02.09,13:39,5056.975000,5058.435000,5056.645000,5057.585000,0
2026.02.09,13:40,5057.675000,5058.725000,5057.025000,5058.625000,0
2026.02.09,13:41,5058.585000,5059.065000,5057.065000,5058.515000,0
2026.02.09,13:42,5058.645000,5059.375000,5054.655000,5054.775000,0
2026.02.09,13:43,5054.795000,5056.635000,5054.515000,5056.415000,0
2026.02.09,13:44,5056.395000,5057.725000,5056.055000,5056.085000,0
2026.02.09,13:45,5056.125000,5057.855000,5055.245000,5055.765000,0
2026.02.09,13:46,5055.755000,5056.035000,5053.835000,5054.975000,0
2026.02.09,13:47,5054.935000,5054.935000,5051.215000,5052.445000,0
2026.02.09,13:48,5052.435000,5053.715000,5051.988000,5053.535000,0
2026.02.09,13:49,5053.575000,5055.995000,5053.575000,5055.335000,0
2026.02.09,13:50,5055.365000,5055.805000,5054.635000,5055.645000,0
2026.02.09,13:51,5055.715000,5056.555000,5055.485000,5056.505000,0
2026.02.09,13:52,5056.535000,5056.835000,5055.465000,5055.695000,0
2026.02.09,13:53,5055.665000,5056.965000,5053.855000,5056.945000,0
2026.02.09,13:54,5056.965000,5057.835000,5055.445000,5055.575000,0
2026.02.09,13:55,5055.525000,5057.078000,5055.515000,5056.905000,0
2026.02.09,13:56,5056.875000,5061.095000,5056.795000,5060.535000,0
2026.02.09,13:57,5060.555000,5063.685000,5060.555000,5063.685000,0
2026.02.09,13:58,5063.645000,5063.745000,5061.945000,5062.565000,0
2026.02.09,13:59,5062.535000,5062.625000,5061.435000,5062.525000,0
2026.02.09,14:00,5062.505000,5064.475000,5062.195000,5063.125000,0
2026.02.09,14:01,5063.075000,5064.115000,5062.715000,5062.915000,0
2026.02.09,14:02,5062.955000,5065.465000,5062.188000,5064.475000,0
2026.02.09,14:03,5064.495000,5065.515000,5064.295000,5065.425000,0
2026.02.09,14:04,5065.385000,5065.755000,5064.395000,5065.755000,0
2026.02.09,14:05,5065.725000,5065.955000,5064.685000,5065.098000,0
2026.02.09,14:06,5064.965000,5065.595000,5063.955000,5065.475000,0
2026.02.09,14:07,5066.135000,5066.875000,5065.515000,5066.365000,0
2026.02.09,14:08,5066.345000,5066.485000,5064.975000,5065.995000,0
2026.02.09,14:09,5066.015000,5067.295000,5065.825000,5067.295000,0
2026.02.09,14:10,5067.615000,5068.025000,5065.625000,5066.895000,0
2026.02.09,14:11,5066.935000,5068.975000,5066.335000,5068.975000,0
2026.02.09,14:12,5068.935000,5068.935000,5064.898000,5066.695000,0
2026.02.09,14:13,5066.715000,5067.665000,5065.815000,5066.705000,0
2026.02.09,14:14,5066.685000,5066.875000,5064.955000,5066.145000,0
2026.02.09,14:15,5066.005000,5066.125000,5063.995000,5064.298000,0
2026.02.09,14:16,5064.335000,5068.185000,5064.335000,5067.755000,0
2026.02.09,14:17,5067.725000,5069.698000,5067.725000,5069.335000,0
2026.02.09,14:18,5069.295000,5070.415000,5069.275000,5069.275000,0
2026.02.09,14:19,5069.105000,5069.125000,5066.675000,5066.895000,0
2026.02.09,14:20,5066.875000,5067.935000,5066.875000,5067.238000,0
2026.02.09,14:21,5067.285000,5067.325000,5065.555000,5065.795000,0
2026.02.09,14:22,5065.815000,5066.905000,5065.795000,5066.735000,0
2026.02.09,14:23,5066.765000,5068.865000,5066.765000,5068.865000,0
2026.02.09,14:24,5068.865000,5069.155000,5068.495000,5068.625000,0
2026.02.09,14:25,5068.698000,5071.298000,5068.675000,5071.298000,0
2026.02.09,14:26,5071.298000,5071.995000,5071.075000,5071.095000,0
2026.02.09,14:27,5071.215000,5072.298000,5071.075000,5072.098000,0
2026.02.09,14:28,5072.085000,5073.298000,5071.845000,5072.725000,0
2026.02.09,14:29,5072.835000,5074.155000,5072.725000,5074.105000,0
2026.02.09,14:30,5074.155000,5076.865000,5074.135000,5076.685000,0
2026.02.09,14:31,5076.745000,5077.335000,5073.835000,5074.205000,0
2026.02.09,14:32,5074.185000,5074.425000,5073.828000,5074.315000,0
2026.02.09,14:33,5074.355000,5078.098000,5074.275000,5077.898000,0
2026.02.09,14:34,5077.698000,5079.165000,5077.515000,5078.298000,0
2026.02.09,14:35,5078.245000,5079.845000,5077.855000,5077.935000,0
2026.02.09,14:36,5077.885000,5077.895000,5075.695000,5076.655000,0
2026.02.09,14:37,5076.695000,5077.098000,5075.665000,5076.355000,0
2026.02.09,14:38,5076.335000,5076.385000,5075.495000,5076.345000,0
2026.02.09,14:39,5076.245000,5076.675000,5075.125000,5075.965000,0
2026.02.09,14:40,5075.935000,5075.995000,5072.725000,5072.725000,0
2026.02.09,14:41,5072.898000,5074.205000,5072.498000,5073.135000,0
2026.02.09,14:42,5073.115000,5074.298000,5073.015000,5073.898000,0
2026.02.09,14:43,5073.898000,5076.435000,5073.298000,5075.425000,0
2026.02.09,14:44,5075.395000,5076.095000,5074.975000,5075.495000,0
2026.02.09,14:45,5075.545000,5075.825000,5074.185000,5075.755000,0
2026.02.09,14:46,5075.845000,5076.395000,5075.185000,5076.315000,0
2026.02.09,14:47,5076.375000,5076.698000,5075.065000,5075.385000,0
2026.02.09,14:48,5075.325000,5075.615000,5073.098000,5074.465000,0
2026.02.09,14:49,5074.515000,5074.785000,5073.635000,5074.105000,0
2026.02.09,14:50,5074.135000,5074.485000,5073.395000,5073.625000,0
2026.02.09,14:51,5073.615000,5074.965000,5072.715000,5074.725000,0
2026.02.09,14:52,5075.205000,5075.898000,5074.595000,5075.055000,0
2026.02.09,14:53,5075.025000,5075.025000,5073.945000,5074.805000,0
2026.02.09,14:54,5074.785000,5075.515000,5074.415000,5075.395000,0
2026.02.09,14:55,5075.425000,5077.715000,5075.085000,5077.715000,0
2026.02.09,14:56,5077.655000,5077.705000,5075.885000,5076.445000,0
2026.02.09,14:57,5076.535000,5076.605000,5074.765000,5075.145000,0
2026.02.09,14:58,5075.345000,5075.605000,5074.055000,5074.055000,0
2026.02.09,14:59,5074.075000,5074.475000,5074.075000,5074.195000,0
2026.02.09,15:00,5074.275000,5075.053000,5073.315000,5074.898000,0
2026.02.09,15:01,5074.898000,5076.295000,5074.898000,5075.305000,0
2026.02.09,15:02,5075.365000,5077.355000,5075.145000,5077.155000,0
2026.02.09,15:03,5077.185000,5078.135000,5077.185000,5077.345000,0
2026.02.09,15:04,5077.365000,5077.415000,5075.795000,5076.625000,0
2026.02.09,15:05,5076.585000,5078.125000,5075.885000,5076.195000,0
2026.02.09,15:06,5076.175000,5076.305000,5074.708000,5075.538000,0
2026.02.09,15:07,5075.428000,5076.145000,5073.698000,5074.368000,0
2026.02.09,15:08,5074.368000,5074.785000,5073.185000,5074.735000,0
2026.02.09,15:09,5074.735000,5075.898000,5074.735000,5075.898000,0
2026.02.09,15:10,5075.898000,5077.405000,5075.288000,5077.298000,0
2026.02.09,15:11,5077.305000,5080.145000,5077.298000,5079.425000,0
2026.02.09,15:12,5079.395000,5080.138000,5079.008000,5079.745000,0
2026.02.09,15:13,5079.745000,5080.145000,5078.018000,5078.235000,0
2026.02.09,15:14,5078.385000,5080.195000,5078.215000,5078.845000,0
2026.02.09,15:15,5078.875000,5079.445000,5075.878000,5077.698000,0
2026.02.09,15:16,5077.705000,5078.965000,5076.885000,5076.898000,0
2026.02.09,15:17,5076.898000,5078.898000,5075.995000,5078.138000,0
2026.02.09,15:18,5078.145000,5078.415000,5075.315000,5076.898000,0
2026.02.09,15:19,5076.898000,5079.498000,5076.898000,5079.298000,0
2026.02.09,15:20,5079.298000,5080.978000,5076.908000,5080.728000,0
2026.02.09,15:21,5080.728000,5081.298000,5079.478000,5080.479000,0
2026.02.09,15:22,5080.378000,5081.098000,5079.898000,5079.898000,0
2026.02.09,15:23,5079.835000,5080.505000,5079.305000,5079.945000,0
2026.02.09,15:24,5079.958000,5080.658000,5079.448000,5080.168000,0
2026.02.09,15:25,5080.168000,5080.365000,5079.498000,5079.925000,0
2026.02.09,15:26,5079.945000,5080.898000,5079.825000,5080.815000,0
2026.02.09,15:27,5080.898000,5080.905000,5080.115000,5080.498000,0
2026.02.09,15:28,5080.258000,5080.625000,5079.698000,5079.918000,0
2026.02.09,15:29,5079.918000,5080.698000,5079.778000,5079.945000,0
2026.02.09,15:30,5079.945000,5080.315000,5079.498000,5080.075000,0
2026.02.09,15:31,5080.098000,5080.805000,5079.918000,5080.498000,0
2026.02.09,15:32,5080.698000,5081.898000,5080.698000,5081.425000,0
2026.02.09,15:33,5081.405000,5086.265000,5081.405000,5082.425000,0
2026.02.09,15:34,5082.445000,5082.955000,5076.135000,5076.698000,0
2026.02.09,15:35,5076.698000,5078.065000,5076.145000,5077.285000,0
2026.02.09,15:36,5077.265000,5077.655000,5072.015000,5073.455000,0
2026.02.09,15:37,5073.475000,5076.375000,5072.818000,5075.835000,0
2026.02.09,15:38,5075.815000,5077.555000,5074.825000,5077.555000,0
2026.02.09,15:39,5077.595000,5077.755000,5074.945000,5077.305000,0
2026.02.09,15:40,5077.365000,5079.145000,5077.135000,5078.695000,0
2026.02.09,15:41,5078.675000,5078.795000,5076.845000,5078.555000,0
2026.02.09,15:42,5078.575000,5080.105000,5078.575000,5079.525000,0
2026.02.09,15:43,5079.398000,5080.825000,5078.585000,5079.175000,0
2026.02.09,15:44,5079.145000,5079.635000,5077.555000,5077.555000,0
2026.02.09,15:45,5077.595000,5078.005000,5074.585000,5075.125000,0
2026.02.09,15:46,5075.195000,5075.965000,5073.185000,5073.735000,0
2026.02.09,15:47,5073.695000,5075.715000,5073.615000,5075.695000,0
2026.02.09,15:48,5075.725000,5076.855000,5075.515000,5075.885000,0
2026.02.09,15:49,5075.865000,5076.235000,5075.295000,5075.845000,0
2026.02.09,15:50,5075.795000,5077.805000,5075.595000,5077.315000,0
2026.02.09,15:51,5077.298000,5078.905000,5077.298000,5078.645000,0
2026.02.09,15:52,5078.625000,5078.795000,5077.565000,5078.578000,0
2026.02.09,15:53,5078.578000,5079.735000,5078.015000,5079.515000,0
2026.02.09,15:54,5079.498000,5082.095000,5079.498000,5081.205000,0
2026.02.09,15:55,5081.145000,5081.498000,5076.018000,5080.205000,0
2026.02.09,15:56,5080.075000,5080.725000,5078.885000,5079.245000,0
2026.02.09,15:57,5079.305000,5080.035000,5078.125000,5079.115000,0
2026.02.09,15:58,5079.205000,5082.665000,5079.205000,5081.615000,0
2026.02.09,15:59,5081.505000,5081.825000,5078.145000,5079.385000,0
2026.02.09,16:00,5079.655000,5082.955000,5079.655000,5082.505000,0
2026.02.09,16:01,5082.545000,5082.635000,5079.905000,5079.935000,0
2026.02.09,16:02,5079.975000,5080.095000,5077.965000,5078.025000,0
2026.02.09,16:03,5077.985000,5077.985000,5074.955000,5075.185000,0
2026.02.09,16:04,5075.225000,5076.245000,5074.835000,5075.365000,0
2026.02.09,16:05,5075.345000,5076.415000,5075.035000,5075.325000,0
2026.02.09,16:06,5075.355000,5075.405000,5066.395000,5070.645000,0
2026.02.09,16:07,5070.605000,5071.905000,5068.795000,5071.635000,0
2026.02.09,16:08,5071.615000,5072.315000,5066.775000,5066.895000,0
2026.02.09,16:09,5066.895000,5069.165000,5066.625000,5069.005000,0
2026.02.09,16:10,5068.985000,5069.645000,5067.585000,5068.595000,0
2026.02.09,16:11,5068.555000,5070.755000,5067.515000,5070.545000,0
2026.02.09,16:12,5070.645000,5070.765000,5068.955000,5069.125000,0
2026.02.09,16:13,5069.165000,5069.825000,5067.485000,5067.595000,0
2026.02.09,16:14,5067.615000,5067.995000,5061.238000,5063.055000,0
2026.02.09,16:15,5063.035000,5063.395000,5061.705000,5062.525000,0
2026.02.09,16:16,5062.605000,5065.245000,5062.385000,5063.095000,0
2026.02.09,16:17,5063.075000,5065.645000,5063.075000,5064.735000,0
2026.02.09,16:18,5064.755000,5066.105000,5061.285000,5062.035000,0
2026.02.09,16:19,5062.085000,5064.755000,5061.995000,5064.755000,0
2026.02.09,16:20,5064.715000,5065.185000,5063.375000,5063.915000,0
2026.02.09,16:21,5063.885000,5064.365000,5063.135000,5063.695000,0
2026.02.09,16:22,5063.715000,5065.495000,5063.025000,5064.425000,0
2026.02.09,16:23,5064.395000,5066.005000,5064.025000,5064.835000,0
2026.02.09,16:24,5064.865000,5065.565000,5064.805000,5065.035000,0
2026.02.09,16:25,5065.015000,5065.145000,5062.945000,5063.695000,0
2026.02.09,16:26,5063.725000,5064.055000,5060.385000,5060.825000,0
2026.02.09,16:27,5060.875000,5062.155000,5060.118000,5060.955000,0
2026.02.09,16:28,5060.935000,5061.175000,5048.315000,5050.395000,0
2026.02.09,16:29,5050.415000,5054.965000,5049.735000,5054.935000,0
2026.02.09,16:30,5054.965000,5059.365000,5054.585000,5058.615000,0
2026.02.09,16:31,5058.595000,5060.525000,5058.065000,5059.895000,0
2026.02.09,16:32,5059.725000,5059.725000,5056.235000,5056.285000,0
2026.02.09,16:33,5056.345000,5057.505000,5054.355000,5054.715000,0
2026.02.09,16:34,5054.695000,5058.195000,5054.635000,5057.515000,0
2026.02.09,16:35,5057.475000,5057.475000,5053.698000,5055.015000,0
2026.02.09,16:36,5055.035000,5057.025000,5055.035000,5055.695000,0
2026.02.09,16:37,5055.735000,5056.245000,5055.375000,5055.795000,0
2026.02.09,16:38,5055.795000,5058.165000,5055.145000,5058.165000,0
2026.02.09,16:39,5058.195000,5059.775000,5057.705000,5059.775000,0
2026.02.09,16:40,5059.735000,5061.505000,5059.695000,5059.735000,0
2026.02.09,16:41,5059.735000,5064.115000,5059.735000,5063.965000,0
2026.02.09,16:42,5063.945000,5064.275000,5062.015000,5063.435000,0
2026.02.09,16:43,5063.465000,5064.185000,5061.015000,5061.735000,0
2026.02.09,16:44,5061.705000,5062.025000,5061.225000,5061.245000,0
2026.02.09,16:45,5061.775000,5063.165000,5061.695000,5063.105000,0
2026.02.09,16:46,5063.185000,5063.395000,5061.275000,5061.275000,0
2026.02.09,16:47,5061.305000,5061.305000,5060.025000,5060.185000,0
2026.02.09,16:48,5060.648000,5062.125000,5060.538000,5061.785000,0
2026.02.09,16:49,5061.755000,5066.115000,5061.445000,5065.115000,0
2026.02.09,16:50,5065.085000,5065.135000,5061.905000,5063.075000,0
2026.02.09,16:51,5063.095000,5063.795000,5062.395000,5063.795000,0
2026.02.09,16:52,5063.865000,5065.415000,5063.305000,5064.835000,0
2026.02.09,16:53,5064.815000,5065.195000,5063.915000,5064.055000,0
2026.02.09,16:54,5064.075000,5064.185000,5062.195000,5062.195000,0
2026.02.09,16:55,5062.075000,5062.625000,5060.615000,5062.015000,0
2026.02.09,16:56,5061.935000,5062.645000,5060.645000,5061.945000,0
2026.02.09,16:57,5061.915000,5061.915000,5058.245000,5059.985000,0
2026.02.09,16:58,5059.985000,5060.095000,5056.748000,5057.445000,0
2026.02.09,16:59,5057.765000,5058.495000,5056.285000,5058.315000,0
2026.02.09,18:00,5048.968000,5069.258000,5048.968000,5067.548000,0
2026.02.09,18:01,5066.548000,5074.398000,5065.498000,5073.998000,0
2026.02.09,18:02,5073.498000,5074.098000,5064.385000,5072.648000,0
2026.02.09,18:03,5072.648000,5074.148000,5061.828000,5065.698000,0
2026.02.09,18:04,5064.698000,5065.098000,5054.368000,5055.348000,0
2026.02.09,18:05,5055.748000,5064.048000,5055.275000,5061.748000,0
2026.02.09,18:06,5061.748000,5062.258000,5056.348000,5059.648000,0
2026.02.09,18:07,5059.648000,5060.348000,5052.748000,5053.548000,0
2026.02.09,18:08,5053.648000,5057.148000,5046.188000,5047.748000,0
2026.02.09,18:09,5047.698000,5051.648000,5045.948000,5046.048000,0
2026.02.09,18:10,5019.751000,5035.996000,5002.456000,5019.555000,0
2026.02.09,18:11,5019.658000,5024.535000,5008.098000,5008.565000,0
2026.02.09,18:12,5008.475000,5010.595000,4985.748000,5009.108000,0
2026.02.09,18:13,5008.438000,5023.705000,5008.105000,5021.155000,0
2026.02.09,18:14,5021.325000,5022.805000,5007.535000,5011.948000,0
2026.02.09,18:15,5012.148000,5022.675000,5011.718000,5018.025000,0
2026.02.09,18:16,5017.898000,5021.555000,5015.075000,5019.475000,0
2026.02.09,18:17,5020.035000,5023.878000,5017.278000,5023.325000,0
2026.02.09,18:18,5022.915000,5024.088000,5016.731000,5016.808000,0
2026.02.09,18:19,5016.808000,5016.848000,5009.345000,5010.368000,0
2026.02.09,18:20,5010.605000,5016.898000,5009.745000,5016.585000,0
2026.02.09,18:21,5016.605000,5027.365000,5015.395000,5027.275000,0
2026.02.09,18:22,5027.288000,5027.705000,5015.975000,5017.228000,0
2026.02.09,18:23,5017.248000,5018.225000,5000.833000,5008.491000,0
2026.02.09,18:24,5008.468000,5018.025000,5008.468000,5013.645000,0
2026.02.09,18:25,5013.625000,5015.675000,5006.083000,5011.695000,0
2026.02.09,18:26,5012.395000,5013.935000,5008.518000,5009.608000,0
2026.02.09,18:27,5008.815000,5016.505000,5006.655000,5016.505000,0
2026.02.09,18:28,5016.475000,5024.863000,5016.135000,5021.855000,0
2026.02.09,18:29,5022.375000,5024.645000,5020.715000,5022.728000,0
2026.02.09,18:30,5022.718000,5024.495000,5012.595000,5014.878000,0
2026.02.09,18:31,5014.888000,5018.625000,5013.328000,5015.255000,0
2026.02.09,18:32,5015.265000,5019.455000,5014.335000,5015.715000,0
2026.02.09,18:33,5015.715000,5021.865000,5015.568000,5021.678000,0
2026.02.09,18:34,5021.678000,5023.525000,5020.835000,5021.828000,0
2026.02.09,18:35,5021.355000,5021.738000,5015.495000,5021.368000,0
2026.02.09,18:36,5021.408000,5026.015000,5018.775000,5019.165000,0
2026.02.09,18:37,5019.105000,5021.555000,5014.965000,5015.748000,0
2026.02.09,18:38,5015.748000,5021.305000,5015.748000,5018.588000,0
2026.02.09,18:39,5018.588000,5022.905000,5017.978000,5021.088000,0
2026.02.09,18:40,5021.088000,5026.775000,5020.655000,5026.775000,0
2026.02.09,18:41,5026.688000,5026.895000,5020.675000,5024.965000,0
2026.02.09,18:42,5024.975000,5030.295000,5024.865000,5028.485000,0
2026.02.09,18:43,5028.545000,5039.515000,5028.385000,5035.695000,0
2026.02.09,18:44,5035.685000,5039.775000,5031.348000,5039.315000,0
2026.02.09,18:45,5039.315000,5041.115000,5035.438000,5036.735000,0
2026.02.09,18:46,5035.183000,5037.278000,5033.085000,5036.078000,0
2026.02.09,18:47,5036.078000,5036.078000,5031.205000,5031.625000,0
2026.02.09,18:48,5031.788000,5034.828000,5031.788000,5032.288000,0
2026.02.09,18:49,5032.288000,5035.998000,5031.315000,5034.498000,0
2026.02.09,18:50,5034.498000,5035.938000,5032.468000,5032.905000,0
2026.02.09,18:51,5032.905000,5034.768000,5032.035000,5033.438000,0
2026.02.09,18:52,5033.438000,5034.915000,5030.775000,5033.318000,0
2026.02.09,18:53,5033.225000,5038.565000,5033.225000,5036.425000,0
2026.02.09,18:54,5036.485000,5037.145000,5034.425000,5034.425000,0
2026.02.09,18:55,5034.378000,5036.788000,5034.378000,5036.445000,0
2026.02.09,18:56,5036.408000,5036.408000,5030.165000,5032.395000,0
2026.02.09,18:57,5032.385000,5032.625000,5029.425000,5032.025000,0
2026.02.09,18:58,5032.045000,5033.315000,5031.505000,5032.765000,0
2026.02.09,18:59,5032.765000,5032.765000,5030.855000,5031.245000,0
2026.02.09,19:00,5031.095000,5044.075000,5031.095000,5042.228000,0
2026.02.09,19:01,5042.228000,5042.375000,5033.545000,5041.905000,0
2026.02.09,19:02,5041.905000,5043.595000,5040.915000,5041.155000,0
2026.02.09,19:03,5041.175000,5042.245000,5039.655000,5041.775000,0
2026.02.09,19:04,5041.775000,5048.045000,5039.095000,5039.538000,0
2026.02.09,19:05,5039.578000,5041.428000,5037.805000,5041.258000,0
2026.02.09,19:06,5041.348000,5044.515000,5041.348000,5043.755000,0
2026.02.09,19:07,5043.678000,5044.258000,5040.775000,5043.525000,0
2026.02.09,19:08,5043.525000,5045.825000,5041.905000,5042.705000,0
2026.02.09,19:09,5042.735000,5042.755000,5040.245000,5041.625000,0
2026.02.09,19:10,5041.635000,5041.705000,5038.825000,5039.385000,0
2026.02.09,19:11,5039.415000,5039.635000,5032.205000,5035.155000,0
2026.02.09,19:12,5035.145000,5037.105000,5033.475000,5036.345000,0
2026.02.09,19:13,5036.385000,5036.385000,5032.425000,5033.175000,0
2026.02.09,19:14,5033.195000,5035.625000,5032.235000,5034.445000,0
2026.02.09,19:15,5034.365000,5037.005000,5032.865000,5033.165000,0
2026.02.09,19:16,5033.245000,5037.885000,5033.245000,5035.535000,0
2026.02.09,19:17,5035.385000,5036.815000,5033.375000,5036.755000,0
2026.02.09,19:18,5036.765000,5036.895000,5036.015000,5036.675000,0
2026.02.09,19:19,5036.675000,5036.675000,5032.985000,5033.005000,0
2026.02.09,19:20,5033.025000,5036.555000,5033.025000,5035.665000,0
2026.02.09,19:21,5035.575000,5035.855000,5032.865000,5033.155000,0
2026.02.09,19:22,5033.175000,5036.655000,5033.165000,5034.735000,0
2026.02.09,19:23,5034.085000,5037.285000,5034.085000,5036.975000,0
2026.02.09,19:24,5036.855000,5043.965000,5036.855000,5043.695000,0
2026.02.09,19:25,5044.015000,5044.065000,5035.515000,5038.985000,0
2026.02.09,19:26,5038.985000,5040.385000,5038.525000,5038.645000,0
2026.02.09,19:27,5038.645000,5038.945000,5035.545000,5037.345000,0
2026.02.09,19:28,5037.355000,5038.025000,5035.295000,5036.655000,0
2026.02.09,19:29,5036.665000,5036.665000,5031.165000,5033.535000,0
2026.02.09,19:30,5033.605000,5040.515000,5033.525000,5035.115000,0
2026.02.09,19:31,5035.155000,5037.115000,5034.095000,5036.335000,0
2026.02.09,19:32,5036.505000,5037.365000,5036.055000,5036.605000,0
2026.02.09,19:33,5036.605000,5040.085000,5035.515000,5039.645000,0
2026.02.09,19:34,5039.675000,5039.795000,5035.235000,5037.205000,0
2026.02.09,19:35,5037.205000,5037.475000,5019.645000,5027.885000,0
2026.02.09,19:36,5027.875000,5033.625000,5026.708000,5029.875000,0
2026.02.09,19:37,5029.945000,5031.765000,5022.375000,5023.095000,0
2026.02.09,19:38,5023.075000,5023.275000,5019.155000,5021.855000,0
2026.02.09,19:39,5021.765000,5022.225000,5016.125000,5017.925000,0
2026.02.09,19:40,5017.895000,5023.855000,5015.145000,5023.035000,0
2026.02.09,19:41,5023.035000,5023.515000,5019.785000,5022.945000,0
2026.02.09,19:42,5022.955000,5025.135000,5021.365000,5023.575000,0
2026.02.09,19:43,5023.595000,5024.865000,5022.775000,5024.765000,0
2026.02.09,19:44,5024.775000,5025.835000,5022.818000,5023.265000,0
2026.02.09,19:45,5023.265000,5025.015000,5019.625000,5020.275000,0
2026.02.09,19:46,5020.175000,5020.315000,5014.045000,5014.375000,0
2026.02.09,19:47,5014.385000,5015.645000,5008.155000,5011.765000,0
2026.02.09,19:48,5011.445000,5014.685000,5010.715000,5014.445000,0
2026.02.09,19:49,5014.815000,5020.645000,5013.978000,5016.785000,0
2026.02.09,19:50,5016.845000,5019.325000,5015.695000,5017.755000,0
2026.02.09,19:51,5017.765000,5020.895000,5015.765000,5019.805000,0
2026.02.09,19:52,5019.955000,5021.715000,5019.105000,5020.965000,0
2026.02.09,19:53,5020.935000,5021.425000,5018.115000,5018.145000,0
2026.02.09,19:54,5018.375000,5018.445000,5013.275000,5014.615000,0
2026.02.09,19:55,5014.595000,5018.815000,5013.835000,5017.375000,0
2026.02.09,19:56,5017.395000,5019.685000,5016.405000,5018.665000,0
2026.02.09,19:57,5018.585000,5018.585000,5014.625000,5017.205000,0
2026.02.09,19:58,5017.295000,5019.675000,5016.315000,5018.075000,0
2026.02.09,19:59,5018.295000,5021.415000,5015.605000,5018.405000,0
2026.02.09,20:00,5018.285000,5026.465000,5012.125000,5021.105000,0
2026.02.09,20:01,5021.105000,5026.125000,5014.365000,5019.985000,0
2026.02.09,20:02,5019.995000,5024.415000,5018.338000,5019.985000,0
2026.02.09,20:03,5019.585000,5027.635000,5019.485000,5024.955000,0
2026.02.09,20:04,5024.995000,5026.095000,5022.145000,5022.865000,0
2026.02.09,20:05,5022.935000,5023.205000,5012.638000,5016.425000,0
2026.02.09,20:06,5017.695000,5023.225000,5017.695000,5023.135000,0
2026.02.09,20:07,5023.135000,5026.455000,5022.335000,5026.425000,0
2026.02.09,20:08,5026.335000,5030.875000,5025.195000,5025.775000,0
2026.02.09,20:09,5025.795000,5030.695000,5025.755000,5030.625000,0
2026.02.09,20:10,5030.625000,5033.665000,5026.845000,5028.225000,0
2026.02.09,20:11,5028.195000,5029.525000,5023.648000,5028.985000,0
2026.02.09,20:12,5028.985000,5033.965000,5028.875000,5033.235000,0
2026.02.09,20:13,5033.405000,5033.845000,5030.895000,5031.115000,0
2026.02.09,20:14,5031.115000,5033.365000,5029.635000,5030.525000,0
2026.02.09,20:15,5030.595000,5037.205000,5029.475000,5034.945000,0
2026.02.09,20:16,5035.025000,5036.355000,5033.445000,5035.535000,0
2026.02.09,20:17,5035.515000,5036.885000,5032.915000,5033.345000,0
2026.02.09,20:18,5033.295000,5034.175000,5030.495000,5030.615000,0
2026.02.09,20:19,5030.635000,5031.585000,5027.238000,5030.675000,0
2026.02.09,20:20,5030.208000,5032.625000,5026.125000,5026.405000,0
2026.02.09,20:21,5026.405000,5026.885000,5018.475000,5020.355000,0
2026.02.09,20:22,5020.275000,5024.455000,5019.585000,5019.635000,0
2026.02.09,20:23,5019.645000,5021.575000,5017.365000,5018.245000,0
2026.02.09,20:24,5018.365000,5023.975000,5017.725000,5022.665000,0
2026.02.09,20:25,5022.675000,5023.595000,5020.575000,5022.465000,0
2026.02.09,20:26,5022.175000,5022.765000,5017.248000,5017.248000,0
2026.02.09,20:27,5017.515000,5020.505000,5015.678000,5015.678000,0
2026.02.09,20:28,5015.688000,5019.128000,5013.005000,5015.005000,0
2026.02.09,20:29,5014.985000,5017.375000,5013.665000,5016.595000,0
2026.02.09,20:30,5016.555000,5020.515000,5014.105000,5018.475000,0
2026.02.09,20:31,5018.505000,5019.445000,5016.235000,5019.045000,0
2026.02.09,20:32,5019.075000,5021.065000,5018.705000,5020.685000,0
2026.02.09,20:33,5020.785000,5023.415000,5020.155000,5021.235000,0
2026.02.09,20:34,5021.135000,5024.865000,5018.915000,5023.925000,0
2026.02.09,20:35,5024.005000,5024.025000,5019.055000,5020.235000,0
2026.02.09,20:36,5020.235000,5021.665000,5017.675000,5017.685000,0
2026.02.09,20:37,5017.645000,5020.215000,5017.475000,5018.715000,0
2026.02.09,20:38,5018.645000,5023.635000,5018.325000,5023.305000,0
2026.02.09,20:39,5023.305000,5024.625000,5021.955000,5024.015000,0
2026.02.09,20:40,5023.835000,5031.075000,5023.765000,5028.775000,0
2026.02.09,20:41,5028.805000,5032.315000,5028.305000,5030.738000,0
2026.02.09,20:42,5030.738000,5031.205000,5027.128000,5027.578000,0
2026.02.09,20:43,5027.618000,5028.028000,5022.845000,5023.018000,0
2026.02.09,20:44,5023.018000,5028.668000,5022.778000,5028.465000,0
2026.02.09,20:45,5028.475000,5031.078000,5026.968000,5027.388000,0
2026.02.09,20:46,5027.438000,5030.515000,5026.145000,5027.868000,0
2026.02.09,20:47,5027.868000,5035.308000,5027.868000,5032.585000,0
2026.02.09,20:48,5032.615000,5033.155000,5030.585000,5031.545000,0
2026.02.09,20:49,5031.295000,5035.185000,5029.165000,5034.605000,0
2026.02.09,20:50,5034.635000,5035.175000,5027.408000,5029.258000,0
2026.02.09,20:51,5029.328000,5030.128000,5027.945000,5028.935000,0
2026.02.09,20:52,5028.925000,5034.195000,5028.925000,5030.308000,0
2026.02.09,20:53,5030.318000,5032.025000,5030.318000,5031.415000,0
2026.02.09,20:54,5031.355000,5031.705000,5030.695000,5031.395000,0
2026.02.09,20:55,5031.415000,5033.435000,5030.125000,5031.295000,0
2026.02.09,20:56,5031.275000,5033.458000,5030.685000,5032.088000,0
2026.02.09,20:57,5032.545000,5035.008000,5023.685000,5025.048000,0
2026.02.09,20:58,5025.238000,5029.635000,5024.788000,5028.035000,0
2026.02.09,20:59,5027.995000,5033.108000,5027.595000,5031.915000,0
2026.02.09,21:00,5031.915000,5034.998000,5031.028000,5033.098000,0
2026.02.09,21:01,5033.105000,5033.658000,5031.268000,5032.698000,0
2026.02.09,21:02,5032.698000,5033.498000,5031.085000,5031.775000,0
2026.02.09,21:03,5031.755000,5038.905000,5031.525000,5036.145000,0
2026.02.09,21:04,5036.185000,5038.365000,5034.808000,5036.215000,0
2026.02.09,21:05,5036.535000,5038.985000,5035.268000,5038.195000,0
2026.02.09,21:06,5038.195000,5040.025000,5037.835000,5039.845000,0
2026.02.09,21:07,5039.805000,5043.725000,5039.805000,5041.045000,0
2026.02.09,21:08,5040.975000,5044.745000,5039.485000,5044.135000,0
2026.02.09,21:09,5044.128000,5045.305000,5041.735000,5044.555000,0
2026.02.09,21:10,5044.545000,5044.545000,5039.815000,5042.315000,0
2026.02.09,21:11,5042.175000,5044.195000,5041.225000,5041.855000,0
2026.02.09,21:12,5041.855000,5044.445000,5041.725000,5044.155000,0
2026.02.09,21:13,5044.145000,5045.215000,5043.265000,5044.495000,0
2026.02.09,21:14,5044.525000,5044.655000,5041.585000,5041.775000,0
2026.02.09,21:15,5041.745000,5046.055000,5040.965000,5044.325000,0
2026.02.09,21:16,5044.365000,5044.765000,5041.395000,5041.715000,0
2026.02.09,21:17,5041.925000,5045.365000,5041.925000,5044.925000,0
2026.02.09,21:18,5044.905000,5044.905000,5041.885000,5041.925000,0
2026.02.09,21:19,5041.955000,5042.825000,5039.845000,5041.215000,0
2026.02.09,21:20,5041.165000,5046.325000,5040.915000,5044.955000,0
2026.02.09,21:21,5044.915000,5045.455000,5042.395000,5044.465000,0
2026.02.09,21:22,5044.065000,5050.885000,5041.435000,5049.025000,0
2026.02.09,21:23,5049.035000,5052.065000,5048.735000,5051.275000,0
2026.02.09,21:24,5051.385000,5054.215000,5050.785000,5054.105000,0
2026.02.09,21:25,5053.905000,5054.385000,5051.005000,5051.875000,0
2026.02.09,21:26,5051.845000,5055.935000,5051.295000,5052.965000,0
2026.02.09,21:27,5052.905000,5054.505000,5046.225000,5046.345000,0
2026.02.09,21:28,5046.345000,5049.255000,5046.155000,5048.245000,0
2026.02.09,21:29,5048.245000,5049.035000,5046.755000,5046.965000,0
2026.02.09,21:30,5046.975000,5050.195000,5045.415000,5048.025000,0
2026.02.09,21:31,5048.085000,5050.605000,5047.985000,5049.025000,0
2026.02.09,21:32,5049.065000,5049.805000,5046.925000,5048.705000,0
2026.02.09,21:33,5048.775000,5048.775000,5044.095000,5045.335000,0
2026.02.09,21:34,5045.335000,5047.155000,5045.065000,5046.595000,0
2026.02.09,21:35,5046.505000,5047.565000,5041.645000,5042.135000,0
2026.02.09,21:36,5042.135000,5044.035000,5041.615000,5041.815000,0
2026.02.09,21:37,5041.765000,5044.385000,5041.685000,5042.545000,0
2026.02.09,21:38,5042.495000,5043.915000,5041.775000,5043.355000,0
2026.02.09,21:39,5043.325000,5047.525000,5043.285000,5045.265000,0
2026.02.09,21:40,5045.195000,5048.495000,5045.195000,5046.505000,0
2026.02.09,21:41,5046.415000,5048.175000,5045.525000,5047.225000,0
2026.02.09,21:42,5047.195000,5048.915000,5046.365000,5046.765000,0
2026.02.09,21:43,5047.185000,5051.865000,5047.055000,5050.445000,0
2026.02.09,21:44,5050.405000,5052.855000,5049.415000,5050.005000,0
2026.02.09,21:45,5050.035000,5052.385000,5050.035000,5052.055000,0
2026.02.09,21:46,5052.065000,5052.305000,5048.955000,5049.305000,0
2026.02.09,21:47,5049.155000,5049.295000,5044.005000,5044.985000,0
2026.02.09,21:48,5045.075000,5047.465000,5044.665000,5044.895000,0
2026.02.09,21:49,5044.905000,5045.425000,5042.135000,5042.225000,0
2026.02.09,21:50,5042.195000,5042.295000,5038.435000,5039.885000,0
2026.02.09,21:51,5040.025000,5040.025000,5034.445000,5037.295000,0
2026.02.09,21:52,5037.315000,5039.745000,5037.265000,5039.725000,0
2026.02.09,21:53,5039.725000,5041.405000,5039.065000,5039.335000,0
2026.02.09,21:54,5039.345000,5047.255000,5039.145000,5043.565000,0
2026.02.09,21:55,5043.545000,5044.995000,5041.015000,5043.685000,0
2026.02.09,21:56,5043.685000,5047.155000,5042.805000,5045.255000,0
2026.02.09,21:57,5045.245000,5048.895000,5044.115000,5044.135000,0
2026.02.09,21:58,5044.155000,5044.155000,5040.935000,5041.165000,0
2026.02.09,21:59,5041.165000,5041.325000,5036.558000,5037.875000,0
2026.02.09,22:00,5037.595000,5037.595000,5032.845000,5034.205000,0
2026.02.09,22:01,5034.265000,5037.585000,5034.205000,5035.895000,0
2026.02.09,22:02,5035.865000,5037.505000,5035.655000,5035.865000,0
2026.02.09,22:03,5035.855000,5037.085000,5035.785000,5035.855000,0
2026.02.09,22:04,5035.855000,5037.385000,5033.555000,5033.795000,0
2026.02.09,22:05,5033.825000,5033.825000,5027.935000,5030.195000,0
2026.02.09,22:06,5030.155000,5036.945000,5030.035000,5032.345000,0
2026.02.09,22:07,5032.405000,5033.515000,5030.755000,5031.055000,0
2026.02.09,22:08,5031.065000,5032.065000,5028.975000,5029.745000,0
2026.02.09,22:09,5029.745000,5030.345000,5029.285000,5030.155000,0
2026.02.09,22:10,5030.125000,5033.315000,5029.735000,5031.935000,0
2026.02.09,22:11,5031.885000,5032.455000,5029.555000,5031.045000,0
2026.02.09,22:12,5030.955000,5032.195000,5029.415000,5029.615000,0
2026.02.09,22:13,5029.669000,5032.415000,5029.405000,5030.665000,0
2026.02.09,22:14,5030.675000,5031.715000,5024.538000,5026.375000,0
2026.02.09,22:15,5026.365000,5026.365000,5019.788000,5020.868000,0
2026.02.09,22:16,5020.868000,5025.195000,5020.325000,5024.578000,0
2026.02.09,22:17,5024.578000,5025.485000,5020.275000,5021.508000,0
2026.02.09,22:18,5021.508000,5021.508000,5017.978000,5018.338000,0
2026.02.09,22:19,5018.338000,5019.855000,5016.035000,5019.855000,0
2026.02.09,22:20,5019.865000,5021.355000,5018.708000,5021.325000,0
2026.02.09,22:21,5021.385000,5023.825000,5019.208000,5023.118000,0
2026.02.09,22:22,5023.118000,5024.748000,5020.305000,5023.658000,0
2026.02.09,22:23,5023.658000,5025.348000,5022.218000,5025.348000,0
2026.02.09,22:24,5025.238000,5025.998000,5023.548000,5024.768000,0
2026.02.09,22:25,5024.758000,5027.958000,5024.028000,5024.068000,0
2026.02.09,22:26,5024.138000,5026.408000,5024.138000,5026.188000,0
2026.02.09,22:27,5026.188000,5026.228000,5022.735000,5022.735000,0
2026.02.09,22:28,5022.825000,5023.748000,5020.785000,5022.155000,0
2026.02.09,22:29,5022.155000,5022.635000,5020.825000,5021.455000,0
2026.02.09,22:30,5021.395000,5023.125000,5019.815000,5023.125000,0
2026.02.09,22:31,5023.155000,5024.035000,5019.925000,5021.965000,0
2026.02.09,22:32,5021.965000,5030.725000,5021.875000,5030.685000,0
2026.02.09,22:33,5030.215000,5031.515000,5028.705000,5028.845000,0
2026.02.09,22:34,5028.875000,5030.075000,5026.518000,5026.895000,0
2026.02.09,22:35,5026.965000,5029.615000,5025.765000,5028.935000,0
2026.02.09,22:36,5028.935000,5030.825000,5028.535000,5029.255000,0
2026.02.09,22:37,5029.205000,5029.255000,5028.045000,5028.795000,0
2026.02.09,22:38,5028.835000,5030.515000,5028.625000,5029.725000,0
2026.02.09,22:39,5029.705000,5030.765000,5026.305000,5028.375000,0
2026.02.09,22:40,5028.625000,5029.415000,5027.085000,5027.525000,0
2026.02.09,22:41,5027.455000,5028.265000,5026.245000,5026.325000,0
2026.02.09,22:42,5026.365000,5026.365000,5022.198000,5022.695000,0
2026.02.09,22:43,5022.675000,5024.015000,5022.118000,5023.895000,0
2026.02.09,22:44,5023.895000,5024.705000,5022.978000,5023.738000,0
2026.02.09,22:45,5023.975000,5026.205000,5023.368000,5025.945000,0
2026.02.09,22:46,5025.955000,5026.515000,5024.345000,5024.445000,0
2026.02.09,22:47,5024.445000,5025.345000,5023.045000,5024.955000,0
2026.02.09,22:48,5025.005000,5026.845000,5023.695000,5024.885000,0
2026.02.09,22:49,5024.915000,5029.635000,5024.915000,5028.855000,0
2026.02.09,22:50,5028.855000,5028.908000,5027.715000,5028.488000,0
2026.02.09,22:51,5028.488000,5029.018000,5027.535000,5028.595000,0
2026.02.09,22:52,5028.478000,5028.478000,5023.745000,5024.885000,0
2026.02.09,22:53,5024.895000,5025.535000,5024.488000,5025.535000,0
2026.02.09,22:54,5025.535000,5026.965000,5024.385000,5025.585000,0
2026.02.09,22:55,5025.585000,5028.685000,5024.925000,5027.985000,0
2026.02.09,22:56,5027.995000,5028.235000,5026.965000,5027.235000,0
2026.02.09,22:57,5027.255000,5027.275000,5015.705000,5022.695000,0
2026.02.09,22:58,5022.735000,5027.765000,5020.815000,5027.575000,0
2026.02.09,22:59,5027.575000,5029.855000,5026.105000,5029.855000,0
2026.02.09,23:00,5029.655000,5030.805000,5028.045000,5028.565000,0
2026.02.09,23:01,5028.525000,5028.525000,5024.675000,5025.525000,0
2026.02.09,23:02,5025.525000,5027.285000,5024.835000,5026.565000,0
2026.02.09,23:03,5026.635000,5026.655000,5022.775000,5022.805000,0
2026.02.09,23:04,5022.785000,5023.015000,5020.815000,5021.835000,0
2026.02.09,23:05,5021.825000,5021.955000,5017.195000,5017.975000,0
2026.02.09,23:06,5018.005000,5024.555000,5017.985000,5024.115000,0
2026.02.09,23:07,5024.155000,5024.505000,5021.535000,5022.985000,0
2026.02.09,23:08,5022.785000,5023.295000,5021.655000,5023.285000,0
2026.02.09,23:09,5023.285000,5024.605000,5022.465000,5023.915000,0
2026.02.09,23:10,5023.909000,5025.025000,5020.975000,5021.085000,0
2026.02.09,23:11,5021.245000,5023.525000,5019.165000,5022.625000,0
2026.02.09,23:12,5022.505000,5025.955000,5022.055000,5023.225000,0
2026.02.09,23:13,5023.225000,5025.515000,5023.215000,5024.915000,0
2026.02.09,23:14,5024.905000,5025.025000,5022.505000,5023.545000,0
2026.02.09,23:15,5023.555000,5026.565000,5022.385000,5026.395000,0
2026.02.09,23:16,5026.385000,5027.405000,5024.888000,5025.805000,0
2026.02.09,23:17,5025.805000,5026.635000,5025.425000,5025.579000,0
2026.02.09,23:18,5025.559000,5026.605000,5024.085000,5025.539000,0
2026.02.09,23:19,5025.649000,5027.965000,5025.589000,5026.835000,0
2026.02.09,23:20,5026.845000,5026.845000,5023.165000,5023.565000,0
2026.02.09,23:21,5023.659000,5025.079000,5023.659000,5024.365000,0
2026.02.09,23:22,5024.395000,5024.395000,5022.835000,5023.035000,0
2026.02.09,23:23,5023.089000,5024.905000,5022.835000,5024.179000,0
2026.02.09,23:24,5024.249000,5025.745000,5023.995000,5025.499000,0
2026.02.09,23:25,5025.559000,5027.135000,5025.399000,5026.159000,0
2026.02.09,23:26,5026.269000,5027.735000,5025.895000,5027.079000,0
2026.02.09,23:27,5027.209000,5027.365000,5025.745000,5025.745000,0
2026.02.09,23:28,5025.919000,5028.055000,5025.535000,5027.975000,0
2026.02.09,23:29,5027.975000,5029.465000,5025.999000,5027.125000,0
2026.02.09,23:30,5027.135000,5027.405000,5025.279000,5026.259000,0
2026.02.09,23:31,5026.279000,5026.355000,5024.605000,5025.829000,0
2026.02.09,23:32,5025.809000,5025.909000,5023.705000,5024.355000,0
2026.02.09,23:33,5024.359000,5025.915000,5023.559000,5025.149000,0
2026.02.09,23:34,5025.179000,5025.965000,5024.429000,5025.809000,0
2026.02.09,23:35,5025.859000,5025.859000,5025.149000,5025.149000,0
2026.02.09,23:36,5025.229000,5025.845000,5025.025000,5025.735000,0
2026.02.09,23:37,5025.755000,5025.929000,5022.485000,5023.265000,0
2026.02.09,23:38,5023.265000,5023.539000,5022.925000,5023.519000,0
2026.02.09,23:39,5023.499000,5023.859000,5023.255000,5023.779000,0
2026.02.09,23:40,5023.729000,5024.295000,5023.335000,5023.539000,0
2026.02.09,23:41,5023.549000,5024.349000,5022.095000,5022.499000,0
2026.02.09,23:42,5022.479000,5024.798000,5021.545000,5024.629000,0
2026.02.09,23:43,5024.569000,5029.465000,5024.509000,5025.515000,0
2026.02.09,23:44,5025.545000,5026.815000,5025.009000,5026.395000,0
2026.02.09,23:45,5026.425000,5027.585000,5024.255000,5027.505000,0
2026.02.09,23:46,5027.335000,5027.585000,5025.345000,5026.115000,0
2026.02.09,23:47,5026.029000,5027.625000,5025.965000,5027.455000,0
2026.02.09,23:48,5027.565000,5030.775000,5027.429000,5030.319000,0
2026.02.09,23:49,5030.309000,5032.655000,5030.179000,5032.555000,0
2026.02.09,23:50,5032.245000,5032.245000,5028.205000,5030.349000,0
2026.02.09,23:51,5030.439000,5033.439000,5030.439000,5033.005000,0
2026.02.09,23:52,5033.035000,5033.059000,5031.319000,5031.535000,0
2026.02.09,23:53,5031.555000,5033.215000,5030.509000,5031.245000,0
2026.02.09,23:54,5031.245000,5031.895000,5030.775000,5031.265000,0
2026.02.09,23:55,5031.295000,5033.315000,5031.155000,5033.175000,0
2026.02.09,23:56,5033.159000,5033.495000,5031.855000,5032.195000,0
2026.02.09,23:57,5032.175000,5033.505000,5031.445000,5031.445000,0
2026.02.09,23:58,5031.395000,5031.865000,5030.035000,5031.425000,0
2026.02.09,23:59,5031.485000,5031.505000,5030.435000,5031.295000,0
2026.02.10,00:00,5031.119000,5034.945000,5029.725000,5033.499000,0
2026.02.10,00:01,5033.499000,5033.625000,5031.015000,5031.479000,0
2026.02.10,00:02,5031.509000,5031.895000,5030.085000,5030.349000,0
2026.02.10,00:03,5030.319000,5031.485000,5029.399000,5030.879000,0
2026.02.10,00:04,5030.899000,5032.475000,5030.825000,5030.825000,0
2026.02.10,00:05,5030.845000,5031.045000,5028.055000,5028.825000,0
2026.02.10,00:06,5028.689000,5029.395000,5027.155000,5029.365000,0
2026.02.10,00:07,5029.395000,5031.455000,5029.395000,5031.069000,0
2026.02.10,00:08,5031.069000,5033.035000,5030.929000,5031.399000,0
2026.02.10,00:09,5031.409000,5031.409000,5029.985000,5030.225000,0
2026.02.10,00:10,5030.235000,5030.739000,5029.725000,5030.289000,0
2026.02.10,00:11,5030.415000,5031.675000,5030.075000,5030.945000,0
2026.02.10,00:12,5030.999000,5031.029000,5029.519000,5030.745000,0
2026.02.10,00:13,5030.775000,5030.815000,5029.535000,5029.975000,0
2026.02.10,00:14,5029.689000,5030.365000,5028.625000,5029.339000,0
2026.02.10,00:15,5029.329000,5029.609000,5022.985000,5024.945000,0
2026.02.10,00:16,5024.975000,5025.875000,5022.608000,5025.065000,0
2026.02.10,00:17,5025.135000,5026.285000,5022.825000,5023.359000,0
2026.02.10,00:18,5023.385000,5024.295000,5022.495000,5023.219000,0
2026.02.10,00:19,5023.149000,5024.039000,5021.385000,5023.109000,0
2026.02.10,00:20,5023.069000,5025.195000,5022.045000,5024.709000,0
2026.02.10,00:21,5024.709000,5025.035000,5023.615000,5023.615000,0
2026.02.10,00:22,5023.645000,5023.879000,5022.825000,5023.065000,0
2026.02.10,00:23,5023.115000,5024.075000,5021.608000,5021.835000,0
2026.02.10,00:24,5021.835000,5022.925000,5019.055000,5019.455000,0
2026.02.10,00:25,5019.555000,5020.445000,5018.895000,5019.135000,0
2026.02.10,00:26,5019.365000,5019.485000,5018.245000,5018.345000,0
2026.02.10,00:27,5018.375000,5018.415000,5011.185000,5013.599000,0
2026.02.10,00:28,5013.599000,5016.225000,5010.925000,5015.525000,0
2026.02.10,00:29,5015.615000,5019.075000,5015.615000,5019.075000,0
2026.02.10,00:30,5018.945000,5019.965000,5012.565000,5019.905000,0
2026.02.10,00:31,5019.855000,5023.195000,5018.665000,5023.195000,0
2026.02.10,00:32,5023.045000,5024.895000,5022.495000,5022.915000,0
2026.02.10,00:33,5022.935000,5024.215000,5021.895000,5022.275000,0
2026.02.10,00:34,5022.255000,5023.175000,5019.625000,5020.439000,0
2026.02.10,00:35,5020.489000,5025.205000,5019.965000,5024.825000,0
2026.02.10,00:36,5024.865000,5026.635000,5024.245000,5025.675000,0
2026.02.10,00:37,5025.519000,5025.685000,5022.345000,5022.785000,0
2026.02.10,00:38,5022.715000,5024.395000,5020.565000,5023.865000,0
2026.02.10,00:39,5023.865000,5030.135000,5023.005000,5029.025000,0
2026.02.10,00:40,5029.125000,5029.125000,5026.075000,5028.575000,0
2026.02.10,00:41,5028.575000,5029.495000,5027.375000,5027.585000,0
2026.02.10,00:42,5027.645000,5028.455000,5025.755000,5027.635000,0
2026.02.10,00:43,5027.665000,5029.115000,5026.425000,5028.715000,0
2026.02.10,00:44,5028.755000,5032.275000,5028.185000,5032.255000,0
2026.02.10,00:45,5032.285000,5033.545000,5031.585000,5033.535000,0
2026.02.10,00:46,5033.575000,5035.225000,5032.929000,5033.755000,0
2026.02.10,00:47,5033.745000,5036.845000,5033.675000,5036.785000,0
2026.02.10,00:48,5036.805000,5036.805000,5034.465000,5035.425000,0
2026.02.10,00:49,5035.425000,5036.135000,5034.365000,5034.375000,0
2026.02.10,00:50,5034.315000,5034.665000,5031.775000,5032.265000,0
2026.02.10,00:51,5032.265000,5033.715000,5031.015000,5033.365000,0
2026.02.10,00:52,5033.355000,5037.185000,5033.285000,5037.095000,0
2026.02.10,00:53,5036.925000,5040.235000,5036.745000,5037.555000,0
2026.02.10,00:54,5037.585000,5039.115000,5037.585000,5037.809000,0
2026.02.10,00:55,5037.819000,5038.885000,5037.655000,5038.615000,0
2026.02.10,00:56,5038.535000,5038.705000,5037.525000,5038.705000,0
2026.02.10,00:57,5038.725000,5039.695000,5038.299000,5039.635000,0
2026.02.10,00:58,5039.595000,5039.965000,5039.165000,5039.495000,0
2026.02.10,00:59,5039.475000,5039.605000,5038.225000,5039.085000,0
2026.02.10,01:00,5039.055000,5039.785000,5035.825000,5038.495000,0
2026.02.10,01:01,5038.465000,5040.265000,5037.735000,5038.635000,0
2026.02.10,01:02,5038.635000,5039.595000,5038.079000,5039.595000,0
2026.02.10,01:03,5039.725000,5040.295000,5038.239000,5038.735000,0
2026.02.10,01:04,5038.755000,5039.435000,5038.295000,5038.775000,0
2026.02.10,01:05,5038.775000,5040.255000,5038.775000,5039.485000,0
2026.02.10,01:06,5039.465000,5041.425000,5039.315000,5040.255000,0
2026.02.10,01:07,5040.255000,5045.195000,5040.175000,5044.915000,0
2026.02.10,01:08,5044.875000,5045.005000,5041.515000,5042.685000,0
2026.02.10,01:09,5042.685000,5042.695000,5039.409000,5039.575000,0
2026.02.10,01:10,5039.555000,5039.645000,5038.209000,5038.805000,0
2026.02.10,01:11,5038.795000,5040.045000,5036.545000,5036.875000,0
2026.02.10,01:12,5036.875000,5037.195000,5034.868000,5037.025000,0
2026.02.10,01:13,5037.025000,5037.475000,5035.508000,5036.349000,0
2026.02.10,01:14,5036.495000,5038.105000,5034.868000,5036.695000,0
2026.02.10,01:15,5036.705000,5037.405000,5036.245000,5036.995000,0
2026.02.10,01:16,5037.025000,5037.465000,5035.075000,5036.745000,0
2026.02.10,01:17,5036.735000,5037.125000,5032.945000,5033.185000,0
2026.02.10,01:18,5033.025000,5036.055000,5032.945000,5035.985000,0
2026.02.10,01:19,5035.985000,5035.985000,5033.185000,5033.685000,0
2026.02.10,01:20,5033.375000,5034.015000,5032.165000,5032.225000,0
2026.02.10,01:21,5032.155000,5035.705000,5031.315000,5035.635000,0
2026.02.10,01:22,5035.625000,5036.745000,5035.445000,5036.335000,0
2026.02.10,01:23,5036.305000,5036.645000,5035.155000,5035.305000,0
2026.02.10,01:24,5035.325000,5036.475000,5033.865000,5034.185000,0
2026.02.10,01:25,5034.165000,5034.525000,5031.615000,5032.335000,0
2026.02.10,01:26,5032.395000,5035.755000,5030.525000,5034.185000,0
2026.02.10,01:27,5034.185000,5036.885000,5032.585000,5033.585000,0
2026.02.10,01:28,5033.715000,5033.735000,5031.705000,5033.325000,0
2026.02.10,01:29,5032.885000,5033.155000,5030.765000,5031.365000,0
2026.02.10,01:30,5031.355000,5033.165000,5030.448000,5032.025000,0
2026.02.10,01:31,5032.005000,5032.625000,5029.675000,5030.875000,0
2026.02.10,01:32,5030.895000,5030.895000,5027.675000,5030.255000,0
2026.02.10,01:33,5030.195000,5033.135000,5028.965000,5032.995000,0
2026.02.10,01:34,5032.965000,5037.475000,5032.655000,5037.335000,0
2026.02.10,01:35,5037.325000,5038.765000,5034.295000,5036.045000,0
2026.02.10,01:36,5035.885000,5037.425000,5034.375000,5034.985000,0
2026.02.10,01:37,5034.955000,5035.215000,5032.505000,5034.345000,0
2026.02.10,01:38,5034.398000,5035.165000,5033.575000,5034.185000,0
2026.02.10,01:39,5034.135000,5034.335000,5031.485000,5033.725000,0
2026.02.10,01:40,5033.645000,5033.965000,5031.248000,5032.815000,0
2026.02.10,01:41,5032.545000,5032.815000,5030.888000,5031.045000,0
2026.02.10,01:42,5031.185000,5031.675000,5029.628000,5030.465000,0
2026.02.10,01:43,5030.098000,5030.175000,5029.268000,5029.268000,0
2026.02.10,01:44,5029.268000,5029.268000,5026.485000,5028.345000,0
2026.02.10,01:45,5027.975000,5031.325000,5026.695000,5031.325000,0
2026.02.10,01:46,5031.075000,5034.165000,5029.545000,5033.585000,0
2026.02.10,01:47,5033.625000,5035.845000,5033.478000,5035.095000,0
2026.02.10,01:48,5035.105000,5035.225000,5029.245000,5029.395000,0
2026.02.10,01:49,5029.395000,5030.155000,5027.265000,5029.585000,0
2026.02.10,01:50,5029.335000,5029.335000,5026.685000,5027.425000,0
2026.02.10,01:51,5027.415000,5027.655000,5024.845000,5025.968000,0
2026.02.10,01:52,5026.385000,5026.445000,5022.665000,5022.955000,0
2026.02.10,01:53,5022.625000,5024.355000,5020.075000,5020.285000,0
2026.02.10,01:54,5020.085000,5022.678000,5018.465000,5021.605000,0
2026.02.10,01:55,5021.585000,5025.785000,5021.195000,5024.685000,0
2026.02.10,01:56,5024.695000,5027.095000,5023.858000,5025.098000,0
2026.02.10,01:57,5025.108000,5027.785000,5024.635000,5026.005000,0
2026.02.10,01:58,5026.188000,5026.598000,5022.208000,5024.788000,0
2026.02.10,01:59,5024.798000,5024.898000,5022.518000,5023.425000,0
2026.02.10,02:00,5023.445000,5024.505000,5018.125000,5023.095000,0
2026.02.10,02:01,5023.149000,5024.555000,5019.695000,5024.455000,0
2026.02.10,02:02,5024.455000,5027.075000,5023.945000,5025.445000,0
2026.02.10,02:03,5025.445000,5028.525000,5025.345000,5027.385000,0
2026.02.10,02:04,5027.395000,5028.575000,5026.655000,5028.563000,0
2026.02.10,02:05,5028.865000,5029.145000,5027.705000,5028.801000,0
2026.02.10,02:06,5029.245000,5029.785000,5027.525000,5027.565000,0
2026.02.10,02:07,5027.575000,5028.595000,5027.281000,5027.625000,0
2026.02.10,02:08,5027.725000,5028.655000,5027.505000,5028.495000,0
2026.02.10,02:09,5028.405000,5030.165000,5028.325000,5028.325000,0
2026.02.10,02:10,5028.595000,5029.895000,5028.505000,5029.055000,0
2026.02.10,02:11,5029.665000,5030.865000,5029.625000,5030.765000,0
2026.02.10,02:12,5030.715000,5034.075000,5029.535000,5033.675000,0
2026.02.10,02:13,5033.715000,5033.775000,5030.809000,5031.145000,0
2026.02.10,02:14,5031.155000,5031.155000,5028.445000,5028.505000,0
2026.02.10,02:15,5028.475000,5030.715000,5027.848000,5030.355000,0
2026.02.10,02:16,5030.385000,5031.365000,5030.375000,5030.795000,0
2026.02.10,02:17,5030.835000,5031.585000,5029.675000,5030.205000,0
2026.02.10,02:18,5030.189000,5031.105000,5029.479000,5029.915000,0
2026.02.10,02:19,5029.965000,5030.815000,5028.565000,5029.699000,0
2026.02.10,02:20,5029.699000,5030.565000,5029.068000,5029.489000,0
2026.02.10,02:21,5029.509000,5029.878000,5026.259000,5027.295000,0
2026.02.10,02:22,5027.359000,5027.619000,5020.945000,5022.465000,0
2026.02.10,02:23,5022.605000,5023.835000,5021.435000,5021.495000,0
2026.02.10,02:24,5021.445000,5022.975000,5020.558000,5022.225000,0
2026.02.10,02:25,5022.195000,5022.535000,5020.558000,5020.735000,0
2026.02.10,02:26,5020.745000,5022.555000,5019.235000,5022.455000,0
2026.02.10,02:27,5022.465000,5022.525000,5020.415000,5020.675000,0
2026.02.10,02:28,5021.405000,5025.475000,5021.295000,5025.395000,0
2026.02.10,02:29,5025.395000,5026.645000,5024.485000,5025.085000,0
2026.02.10,02:30,5025.085000,5026.005000,5024.495000,5025.305000,0
2026.02.10,02:31,5025.335000,5027.025000,5024.925000,5027.025000,0
2026.02.10,02:32,5027.025000,5028.285000,5026.385000,5028.205000,0
2026.02.10,02:33,5028.195000,5031.755000,5027.675000,5030.635000,0
2026.02.10,02:34,5030.895000,5030.895000,5027.835000,5028.785000,0
2026.02.10,02:35,5028.705000,5033.245000,5027.625000,5032.065000,0
2026.02.10,02:36,5032.095000,5034.645000,5032.095000,5032.725000,0
2026.02.10,02:37,5032.745000,5032.905000,5031.475000,5031.955000,0
2026.02.10,02:38,5031.585000,5031.915000,5027.309000,5027.445000,0
2026.02.10,02:39,5027.385000,5028.155000,5026.125000,5027.775000,0
2026.02.10,02:40,5027.745000,5027.875000,5026.475000,5026.645000,0
2026.02.10,02:41,5026.545000,5027.565000,5026.245000,5026.295000,0
2026.02.10,02:42,5026.385000,5027.465000,5026.265000,5027.395000,0
2026.02.10,02:43,5027.105000,5031.745000,5026.435000,5030.925000,0
2026.02.10,02:44,5030.845000,5032.295000,5028.135000,5028.655000,0
2026.02.10,02:45,5028.655000,5029.215000,5027.385000,5027.565000,0
2026.02.10,02:46,5027.605000,5028.145000,5026.908000,5027.255000,0
2026.02.10,02:47,5027.255000,5030.205000,5026.908000,5027.775000,0
2026.02.10,02:48,5027.835000,5028.185000,5026.565000,5027.735000,0
2026.02.10,02:49,5027.765000,5030.675000,5027.565000,5030.035000,0
2026.02.10,02:50,5030.035000,5032.635000,5030.035000,5031.015000,0
2026.02.10,02:51,5031.035000,5033.825000,5031.035000,5033.605000,0
2026.02.10,02:52,5033.555000,5035.145000,5032.065000,5032.525000,0
2026.02.10,02:53,5032.575000,5035.825000,5031.885000,5034.225000,0
2026.02.10,02:54,5034.215000,5034.505000,5030.435000,5031.695000,0
2026.02.10,02:55,5030.745000,5031.275000,5029.665000,5030.385000,0
2026.02.10,02:56,5030.415000,5031.595000,5029.735000,5031.425000,0
2026.02.10,02:57,5031.345000,5033.255000,5031.305000,5031.505000,0
2026.02.10,02:58,5031.535000,5033.025000,5030.785000,5032.915000,0
2026.02.10,02:59,5032.955000,5034.105000,5032.655000,5033.765000,0
2026.02.10,03:00,5033.519000,5033.519000,5028.605000,5029.675000,0
2026.02.10,03:01,5029.705000,5031.915000,5029.605000,5031.435000,0
2026.02.10,03:02,5031.425000,5034.625000,5029.645000,5034.195000,0
2026.02.10,03:03,5034.125000,5037.635000,5034.125000,5035.475000,0
2026.02.10,03:04,5035.509000,5038.495000,5035.155000,5038.355000,0
2026.02.10,03:05,5038.325000,5040.085000,5036.609000,5036.805000,0
2026.02.10,03:06,5036.785000,5040.785000,5036.415000,5038.675000,0
2026.02.10,03:07,5038.685000,5038.785000,5033.605000,5033.715000,0
2026.02.10,03:08,5033.725000,5036.505000,5033.715000,5035.885000,0
2026.02.10,03:09,5035.885000,5036.225000,5035.005000,5035.565000,0
2026.02.10,03:10,5035.605000,5037.645000,5035.045000,5035.535000,0
2026.02.10,03:11,5035.605000,5036.155000,5033.455000,5033.595000,0
2026.02.10,03:12,5032.975000,5037.845000,5032.438000,5035.945000,0
2026.02.10,03:13,5035.885000,5038.745000,5031.438000,5034.385000,0
2026.02.10,03:14,5034.455000,5035.825000,5032.275000,5032.755000,0
2026.02.10,03:15,5032.795000,5035.115000,5031.955000,5035.075000,0
2026.02.10,03:16,5035.095000,5036.815000,5034.095000,5035.625000,0
2026.02.10,03:17,5035.605000,5037.895000,5033.965000,5037.385000,0
2026.02.10,03:18,5037.405000,5039.175000,5037.245000,5038.865000,0
2026.02.10,03:19,5038.915000,5040.385000,5038.855000,5039.895000,0
2026.02.10,03:20,5039.915000,5040.925000,5039.055000,5040.925000,0
2026.02.10,03:21,5040.895000,5040.905000,5037.225000,5038.775000,0
2026.02.10,03:22,5038.825000,5039.685000,5036.305000,5036.525000,0
2026.02.10,03:23,5036.505000,5037.645000,5036.115000,5037.135000,0
2026.02.10,03:24,5037.165000,5038.475000,5035.655000,5038.425000,0
2026.02.10,03:25,5038.395000,5038.425000,5034.625000,5036.955000,0
2026.02.10,03:26,5036.985000,5038.005000,5035.585000,5036.245000,0
2026.02.10,03:27,5036.265000,5038.115000,5035.515000,5037.965000,0
2026.02.10,03:28,5037.925000,5040.425000,5036.525000,5037.395000,0
2026.02.10,03:29,5037.375000,5037.425000,5034.918000,5035.395000,0
2026.02.10,03:30,5035.375000,5035.495000,5033.995000,5035.385000,0
2026.02.10,03:31,5035.315000,5039.775000,5035.205000,5039.125000,0
2026.02.10,03:32,5039.155000,5039.155000,5036.715000,5037.495000,0
2026.02.10,03:33,5037.485000,5037.535000,5035.955000,5035.955000,0
2026.02.10,03:34,5035.975000,5038.945000,5034.155000,5038.035000,0
2026.02.10,03:35,5038.015000,5038.715000,5037.895000,5038.615000,0
2026.02.10,03:36,5038.585000,5038.825000,5037.485000,5038.825000,0
2026.02.10,03:37,5038.925000,5042.075000,5038.455000,5041.345000,0
2026.02.10,03:38,5041.305000,5044.975000,5039.765000,5043.345000,0
2026.02.10,03:39,5043.375000,5043.945000,5041.435000,5043.865000,0
2026.02.10,03:40,5043.725000,5044.605000,5043.085000,5044.045000,0
2026.02.10,03:41,5044.035000,5047.305000,5043.195000,5046.665000,0
2026.02.10,03:42,5046.685000,5048.145000,5046.425000,5046.445000,0
2026.02.10,03:43,5046.475000,5048.355000,5046.445000,5047.025000,0
2026.02.10,03:44,5046.995000,5048.715000,5045.575000,5048.505000,0
2026.02.10,03:45,5048.485000,5052.995000,5047.175000,5052.905000,0
2026.02.10,03:46,5052.885000,5054.985000,5051.435000,5052.935000,0
2026.02.10,03:47,5052.915000,5053.405000,5050.985000,5051.615000,0
2026.02.10,03:48,5051.635000,5052.295000,5051.455000,5051.555000,0
2026.02.10,03:49,5051.525000,5052.745000,5050.385000,5050.945000,0
2026.02.10,03:50,5050.915000,5051.135000,5048.125000,5048.375000,0
2026.02.10,03:51,5048.345000,5048.625000,5046.149000,5046.259000,0
2026.02.10,03:52,5046.249000,5048.755000,5045.098000,5048.625000,0
2026.02.10,03:53,5048.495000,5049.555000,5047.365000,5048.885000,0
2026.02.10,03:54,5048.845000,5049.415000,5047.265000,5047.335000,0
2026.02.10,03:55,5047.325000,5047.325000,5043.555000,5043.835000,0
2026.02.10,03:56,5043.875000,5044.805000,5040.445000,5041.245000,0
2026.02.10,03:57,5041.205000,5041.445000,5039.065000,5040.625000,0
2026.02.10,03:58,5040.639000,5043.195000,5040.225000,5043.175000,0
2026.02.10,03:59,5043.145000,5043.145000,5038.658000,5041.555000,0
2026.02.10,04:00,5041.505000,5043.075000,5040.315000,5043.075000,0
2026.02.10,04:01,5043.075000,5046.145000,5042.745000,5045.695000,0
2026.02.10,04:02,5045.675000,5048.205000,5045.205000,5047.695000,0
2026.02.10,04:03,5048.855000,5051.355000,5047.725000,5048.475000,0
2026.02.10,04:04,5048.508000,5050.185000,5046.708000,5049.255000,0
2026.02.10,04:05,5049.315000,5050.415000,5048.335000,5048.775000,0
2026.02.10,04:06,5048.795000,5050.815000,5047.858000,5050.245000,0
2026.02.10,04:07,5050.265000,5053.305000,5050.245000,5053.045000,0
2026.02.10,04:08,5053.055000,5055.815000,5052.345000,5055.655000,0
2026.02.10,04:09,5055.705000,5063.055000,5055.515000,5057.335000,0
2026.02.10,04:10,5057.299000,5057.555000,5053.828000,5057.435000,0
2026.02.10,04:11,5057.405000,5058.285000,5056.165000,5056.555000,0
2026.02.10,04:12,5056.535000,5056.745000,5053.828000,5053.855000,0
2026.02.10,04:13,5053.848000,5053.899000,5050.958000,5051.949000,0
2026.02.10,04:14,5051.969000,5052.315000,5050.918000,5051.345000,0
2026.02.10,04:15,5051.445000,5053.145000,5051.095000,5051.775000,0
2026.02.10,04:16,5051.695000,5051.805000,5049.158000,5049.158000,0
2026.02.10,04:17,5049.158000,5049.475000,5046.545000,5047.219000,0
2026.02.10,04:18,5047.195000,5048.655000,5045.175000,5048.615000,0
2026.02.10,04:19,5048.575000,5048.765000,5047.535000,5047.865000,0
2026.02.10,04:20,5047.825000,5048.175000,5046.045000,5047.635000,0
2026.02.10,04:21,5047.605000,5052.915000,5047.525000,5052.915000,0
2026.02.10,04:22,5052.825000,5054.105000,5052.685000,5053.485000,0
2026.02.10,04:23,5053.445000,5055.405000,5051.815000,5054.845000,0
2026.02.10,04:24,5054.815000,5055.435000,5052.969000,5053.325000,0
2026.02.10,04:25,5053.339000,5053.615000,5051.605000,5051.715000,0
2026.02.10,04:26,5051.735000,5053.045000,5051.735000,5052.229000,0
2026.02.10,04:27,5052.255000,5053.725000,5052.255000,5053.339000,0
2026.02.10,04:28,5053.339000,5054.558000,5051.828000,5053.605000,0
2026.02.10,04:29,5053.589000,5055.279000,5051.785000,5051.808000,0
2026.02.10,04:30,5051.808000,5052.855000,5051.638000,5052.115000,0
2026.02.10,04:31,5052.155000,5052.155000,5047.745000,5047.795000,0
2026.02.10,04:32,5047.765000,5048.015000,5045.245000,5046.395000,0
2026.02.10,04:33,5046.365000,5049.135000,5045.575000,5049.065000,0
2026.02.10,04:34,5049.035000,5049.245000,5046.345000,5046.485000,0
2026.02.10,04:35,5046.245000,5049.155000,5045.475000,5048.945000,0
2026.02.10,04:36,5048.905000,5049.105000,5046.398000,5046.665000,0
2026.02.10,04:37,5046.615000,5047.315000,5045.915000,5047.135000,0
2026.02.10,04:38,5047.045000,5048.765000,5045.415000,5047.495000,0
2026.02.10,04:39,5047.475000,5047.815000,5046.045000,5047.085000,0
2026.02.10,04:40,5047.085000,5049.055000,5045.095000,5048.875000,0
2026.02.10,04:41,5048.895000,5048.955000,5045.595000,5048.555000,0
2026.02.10,04:42,5048.625000,5049.165000,5047.195000,5049.115000,0
2026.02.10,04:43,5049.165000,5049.295000,5045.955000,5047.235000,0
2026.02.10,04:44,5047.035000,5048.465000,5046.895000,5048.465000,0
2026.02.10,04:45,5048.485000,5049.635000,5044.045000,5044.175000,0
2026.02.10,04:46,5044.195000,5046.695000,5043.715000,5046.685000,0
2026.02.10,04:47,5046.705000,5047.235000,5044.255000,5044.975000,0
2026.02.10,04:48,5044.995000,5046.295000,5044.035000,5045.315000,0
2026.02.10,04:49,5045.335000,5047.155000,5045.255000,5045.995000,0
2026.02.10,04:50,5045.965000,5046.895000,5043.855000,5046.655000,0
2026.02.10,04:51,5046.685000,5048.985000,5045.235000,5048.925000,0
2026.02.10,04:52,5048.965000,5049.025000,5046.955000,5048.765000,0
2026.02.10,04:53,5048.565000,5048.655000,5046.245000,5046.725000,0
2026.02.10,04:54,5046.725000,5046.805000,5043.525000,5044.605000,0
2026.02.10,04:55,5044.635000,5045.785000,5042.005000,5042.215000,0
2026.02.10,04:56,5042.115000,5044.295000,5041.865000,5044.135000,0
2026.02.10,04:57,5044.135000,5045.695000,5042.945000,5044.785000,0
2026.02.10,04:58,5045.595000,5045.615000,5044.925000,5044.965000,0
2026.02.10,04:59,5044.935000,5046.795000,5044.355000,5046.535000,0
2026.02.10,05:00,5046.555000,5050.260000,5045.865000,5049.515000,0
2026.02.10,05:01,5049.515000,5052.315000,5048.605000,5048.625000,0
2026.02.10,05:02,5048.605000,5050.705000,5048.035000,5050.085000,0
2026.02.10,05:03,5050.125000,5052.455000,5048.705000,5048.705000,0
2026.02.10,05:04,5048.005000,5049.285000,5047.635000,5049.285000,0
2026.02.10,05:05,5049.135000,5049.845000,5048.515000,5049.505000,0
2026.02.10,05:06,5049.675000,5049.745000,5047.655000,5048.715000,0
2026.02.10,05:07,5048.745000,5049.075000,5047.725000,5048.765000,0
2026.02.10,05:08,5048.805000,5048.855000,5048.375000,5048.475000,0
2026.02.10,05:09,5048.515000,5050.675000,5047.638000,5048.505000,0
2026.02.10,05:10,5048.485000,5049.255000,5042.988000,5043.818000,0
2026.02.10,05:11,5043.818000,5045.525000,5042.485000,5043.175000,0
2026.02.10,05:12,5043.215000,5043.305000,5041.945000,5042.005000,0
2026.02.10,05:13,5042.025000,5042.675000,5040.515000,5041.415000,0
2026.02.10,05:14,5041.435000,5042.055000,5040.985000,5040.985000,0
2026.02.10,05:15,5040.905000,5040.905000,5036.745000,5039.925000,0
2026.02.10,05:16,5039.285000,5039.775000,5037.135000,5039.685000,0
2026.02.10,05:17,5039.665000,5041.775000,5038.805000,5041.535000,0
2026.02.10,05:18,5041.305000,5041.475000,5039.475000,5040.325000,0
2026.02.10,05:19,5040.285000,5041.335000,5040.215000,5041.155000,0
2026.02.10,05:20,5041.115000,5041.375000,5038.675000,5039.455000,0
2026.02.10,05:21,5039.475000,5044.395000,5039.225000,5043.105000,0
2026.02.10,05:22,5043.075000,5044.905000,5042.259000,5044.265000,0
2026.02.10,05:23,5044.285000,5047.445000,5044.285000,5046.915000,0
2026.02.10,05:24,5046.935000,5048.905000,5046.875000,5048.845000,0
2026.02.10,05:25,5048.865000,5050.435000,5048.315000,5049.845000,0
2026.02.10,05:26,5049.825000,5050.425000,5047.865000,5048.045000,0
2026.02.10,05:27,5048.025000,5049.095000,5046.805000,5047.215000,0
2026.02.10,05:28,5047.195000,5048.625000,5046.525000,5047.385000,0
2026.02.10,05:29,5047.415000,5049.795000,5046.855000,5047.225000,0
2026.02.10,05:30,5047.255000,5049.215000,5045.375000,5046.945000,0
2026.02.10,05:31,5046.965000,5050.565000,5046.965000,5049.195000,0
2026.02.10,05:32,5049.175000,5053.275000,5048.865000,5053.085000,0
2026.02.10,05:33,5053.105000,5054.835000,5050.855000,5052.415000,0
2026.02.10,05:34,5052.885000,5053.465000,5050.305000,5051.675000,0
2026.02.10,05:35,5051.705000,5052.195000,5050.415000,5050.885000,0
2026.02.10,05:36,5050.855000,5052.155000,5050.098000,5051.555000,0
2026.02.10,05:37,5051.585000,5052.985000,5050.145000,5052.675000,0
2026.02.10,05:38,5052.805000,5053.605000,5051.585000,5053.095000,0
2026.02.10,05:39,5053.125000,5056.135000,5053.125000,5054.645000,0
2026.02.10,05:40,5055.218000,5057.815000,5054.585000,5057.365000,0
2026.02.10,05:41,5057.345000,5057.925000,5055.848000,5056.895000,0
2026.02.10,05:42,5056.935000,5057.475000,5055.945000,5056.925000,0
2026.02.10,05:43,5056.945000,5057.205000,5055.965000,5055.985000,0
2026.02.10,05:44,5055.255000,5055.535000,5053.285000,5053.855000,0
2026.02.10,05:45,5053.945000,5055.735000,5053.625000,5055.065000,0
2026.02.10,05:46,5055.085000,5055.515000,5053.555000,5053.595000,0
2026.02.10,05:47,5053.575000,5053.775000,5053.168000,5053.405000,0
2026.02.10,05:48,5053.385000,5054.625000,5052.858000,5053.255000,0
2026.02.10,05:49,5053.275000,5053.905000,5052.325000,5053.905000,0
2026.02.10,05:50,5053.885000,5056.235000,5053.765000,5055.565000,0
2026.02.10,05:51,5055.595000,5056.445000,5053.938000,5054.185000,0
2026.02.10,05:52,5054.515000,5054.985000,5053.035000,5054.545000,0
2026.02.10,05:53,5054.575000,5055.458000,5052.415000,5052.545000,0
2026.02.10,05:54,5052.565000,5053.005000,5048.865000,5049.185000,0
2026.02.10,05:55,5049.155000,5049.515000,5047.975000,5048.885000,0
2026.02.10,05:56,5048.865000,5049.265000,5047.445000,5047.625000,0
2026.02.10,05:57,5047.565000,5047.915000,5043.705000,5044.465000,0
2026.02.10,05:58,5044.485000,5045.925000,5043.628000,5045.365000,0
2026.02.10,05:59,5045.395000,5048.095000,5045.355000,5046.585000,0
2026.02.10,06:00,5046.555000,5047.345000,5045.085000,5046.055000,0
2026.02.10,06:01,5046.045000,5047.805000,5045.195000,5047.275000,0
2026.02.10,06:02,5047.145000,5047.815000,5046.745000,5047.185000,0
2026.02.10,06:03,5047.355000,5047.355000,5044.505000,5044.735000,0
2026.02.10,06:04,5044.765000,5046.425000,5044.255000,5046.295000,0
2026.02.10,06:05,5046.315000,5049.185000,5045.855000,5049.045000,0
2026.02.10,06:06,5049.075000,5049.665000,5048.545000,5048.895000,0
2026.02.10,06:07,5048.885000,5050.245000,5048.855000,5050.045000,0
2026.02.10,06:08,5050.065000,5051.275000,5049.705000,5050.695000,0
2026.02.10,06:09,5050.725000,5052.815000,5050.725000,5052.815000,0
2026.02.10,06:10,5052.835000,5052.835000,5050.875000,5051.445000,0
2026.02.10,06:11,5051.105000,5051.545000,5049.265000,5051.425000,0
2026.02.10,06:12,5051.465000,5052.105000,5051.405000,5051.975000,0
2026.02.10,06:13,5051.945000,5052.055000,5049.805000,5049.905000,0
2026.02.10,06:14,5049.925000,5050.275000,5049.205000,5050.125000,0
2026.02.10,06:15,5050.065000,5051.145000,5049.075000,5050.995000,0
2026.02.10,06:16,5050.985000,5051.385000,5049.995000,5050.305000,0
2026.02.10,06:17,5050.325000,5050.965000,5049.285000,5049.285000,0
2026.02.10,06:18,5049.255000,5049.345000,5045.608000,5045.635000,0
2026.02.10,06:19,5045.685000,5047.725000,5045.685000,5046.915000,0
2026.02.10,06:20,5046.885000,5047.185000,5045.405000,5045.935000,0
2026.02.10,06:21,5045.875000,5046.685000,5044.948000,5046.215000,0
2026.02.10,06:22,5046.148000,5048.075000,5045.365000,5047.695000,0
2026.02.10,06:23,5047.675000,5048.225000,5046.555000,5046.995000,0
2026.02.10,06:24,5047.005000,5047.055000,5044.995000,5046.255000,0
2026.02.10,06:25,5046.225000,5046.645000,5045.305000,5046.455000,0
2026.02.10,06:26,5046.435000,5047.435000,5045.185000,5046.465000,0
2026.02.10,06:27,5046.435000,5047.365000,5045.715000,5046.835000,0
2026.02.10,06:28,5046.745000,5048.085000,5046.255000,5047.585000,0
2026.02.10,06:29,5047.545000,5048.495000,5046.955000,5047.585000,0
2026.02.10,06:30,5047.555000,5049.175000,5047.135000,5048.615000,0
2026.02.10,06:31,5048.965000,5048.965000,5047.965000,5048.325000,0
2026.02.10,06:32,5048.695000,5048.775000,5047.365000,5048.095000,0
2026.02.10,06:33,5048.065000,5048.445000,5047.558000,5047.775000,0
2026.02.10,06:34,5047.735000,5050.875000,5047.315000,5050.805000,0
2026.02.10,06:35,5050.785000,5050.855000,5049.668000,5050.245000,0
2026.02.10,06:36,5050.195000,5050.855000,5049.685000,5050.725000,0
2026.02.10,06:37,5050.775000,5050.775000,5049.175000,5049.215000,0
2026.02.10,06:38,5049.175000,5049.648000,5046.635000,5049.648000,0
2026.02.10,06:39,5049.798000,5053.905000,5048.845000,5049.708000,0
2026.02.10,06:40,5050.035000,5052.425000,5048.935000,5049.885000,0
2026.02.10,06:41,5049.835000,5050.675000,5048.795000,5049.025000,0
2026.02.10,06:42,5048.935000,5049.355000,5048.498000,5049.035000,0
2026.02.10,06:43,5049.055000,5049.055000,5045.668000,5046.845000,0
2026.02.10,06:44,5046.865000,5049.475000,5046.345000,5047.055000,0
2026.02.10,06:45,5047.015000,5047.765000,5045.818000,5046.235000,0
2026.02.10,06:46,5046.235000,5046.755000,5045.758000,5046.205000,0
2026.02.10,06:47,5046.175000,5046.175000,5044.725000,5045.975000,0
2026.02.10,06:48,5046.055000,5048.165000,5046.005000,5048.155000,0
2026.02.10,06:49,5048.685000,5051.615000,5048.335000,5051.595000,0
2026.02.10,06:50,5051.555000,5054.315000,5051.555000,5053.495000,0
2026.02.10,06:51,5053.455000,5054.035000,5052.975000,5053.355000,0
2026.02.10,06:52,5053.325000,5055.055000,5052.135000,5054.595000,0
2026.02.10,06:53,5054.535000,5056.365000,5053.535000,5055.905000,0
2026.02.10,06:54,5055.885000,5056.495000,5054.705000,5055.025000,0
2026.02.10,06:55,5054.905000,5056.195000,5051.815000,5051.815000,0
2026.02.10,06:56,5051.855000,5053.765000,5051.855000,5053.435000,0
2026.02.10,06:57,5053.405000,5057.205000,5053.405000,5056.785000,0
2026.02.10,06:58,5056.755000,5056.755000,5053.975000,5054.025000,0
2026.02.10,06:59,5054.055000,5056.045000,5054.055000,5055.675000,0
2026.02.10,07:00,5055.695000,5055.855000,5052.335000,5053.445000,0
2026.02.10,07:01,5053.405000,5054.345000,5052.285000,5052.925000,0
2026.02.10,07:02,5052.885000,5055.815000,5052.855000,5055.725000,0
2026.02.10,07:03,5055.755000,5056.925000,5054.595000,5054.965000,0
2026.02.10,07:04,5055.045000,5055.115000,5051.115000,5051.785000,0
2026.02.10,07:05,5051.755000,5051.975000,5049.238000,5049.335000,0
2026.02.10,07:06,5049.375000,5049.375000,5046.755000,5047.455000,0
2026.02.10,07:07,5047.425000,5047.465000,5040.725000,5044.585000,0
2026.02.10,07:08,5044.145000,5045.705000,5044.145000,5045.295000,0
2026.02.10,07:09,5045.175000,5046.385000,5044.505000,5045.885000,0
2026.02.10,07:10,5045.915000,5046.255000,5044.375000,5044.445000,0
2026.02.10,07:11,5044.215000,5044.215000,5041.455000,5041.865000,0
2026.02.10,07:12,5041.825000,5042.765000,5040.935000,5042.555000,0
2026.02.10,07:13,5042.505000,5043.375000,5041.925000,5043.325000,0
2026.02.10,07:14,5043.045000,5045.025000,5043.045000,5043.715000,0
2026.02.10,07:15,5043.318000,5046.055000,5042.885000,5045.535000,0
2026.02.10,07:16,5045.525000,5046.395000,5045.075000,5046.145000,0
2026.02.10,07:17,5046.205000,5049.285000,5046.205000,5049.215000,0
2026.02.10,07:18,5049.195000,5050.185000,5047.475000,5050.045000,0
2026.02.10,07:19,5050.105000,5051.085000,5048.005000,5048.005000,0
2026.02.10,07:20,5048.035000,5048.035000,5042.358000,5043.105000,0
2026.02.10,07:21,5043.145000,5044.295000,5042.998000,5043.955000,0
2026.02.10,07:22,5043.948000,5046.645000,5042.115000,5046.035000,0
2026.02.10,07:23,5046.115000,5049.445000,5044.745000,5048.905000,0
2026.02.10,07:24,5048.935000,5049.015000,5045.258000,5045.735000,0
2026.02.10,07:25,5045.705000,5047.155000,5045.265000,5046.615000,0
2026.02.10,07:26,5046.625000,5046.825000,5045.325000,5046.145000,0
2026.02.10,07:27,5046.095000,5046.175000,5045.315000,5045.425000,0
2026.02.10,07:28,5045.395000,5046.375000,5042.965000,5043.105000,0
2026.02.10,07:29,5043.626000,5046.235000,5043.605000,5046.235000,0
2026.02.10,07:30,5046.965000,5047.265000,5046.105000,5046.685000,0
2026.02.10,07:31,5046.665000,5047.475000,5045.778000,5046.395000,0
2026.02.10,07:32,5046.435000,5047.345000,5043.195000,5043.595000,0
2026.02.10,07:33,5043.535000,5043.685000,5041.205000,5043.155000,0
2026.02.10,07:34,5043.185000,5044.935000,5043.065000,5044.175000,0
2026.02.10,07:35,5044.215000,5045.845000,5043.885000,5045.815000,0
2026.02.10,07:36,5045.855000,5045.995000,5044.675000,5045.735000,0
2026.02.10,07:37,5045.785000,5046.335000,5045.335000,5046.155000,0
2026.02.10,07:38,5046.075000,5046.425000,5045.055000,5045.195000,0
2026.02.10,07:39,5045.235000,5045.475000,5044.675000,5044.755000,0
2026.02.10,07:40,5044.755000,5044.755000,5042.118000,5043.725000,0
2026.02.10,07:41,5043.165000,5043.355000,5041.475000,5042.975000,0
2026.02.10,07:42,5042.945000,5043.065000,5039.315000,5039.435000,0
2026.02.10,07:43,5039.365000,5040.175000,5034.885000,5036.045000,0
2026.02.10,07:44,5036.025000,5036.475000,5023.525000,5029.365000,0
2026.02.10,07:45,5029.345000,5029.345000,5023.685000,5024.885000,0
2026.02.10,07:46,5024.815000,5028.625000,5022.575000,5022.905000,0
2026.02.10,07:47,5022.895000,5026.395000,5020.395000,5026.395000,0
2026.02.10,07:48,5026.475000,5026.645000,5023.165000,5024.045000,0
2026.02.10,07:49,5024.125000,5026.195000,5023.475000,5025.755000,0
2026.02.10,07:50,5025.715000,5028.345000,5024.228000,5027.235000,0
2026.02.10,07:51,5027.205000,5030.635000,5025.945000,5028.445000,0
2026.02.10,07:52,5028.495000,5032.115000,5026.175000,5027.535000,0
2026.02.10,07:53,5027.475000,5028.085000,5019.415000,5022.965000,0
2026.02.10,07:54,5022.925000,5028.735000,5022.045000,5028.425000,0
2026.02.10,07:55,5028.445000,5033.185000,5027.535000,5032.505000,0
2026.02.10,07:56,5032.625000,5034.185000,5032.035000,5032.095000,0
2026.02.10,07:57,5032.095000,5033.875000,5030.625000,5031.705000,0
2026.02.10,07:58,5031.735000,5033.075000,5031.685000,5032.865000,0
2026.02.10,07:59,5032.845000,5033.625000,5031.825000,5031.975000,0
2026.02.10,08:00,5031.995000,5032.285000,5028.535000,5030.225000,0
2026.02.10,08:01,5030.205000,5034.855000,5026.565000,5028.765000,0
2026.02.10,08:02,5028.755000,5032.135000,5027.205000,5031.635000,0
2026.02.10,08:03,5031.665000,5032.815000,5030.665000,5031.218000,0
2026.02.10,08:04,5031.215000,5031.215000,5028.515000,5029.765000,0
2026.02.10,08:05,5029.825000,5035.865000,5029.745000,5034.545000,0
2026.02.10,08:06,5034.575000,5035.635000,5032.975000,5033.995000,0
2026.02.10,08:07,5033.965000,5035.975000,5033.075000,5035.195000,0
2026.02.10,08:08,5035.285000,5037.635000,5033.015000,5033.465000,0
2026.02.10,08:09,5033.415000,5035.718000,5033.075000,5034.168000,0
2026.02.10,08:10,5034.078000,5035.005000,5032.958000,5033.145000,0
2026.02.10,08:11,5033.228000,5038.065000,5032.635000,5035.615000,0
2026.02.10,08:12,5035.635000,5040.675000,5034.895000,5039.915000,0
2026.02.10,08:13,5039.925000,5041.755000,5036.635000,5041.085000,0
2026.02.10,08:14,5041.125000,5042.185000,5041.125000,5041.945000,0
2026.02.10,08:15,5041.945000,5042.875000,5040.415000,5040.495000,0
2026.02.10,08:16,5040.455000,5042.585000,5039.695000,5041.705000,0
2026.02.10,08:17,5041.798000,5045.435000,5041.725000,5045.435000,0
2026.02.10,08:18,5045.415000,5045.785000,5043.065000,5044.335000,0
2026.02.10,08:19,5044.235000,5046.025000,5043.725000,5045.145000,0
2026.02.10,08:20,5045.345000,5046.095000,5043.565000,5045.365000,0
2026.02.10,08:21,5045.405000,5045.415000,5040.218000,5040.225000,0
2026.02.10,08:22,5040.255000,5042.965000,5039.655000,5042.515000,0
2026.02.10,08:23,5042.485000,5042.995000,5041.015000,5041.095000,0
2026.02.10,08:24,5041.125000,5041.355000,5037.775000,5038.625000,0
2026.02.10,08:25,5038.645000,5038.795000,5033.925000,5035.085000,0
2026.02.10,08:26,5034.985000,5036.085000,5033.145000,5035.205000,0
2026.02.10,08:27,5035.125000,5038.435000,5035.095000,5038.025000,0
2026.02.10,08:28,5038.045000,5038.045000,5036.875000,5037.255000,0
2026.02.10,08:29,5037.275000,5037.775000,5037.058000,5037.235000,0
2026.02.10,08:30,5037.285000,5047.105000,5036.905000,5043.235000,0
2026.02.10,08:31,5043.205000,5050.165000,5042.645000,5049.865000,0
2026.02.10,08:32,5049.765000,5055.665000,5048.905000,5052.705000,0
2026.02.10,08:33,5052.585000,5058.725000,5052.585000,5057.285000,0
2026.02.10,08:34,5057.305000,5058.295000,5051.515000,5052.605000,0
2026.02.10,08:35,5052.705000,5054.835000,5051.555000,5052.915000,0
2026.02.10,08:36,5053.065000,5056.625000,5051.965000,5053.975000,0
2026.02.10,08:37,5054.005000,5054.005000,5049.075000,5049.568000,0
2026.02.10,08:38,5049.565000,5049.618000,5046.285000,5047.708000,0
2026.02.10,08:39,5047.535000,5049.485000,5047.375000,5048.825000,0
2026.02.10,08:40,5048.765000,5051.865000,5048.248000,5049.555000,0
2026.02.10,08:41,5049.575000,5051.275000,5048.388000,5050.968000,0
2026.02.10,08:42,5050.985000,5052.875000,5050.178000,5052.215000,0
2026.02.10,08:43,5052.095000,5052.845000,5050.545000,5052.665000,0
2026.02.10,08:44,5052.645000,5053.095000,5051.245000,5052.675000,0
2026.02.10,08:45,5052.705000,5053.135000,5049.115000,5051.845000,0
2026.02.10,08:46,5051.825000,5055.805000,5051.375000,5054.185000,0
2026.02.10,08:47,5054.428000,5056.885000,5054.185000,5056.675000,0
2026.02.10,08:48,5056.645000,5056.645000,5055.105000,5055.575000,0
2026.02.10,08:49,5055.565000,5056.638000,5053.845000,5055.248000,0
2026.02.10,08:50,5055.248000,5055.938000,5052.938000,5054.628000,0
2026.02.10,08:51,5054.628000,5055.695000,5053.675000,5055.395000,0
2026.02.10,08:52,5055.375000,5055.845000,5052.335000,5053.115000,0
2026.02.10,08:53,5053.085000,5053.685000,5052.415000,5053.665000,0
2026.02.10,08:54,5053.668000,5054.605000,5051.985000,5052.475000,0
2026.02.10,08:55,5052.505000,5055.165000,5052.505000,5054.225000,0
2026.02.10,08:56,5054.245000,5054.835000,5053.435000,5053.685000,0
2026.02.10,08:57,5053.705000,5053.705000,5051.385000,5053.095000,0
2026.02.10,08:58,5053.055000,5054.165000,5049.605000,5050.245000,0
2026.02.10,08:59,5050.205000,5050.995000,5049.358000,5050.765000,0
2026.02.10,09:00,5050.795000,5054.135000,5047.585000,5053.858000,0
2026.02.10,09:01,5054.015000,5054.015000,5050.755000,5050.855000,0
2026.02.10,09:02,5050.825000,5050.825000,5046.965000,5048.805000,0
2026.02.10,09:03,5048.818000,5049.765000,5046.535000,5049.725000,0
2026.02.10,09:04,5049.755000,5050.445000,5048.225000,5048.525000,0
2026.02.10,09:05,5048.495000,5049.445000,5047.375000,5047.878000,0
2026.02.10,09:06,5047.835000,5049.598000,5047.468000,5049.195000,0
2026.02.10,09:07,5049.235000,5057.335000,5049.185000,5052.995000,0
2026.02.10,09:08,5052.975000,5054.505000,5051.715000,5054.135000,0
2026.02.10,09:09,5054.405000,5056.535000,5054.255000,5055.625000,0
2026.02.10,09:10,5055.645000,5058.085000,5054.098000,5054.855000,0
2026.02.10,09:11,5054.885000,5054.885000,5052.498000,5052.865000,0
2026.02.10,09:12,5052.898000,5054.698000,5052.498000,5054.035000,0
2026.02.10,09:13,5054.015000,5054.905000,5053.238000,5054.645000,0
2026.02.10,09:14,5054.695000,5055.698000,5054.085000,5055.668000,0
2026.02.10,09:15,5055.658000,5059.815000,5055.658000,5058.705000,0
2026.02.10,09:16,5058.745000,5070.195000,5058.135000,5066.845000,0
2026.02.10,09:17,5066.815000,5073.685000,5065.885000,5071.765000,0
2026.02.10,09:18,5071.755000,5073.125000,5070.765000,5071.865000,0
2026.02.10,09:19,5071.885000,5074.305000,5070.495000,5071.505000,0
2026.02.10,09:20,5071.525000,5072.635000,5069.375000,5071.108000,0
2026.02.10,09:21,5071.075000,5071.475000,5068.965000,5070.235000,0
2026.02.10,09:22,5070.255000,5071.355000,5068.335000,5071.195000,0
2026.02.10,09:23,5071.318000,5072.265000,5069.575000,5069.865000,0
2026.02.10,09:24,5069.845000,5071.095000,5067.335000,5067.335000,0
2026.02.10,09:25,5067.265000,5072.815000,5067.185000,5069.335000,0
2026.02.10,09:26,5069.315000,5070.975000,5068.355000,5070.265000,0
2026.02.10,09:27,5070.235000,5071.515000,5066.665000,5067.415000,0
2026.02.10,09:28,5067.505000,5069.345000,5067.135000,5068.995000,0
2026.02.10,09:29,5069.105000,5071.715000,5068.945000,5070.025000,0
2026.02.10,09:30,5070.045000,5074.075000,5067.695000,5072.245000,0
2026.02.10,09:31,5072.785000,5078.205000,5071.715000,5076.855000,0
2026.02.10,09:32,5076.825000,5077.035000,5071.175000,5075.735000,0
2026.02.10,09:33,5075.755000,5078.485000,5073.805000,5074.435000,0
2026.02.10,09:34,5074.475000,5076.825000,5072.375000,5074.635000,0
2026.02.10,09:35,5075.145000,5075.865000,5069.145000,5069.705000,0
2026.02.10,09:36,5069.735000,5071.685000,5062.758000,5064.888000,0
2026.02.10,09:37,5064.888000,5065.095000,5061.695000,5061.855000,0
2026.02.10,09:38,5062.085000,5062.105000,5058.425000,5060.105000,0
2026.02.10,09:39,5060.165000,5065.155000,5058.935000,5062.065000,0
2026.02.10,09:40,5062.095000,5063.815000,5059.895000,5061.665000,0
2026.02.10,09:41,5061.525000,5061.525000,5054.565000,5057.405000,0
2026.02.10,09:42,5057.405000,5058.205000,5053.585000,5054.945000,0
2026.02.10,09:43,5054.935000,5056.735000,5053.545000,5054.215000,0
2026.02.10,09:44,5054.265000,5057.425000,5053.145000,5055.505000,0
2026.02.10,09:45,5055.525000,5055.935000,5041.825000,5043.825000,0
2026.02.10,09:46,5043.835000,5045.685000,5041.565000,5043.685000,0
2026.02.10,09:47,5043.695000,5046.405000,5033.715000,5033.715000,0
2026.02.10,09:48,5033.615000,5033.615000,5023.245000,5023.245000,0
2026.02.10,09:49,5023.035000,5034.390000,5020.225000,5030.175000,0
2026.02.10,09:50,5030.215000,5035.425000,5029.225000,5035.425000,0
2026.02.10,09:51,5035.405000,5036.208000,5032.075000,5036.098000,0
2026.02.10,09:52,5036.118000,5039.718000,5033.758000,5039.365000,0
2026.02.10,09:53,5039.415000,5039.708000,5035.385000,5035.725000,0
2026.02.10,09:54,5035.705000,5040.355000,5035.305000,5040.355000,0
2026.02.10,09:55,5040.375000,5044.635000,5038.325000,5044.155000,0
2026.02.10,09:56,5044.175000,5045.485000,5042.965000,5044.015000,0
2026.02.10,09:57,5043.965000,5044.955000,5039.525000,5041.475000,0
2026.02.10,09:58,5042.055000,5043.005000,5039.665000,5039.665000,0
2026.02.10,09:59,5040.025000,5040.595000,5037.645000,5039.295000,0
2026.02.10,10:00,5038.988000,5038.988000,5031.595000,5032.145000,0
2026.02.10,10:01,5032.055000,5036.035000,5030.275000,5035.925000,0
2026.02.10,10:02,5035.965000,5036.205000,5028.388000,5032.515000,0
2026.02.10,10:03,5032.575000,5034.185000,5030.075000,5034.155000,0
2026.02.10,10:04,5034.085000,5035.455000,5029.138000,5034.588000,0
2026.02.10,10:05,5034.595000,5036.708000,5033.198000,5035.395000,0
2026.02.10,10:06,5035.575000,5042.575000,5034.035000,5042.145000,0
2026.02.10,10:07,5042.125000,5042.555000,5034.755000,5035.745000,0
2026.02.10,10:08,5035.848000,5039.335000,5034.925000,5037.145000,0
2026.02.10,10:09,5037.125000,5041.755000,5034.435000,5041.755000,0
2026.02.10,10:10,5041.645000,5041.665000,5036.535000,5038.855000,0
2026.02.10,10:11,5038.875000,5043.185000,5038.875000,5040.358000,0
2026.02.10,10:12,5040.358000,5041.745000,5038.245000,5040.515000,0
2026.02.10,10:13,5040.565000,5043.505000,5039.515000,5039.735000,0
2026.02.10,10:14,5039.725000,5042.735000,5039.505000,5042.125000,0
2026.02.10,10:15,5042.075000,5042.625000,5035.528000,5037.325000,0
2026.02.10,10:16,5037.365000,5039.555000,5036.925000,5037.788000,0
2026.02.10,10:17,5037.808000,5039.735000,5036.555000,5038.785000,0
2026.02.10,10:18,5038.748000,5039.825000,5037.075000,5038.785000,0
2026.02.10,10:19,5038.845000,5041.775000,5038.845000,5041.105000,0
2026.02.10,10:20,5041.035000,5044.075000,5039.788000,5043.865000,0
2026.02.10,10:21,5043.835000,5046.205000,5042.575000,5042.685000,0
2026.02.10,10:22,5042.665000,5047.125000,5042.035000,5046.715000,0
2026.02.10,10:23,5046.685000,5047.865000,5044.885000,5046.395000,0
2026.02.10,10:24,5046.345000,5046.725000,5044.425000,5045.545000,0
2026.02.10,10:25,5045.365000,5046.815000,5041.508000,5042.545000,0
2026.02.10,10:26,5042.575000,5043.745000,5039.455000,5040.425000,0
2026.02.10,10:27,5040.355000,5042.905000,5039.965000,5040.445000,0
2026.02.10,10:28,5040.395000,5042.945000,5038.135000,5039.025000,0
2026.02.10,10:29,5039.005000,5040.535000,5032.005000,5032.045000,0
2026.02.10,10:30,5031.845000,5031.885000,5026.705000,5031.725000,0
2026.02.10,10:31,5031.785000,5037.105000,5031.585000,5034.675000,0
2026.02.10,10:32,5034.645000,5036.265000,5033.935000,5035.235000,0
2026.02.10,10:33,5035.255000,5036.745000,5029.415000,5029.715000,0
2026.02.10,10:34,5029.685000,5033.205000,5029.495000,5032.245000,0
2026.02.10,10:35,5032.295000,5032.295000,5029.295000,5030.015000,0
2026.02.10,10:36,5029.985000,5031.875000,5021.535000,5021.535000,0
2026.02.10,10:37,5021.515000,5023.405000,5009.485000,5009.995000,0
2026.02.10,10:38,5010.025000,5014.675000,4998.685000,5001.785000,0
2026.02.10,10:39,5001.805000,5008.485000,4999.955000,5007.615000,0
2026.02.10,10:40,5007.645000,5014.305000,5007.525000,5011.875000,0
2026.02.10,10:41,5011.805000,5016.675000,5011.805000,5016.525000,0
2026.02.10,10:42,5016.545000,5017.045000,5013.325000,5014.165000,0
2026.02.10,10:43,5014.815000,5019.775000,5013.965000,5018.275000,0
2026.02.10,10:44,5018.255000,5018.765000,5010.898000,5013.795000,0
2026.02.10,10:45,5013.815000,5017.225000,5012.125000,5016.295000,0
2026.02.10,10:46,5016.315000,5021.585000,5013.415000,5020.775000,0
2026.02.10,10:47,5020.795000,5023.105000,5020.145000,5020.635000,0
2026.02.10,10:48,5020.575000,5023.165000,5019.115000,5020.735000,0
2026.02.10,10:49,5020.805000,5027.775000,5020.505000,5025.615000,0
2026.02.10,10:50,5025.635000,5027.165000,5024.965000,5025.475000,0
2026.02.10,10:51,5025.505000,5026.965000,5022.215000,5022.505000,0
2026.02.10,10:52,5022.478000,5023.885000,5017.905000,5021.425000,0
2026.02.10,10:53,5021.465000,5022.995000,5019.515000,5022.415000,0
2026.02.10,10:54,5022.475000,5027.405000,5022.475000,5026.785000,0
2026.02.10,10:55,5026.745000,5029.405000,5024.095000,5025.265000,0
2026.02.10,10:56,5025.235000,5025.615000,5019.375000,5020.435000,0
2026.02.10,10:57,5020.395000,5024.075000,5020.395000,5022.755000,0
2026.02.10,10:58,5022.865000,5023.945000,5019.868000,5020.698000,0
2026.02.10,10:59,5020.685000,5023.385000,5015.748000,5019.028000,0
2026.02.10,11:00,5019.035000,5020.875000,5017.528000,5017.858000,0
2026.02.10,11:01,5017.918000,5017.988000,5013.995000,5015.415000,0
2026.02.10,11:02,5015.395000,5016.845000,5013.905000,5016.655000,0
2026.02.10,11:03,5016.635000,5016.765000,5013.085000,5016.475000,0
2026.02.10,11:04,5016.455000,5016.885000,5012.285000,5013.655000,0
2026.02.10,11:05,5013.615000,5013.615000,5010.975000,5011.955000,0
2026.02.10,11:06,5011.985000,5016.135000,5011.985000,5013.575000,0
2026.02.10,11:07,5013.665000,5016.095000,5006.315000,5009.095000,0
2026.02.10,11:08,5008.845000,5013.535000,5008.135000,5013.025000,0
2026.02.10,11:09,5013.045000,5016.328000,5013.045000,5013.465000,0
2026.02.10,11:10,5013.435000,5016.425000,5013.435000,5015.975000,0
2026.02.10,11:11,5016.015000,5016.395000,5014.495000,5016.105000,0
2026.02.10,11:12,5016.055000,5019.975000,5015.975000,5019.865000,0
2026.02.10,11:13,5019.885000,5022.625000,5019.855000,5022.255000,0
2026.02.10,11:14,5022.235000,5022.565000,5019.615000,5020.515000,0
2026.02.10,11:15,5020.485000,5022.265000,5015.995000,5022.065000,0
2026.02.10,11:16,5022.105000,5023.375000,5018.645000,5019.345000,0
2026.02.10,11:17,5019.365000,5023.525000,5019.335000,5023.395000,0
2026.02.10,11:18,5023.365000,5024.125000,5020.415000,5022.455000,0
2026.02.10,11:19,5022.725000,5023.485000,5017.425000,5017.805000,0
2026.02.10,11:20,5017.835000,5017.915000,5008.355000,5008.645000,0
2026.02.10,11:21,5008.615000,5014.245000,5008.455000,5013.545000,0
2026.02.10,11:22,5013.715000,5015.125000,5009.795000,5010.095000,0
2026.02.10,11:23,5010.145000,5012.395000,5009.875000,5012.195000,0
2026.02.10,11:24,5012.165000,5012.805000,5011.405000,5012.195000,0
2026.02.10,11:25,5012.245000,5012.355000,5005.495000,5011.835000,0
2026.02.10,11:26,5011.815000,5017.445000,5011.665000,5015.515000,0
2026.02.10,11:27,5015.475000,5016.875000,5013.205000,5014.295000,0
2026.02.10,11:28,5014.305000,5017.095000,5013.275000,5016.935000,0
2026.02.10,11:29,5016.835000,5017.145000,5009.255000,5009.965000,0
2026.02.10,11:30,5009.945000,5014.725000,5008.325000,5014.345000,0
2026.02.10,11:31,5014.365000,5016.705000,5012.755000,5015.215000,0
2026.02.10,11:32,5015.285000,5020.495000,5014.965000,5019.745000,0
2026.02.10,11:33,5019.725000,5020.585000,5018.325000,5018.785000,0
2026.02.10,11:34,5018.765000,5018.955000,5016.945000,5018.275000,0
2026.02.10,11:35,5018.295000,5020.615000,5018.205000,5019.255000,0
2026.02.10,11:36,5019.295000,5020.285000,5018.325000,5020.195000,0
2026.02.10,11:37,5020.255000,5023.435000,5020.255000,5021.965000,0
2026.02.10,11:38,5021.915000,5021.915000,5019.205000,5019.405000,0
2026.02.10,11:39,5019.375000,5019.775000,5017.565000,5019.025000,0
2026.02.10,11:40,5019.005000,5019.015000,5016.545000,5016.955000,0
2026.02.10,11:41,5016.985000,5017.735000,5014.745000,5015.415000,0
2026.02.10,11:42,5015.385000,5016.835000,5014.105000,5015.615000,0
2026.02.10,11:43,5015.565000,5017.815000,5015.295000,5016.495000,0
2026.02.10,11:44,5016.525000,5021.815000,5015.775000,5021.675000,0
2026.02.10,11:45,5022.015000,5025.545000,5021.955000,5024.825000,0
2026.02.10,11:46,5024.855000,5025.255000,5023.795000,5025.215000,0
2026.02.10,11:47,5025.235000,5026.215000,5023.655000,5024.145000,0
2026.02.10,11:48,5023.645000,5024.135000,5020.265000,5020.265000,0
2026.02.10,11:49,5020.235000,5021.885000,5017.225000,5017.495000,0
2026.02.10,11:50,5017.465000,5020.135000,5015.765000,5018.445000,0
2026.02.10,11:51,5018.595000,5019.745000,5015.665000,5017.655000,0
2026.02.10,11:52,5017.625000,5021.515000,5017.155000,5021.415000,0
2026.02.10,11:53,5021.435000,5022.865000,5021.265000,5022.565000,0
2026.02.10,11:54,5022.595000,5023.225000,5019.935000,5020.005000,0
2026.02.10,11:55,5019.955000,5021.735000,5019.035000,5020.395000,0
2026.02.10,11:56,5020.435000,5024.475000,5020.415000,5024.235000,0
2026.02.10,11:57,5024.215000,5024.235000,5022.435000,5022.555000,0
2026.02.10,11:58,5022.585000,5023.555000,5021.275000,5022.335000,0
2026.02.10,11:59,5022.305000,5023.655000,5022.265000,5023.645000,0
2026.02.10,12:00,5023.575000,5027.265000,5022.758000,5025.785000,0
2026.02.10,12:01,5025.765000,5026.395000,5023.185000,5023.355000,0
2026.02.10,12:02,5023.335000,5027.075000,5023.145000,5026.295000,0
2026.02.10,12:03,5026.285000,5027.155000,5025.435000,5025.545000,0
2026.02.10,12:04,5025.485000,5025.985000,5023.715000,5025.215000,0
2026.02.10,12:05,5025.275000,5026.805000,5024.425000,5025.805000,0
2026.02.10,12:06,5025.855000,5026.065000,5022.485000,5023.225000,0
2026.02.10,12:07,5023.159000,5023.775000,5021.505000,5022.615000,0
2026.02.10,12:08,5022.635000,5024.605000,5022.635000,5022.765000,0
2026.02.10,12:09,5022.745000,5023.055000,5020.385000,5022.455000,0
2026.02.10,12:10,5022.485000,5023.185000,5021.688000,5022.475000,0
2026.02.10,12:11,5022.525000,5022.885000,5021.438000,5022.155000,0
2026.02.10,12:12,5022.125000,5022.175000,5020.568000,5021.125000,0
2026.02.10,12:13,5021.105000,5025.805000,5020.775000,5025.665000,0
2026.02.10,12:14,5025.635000,5026.415000,5022.055000,5024.265000,0
2026.02.10,12:15,5024.235000,5028.995000,5024.165000,5028.765000,0
2026.02.10,12:16,5028.945000,5028.945000,5027.095000,5028.735000,0
2026.02.10,12:17,5028.715000,5033.205000,5028.525000,5031.675000,0
2026.02.10,12:18,5031.615000,5033.710000,5031.385000,5032.745000,0
2026.02.10,12:19,5032.775000,5033.385000,5030.645000,5032.685000,0
2026.02.10,12:20,5032.625000,5033.935000,5029.865000,5029.965000,0
2026.02.10,12:21,5029.995000,5032.785000,5029.545000,5031.615000,0
2026.02.10,12:22,5031.565000,5031.955000,5030.565000,5031.945000,0
2026.02.10,12:23,5031.825000,5032.645000,5031.615000,5032.445000,0
2026.02.10,12:24,5032.525000,5033.885000,5031.955000,5033.835000,0
2026.02.10,12:25,5033.865000,5034.865000,5032.575000,5034.735000,0
2026.02.10,12:26,5034.755000,5036.495000,5034.435000,5034.565000,0
2026.02.10,12:27,5034.485000,5036.455000,5033.815000,5036.365000,0
2026.02.10,12:28,5036.445000,5037.365000,5035.628000,5037.155000,0
2026.02.10,12:29,5037.105000,5038.898000,5035.455000,5036.335000,0
2026.02.10,12:30,5036.355000,5037.135000,5035.815000,5035.985000,0
2026.02.10,12:31,5036.025000,5036.025000,5034.345000,5035.965000,0
2026.02.10,12:32,5035.935000,5035.935000,5034.428000,5034.825000,0
2026.02.10,12:33,5034.818000,5034.848000,5033.638000,5034.585000,0
2026.02.10,12:34,5034.645000,5037.055000,5034.645000,5036.805000,0
2026.02.10,12:35,5036.765000,5036.815000,5033.545000,5033.555000,0
2026.02.10,12:36,5033.535000,5034.955000,5033.315000,5034.035000,0
2026.02.10,12:37,5034.105000,5036.265000,5033.625000,5034.745000,0
2026.02.10,12:38,5034.725000,5034.825000,5032.785000,5032.785000,0
2026.02.10,12:39,5032.825000,5034.235000,5032.095000,5033.705000,0
2026.02.10,12:40,5033.675000,5033.675000,5031.755000,5032.615000,0
2026.02.10,12:41,5032.645000,5033.785000,5032.455000,5033.665000,0
2026.02.10,12:42,5033.595000,5034.435000,5033.035000,5034.125000,0
2026.02.10,12:43,5034.095000,5039.045000,5034.095000,5039.035000,0
2026.02.10,12:44,5039.015000,5039.015000,5037.325000,5037.335000,0
2026.02.10,12:45,5037.375000,5039.875000,5035.675000,5035.858000,0
2026.02.10,12:46,5035.858000,5035.858000,5033.445000,5034.165000,0
2026.02.10,12:47,5034.225000,5034.225000,5033.045000,5034.068000,0
2026.02.10,12:48,5033.975000,5034.385000,5030.435000,5030.525000,0
2026.02.10,12:49,5030.505000,5031.305000,5028.905000,5029.585000,0
2026.02.10,12:50,5029.565000,5030.365000,5029.218000,5029.765000,0
2026.02.10,12:51,5029.725000,5030.505000,5029.708000,5030.155000,0
2026.02.10,12:52,5030.218000,5030.425000,5029.188000,5029.288000,0
2026.02.10,12:53,5029.288000,5030.385000,5027.968000,5028.745000,0
2026.02.10,12:54,5028.675000,5028.765000,5025.825000,5026.515000,0
2026.02.10,12:55,5026.545000,5027.595000,5024.755000,5026.035000,0
2026.02.10,12:56,5026.015000,5026.308000,5024.925000,5025.625000,0
2026.02.10,12:57,5025.475000,5026.855000,5025.115000,5026.515000,0
2026.02.10,12:58,5026.615000,5028.865000,5026.615000,5028.285000,0
2026.02.10,12:59,5027.835000,5027.835000,5025.875000,5025.915000,0
2026.02.10,13:00,5025.639000,5027.535000,5022.428000,5022.428000,0
2026.02.10,13:01,5022.145000,5026.975000,5021.765000,5026.555000,0
2026.02.10,13:02,5026.535000,5027.065000,5025.285000,5025.675000,0
2026.02.10,13:03,5025.535000,5025.865000,5022.955000,5023.885000,0
2026.02.10,13:04,5023.855000,5024.275000,5021.138000,5021.915000,0
2026.02.10,13:05,5021.935000,5021.955000,5018.525000,5018.545000,0
2026.02.10,13:06,5018.575000,5019.225000,5014.915000,5018.735000,0
2026.02.10,13:07,5018.765000,5021.455000,5017.145000,5021.315000,0
2026.02.10,13:08,5021.295000,5022.245000,5020.465000,5021.055000,0
2026.02.10,13:09,5020.965000,5020.985000,5019.308000,5020.605000,0
2026.02.10,13:10,5020.525000,5020.775000,5018.025000,5018.305000,0
2026.02.10,13:11,5018.275000,5018.275000,5014.748000,5017.778000,0
2026.02.10,13:12,5017.778000,5018.385000,5015.775000,5015.995000,0
2026.02.10,13:13,5016.025000,5017.455000,5013.378000,5014.048000,0
2026.02.10,13:14,5014.048000,5017.135000,5013.938000,5016.245000,0
2026.02.10,13:15,5016.205000,5018.285000,5015.665000,5016.288000,0
2026.02.10,13:16,5016.288000,5017.205000,5013.915000,5014.755000,0
2026.02.10,13:17,5014.775000,5014.985000,5012.025000,5012.165000,0
2026.02.10,13:18,5012.145000,5014.765000,5012.145000,5014.545000,0
2026.02.10,13:19,5014.525000,5015.705000,5010.805000,5011.368000,0
2026.02.10,13:20,5011.295000,5013.425000,5007.995000,5009.685000,0
2026.02.10,13:21,5009.615000,5011.775000,5008.085000,5009.115000,0
2026.02.10,13:22,5009.155000,5012.225000,5008.505000,5012.015000,0
2026.02.10,13:23,5011.995000,5013.405000,5010.265000,5010.375000,0
2026.02.10,13:24,5010.415000,5010.595000,5004.625000,5005.515000,0
2026.02.10,13:25,5005.565000,5008.695000,5004.625000,5008.405000,0
2026.02.10,13:26,5008.365000,5009.705000,5006.425000,5009.618000,0
2026.02.10,13:27,5009.605000,5009.875000,5004.558000,5004.885000,0
2026.02.10,13:28,5005.245000,5007.995000,5004.825000,5007.735000,0
2026.02.10,13:29,5007.715000,5010.855000,5005.475000,5008.055000,0
2026.02.10,13:30,5008.285000,5008.725000,5004.775000,5005.055000,0
2026.02.10,13:31,5005.035000,5013.038000,5004.955000,5010.895000,0
2026.02.10,13:32,5011.475000,5014.505000,5011.305000,5013.208000,0
2026.02.10,13:33,5013.198000,5013.285000,5007.535000,5007.535000,0
2026.02.10,13:34,5007.575000,5010.975000,5006.428000,5009.705000,0
2026.02.10,13:35,5009.745000,5013.365000,5009.675000,5011.415000,0
2026.02.10,13:36,5011.295000,5014.815000,5011.115000,5013.095000,0
2026.02.10,13:37,5013.075000,5014.255000,5010.925000,5013.445000,0
2026.02.10,13:38,5013.415000,5014.265000,5013.105000,5013.725000,0
2026.02.10,13:39,5013.755000,5014.475000,5012.935000,5013.585000,0
2026.02.10,13:40,5013.585000,5014.445000,5012.615000,5014.425000,0
2026.02.10,13:41,5014.375000,5014.645000,5010.658000,5011.265000,0
2026.02.10,13:42,5011.235000,5013.885000,5010.885000,5013.725000,0
2026.02.10,13:43,5013.695000,5014.135000,5013.075000,5014.035000,0
2026.02.10,13:44,5014.015000,5016.185000,5014.015000,5015.235000,0
2026.02.10,13:45,5015.205000,5016.915000,5014.435000,5015.455000,0
2026.02.10,13:46,5015.465000,5015.645000,5011.985000,5012.095000,0
2026.02.10,13:47,5012.065000,5013.975000,5010.505000,5013.375000,0
2026.02.10,13:48,5013.335000,5014.125000,5012.215000,5013.085000,0
2026.02.10,13:49,5013.035000,5013.565000,5011.525000,5011.635000,0
2026.02.10,13:50,5011.685000,5013.585000,5011.685000,5013.505000,0
2026.02.10,13:51,5013.465000,5013.465000,5009.105000,5010.625000,0
2026.02.10,13:52,5010.605000,5013.035000,5010.575000,5011.175000,0
2026.02.10,13:53,5011.205000,5012.985000,5010.935000,5011.385000,0
2026.02.10,13:54,5011.375000,5011.395000,5007.085000,5007.295000,0
2026.02.10,13:55,5007.345000,5011.845000,5006.635000,5011.485000,0
2026.02.10,13:56,5011.505000,5013.085000,5010.388000,5011.845000,0
2026.02.10,13:57,5011.875000,5013.125000,5010.915000,5012.965000,0
2026.02.10,13:58,5012.935000,5014.388000,5012.635000,5014.358000,0
2026.02.10,13:59,5014.388000,5014.438000,5012.715000,5012.755000,0
2026.02.10,14:00,5012.725000,5012.868000,5009.335000,5009.598000,0
2026.02.10,14:01,5009.598000,5009.995000,5008.585000,5008.975000,0
2026.02.10,14:02,5009.575000,5012.515000,5009.545000,5010.965000,0
2026.02.10,14:03,5010.995000,5011.875000,5010.585000,5011.875000,0
2026.02.10,14:04,5011.895000,5013.688000,5009.565000,5009.835000,0
2026.02.10,14:05,5009.815000,5011.525000,5009.815000,5011.255000,0
2026.02.10,14:06,5011.275000,5012.635000,5011.275000,5012.335000,0
2026.02.10,14:07,5012.325000,5013.215000,5011.465000,5011.525000,0
2026.02.10,14:08,5011.485000,5012.075000,5010.755000,5011.185000,0
2026.02.10,14:09,5011.235000,5012.415000,5010.865000,5011.175000,0
2026.02.10,14:10,5010.965000,5011.515000,5010.585000,5011.035000,0
2026.02.10,14:11,5011.015000,5012.185000,5009.685000,5012.045000,0
2026.02.10,14:12,5012.088000,5012.805000,5011.465000,5012.585000,0
2026.02.10,14:13,5012.578000,5012.618000,5010.785000,5011.125000,0
2026.02.10,14:14,5011.225000,5012.535000,5011.005000,5012.235000,0
2026.02.10,14:15,5012.298000,5013.685000,5012.098000,5012.715000,0
2026.02.10,14:16,5012.745000,5016.325000,5012.705000,5015.645000,0
2026.02.10,14:17,5015.605000,5015.695000,5013.815000,5014.945000,0
2026.02.10,14:18,5014.905000,5019.238000,5014.708000,5018.915000,0
2026.02.10,14:19,5018.865000,5019.065000,5017.895000,5018.465000,0
2026.02.10,14:20,5018.435000,5019.505000,5018.355000,5018.775000,0
2026.02.10,14:21,5018.705000,5019.805000,5018.415000,5018.925000,0
2026.02.10,14:22,5018.895000,5019.425000,5018.345000,5018.345000,0
2026.02.10,14:23,5018.395000,5018.725000,5017.965000,5018.308000,0
2026.02.10,14:24,5018.305000,5019.228000,5018.245000,5018.635000,0
2026.02.10,14:25,5018.665000,5021.028000,5018.665000,5019.345000,0
2026.02.10,14:26,5019.315000,5020.715000,5019.265000,5019.515000,0
2026.02.10,14:27,5019.565000,5019.598000,5018.088000,5018.555000,0
2026.02.10,14:28,5018.628000,5019.848000,5018.505000,5019.738000,0
2026.02.10,14:29,5019.738000,5021.535000,5019.698000,5020.805000,0
2026.02.10,14:30,5020.845000,5028.565000,5020.825000,5027.205000,0
2026.02.10,14:31,5027.245000,5029.285000,5026.585000,5029.105000,0
2026.02.10,14:32,5029.075000,5029.595000,5027.405000,5028.445000,0
2026.02.10,14:33,5028.425000,5029.835000,5025.655000,5025.805000,0
2026.02.10,14:34,5025.885000,5027.125000,5024.545000,5026.255000,0
2026.02.10,14:35,5026.195000,5026.855000,5024.645000,5025.995000,0
2026.02.10,14:36,5025.945000,5026.125000,5023.895000,5024.415000,0
2026.02.10,14:37,5024.445000,5028.955000,5024.425000,5028.705000,0
2026.02.10,14:38,5028.845000,5029.175000,5025.995000,5026.505000,0
2026.02.10,14:39,5026.535000,5027.505000,5026.195000,5026.325000,0
2026.02.10,14:40,5026.285000,5026.375000,5024.685000,5025.795000,0
2026.02.10,14:41,5025.745000,5026.355000,5024.805000,5026.235000,0
2026.02.10,14:42,5026.255000,5027.185000,5025.565000,5025.955000,0
2026.02.10,14:43,5025.985000,5026.205000,5024.548000,5025.095000,0
2026.02.10,14:44,5025.075000,5025.095000,5023.305000,5024.158000,0
2026.02.10,14:45,5024.168000,5026.688000,5024.168000,5026.595000,0
2026.02.10,14:46,5026.835000,5027.765000,5025.718000,5026.495000,0
2026.02.10,14:47,5026.465000,5026.465000,5025.555000,5026.215000,0
2026.02.10,14:48,5026.185000,5026.878000,5025.915000,5026.225000,0
2026.02.10,14:49,5026.195000,5027.065000,5026.038000,5026.555000,0
2026.02.10,14:50,5026.575000,5027.685000,5026.418000,5027.308000,0
2026.02.10,14:51,5027.595000,5027.895000,5025.858000,5027.885000,0
2026.02.10,14:52,5027.825000,5029.795000,5027.368000,5029.755000,0
2026.02.10,14:53,5029.705000,5029.995000,5028.155000,5028.768000,0
2026.02.10,14:54,5028.768000,5028.768000,5027.295000,5027.795000,0
2026.02.10,14:55,5027.815000,5028.025000,5026.395000,5026.775000,0
2026.02.10,14:56,5026.805000,5028.885000,5026.805000,5028.655000,0
2026.02.10,14:57,5028.695000,5029.335000,5028.255000,5028.305000,0
2026.02.10,14:58,5028.335000,5028.825000,5027.638000,5028.735000,0
2026.02.10,14:59,5028.755000,5028.905000,5027.605000,5027.685000,0
2026.02.10,15:00,5027.705000,5027.855000,5026.305000,5027.708000,0
2026.02.10,15:01,5027.708000,5029.085000,5027.708000,5029.015000,0
2026.02.10,15:02,5028.985000,5029.775000,5027.545000,5027.785000,0
2026.02.10,15:03,5027.815000,5028.135000,5025.435000,5026.095000,0
2026.02.10,15:04,5026.115000,5026.155000,5021.938000,5022.505000,0
2026.02.10,15:05,5022.525000,5024.145000,5022.408000,5023.048000,0
2026.02.10,15:06,5023.035000,5023.815000,5020.925000,5021.028000,0
2026.02.10,15:07,5021.038000,5022.265000,5020.125000,5022.265000,0
2026.02.10,15:08,5022.285000,5024.375000,5022.145000,5024.345000,0
2026.02.10,15:09,5024.325000,5024.665000,5023.405000,5024.535000,0
2026.02.10,15:10,5024.575000,5024.645000,5022.625000,5023.675000,0
2026.02.10,15:11,5023.705000,5024.885000,5023.125000,5024.885000,0
2026.02.10,15:12,5025.335000,5026.095000,5024.755000,5025.135000,0
2026.02.10,15:13,5025.145000,5026.155000,5025.145000,5025.815000,0
2026.02.10,15:14,5025.775000,5025.895000,5024.875000,5025.755000,0
2026.02.10,15:15,5025.805000,5026.115000,5023.645000,5024.435000,0
2026.02.10,15:16,5024.475000,5027.165000,5024.175000,5026.945000,0
2026.02.10,15:17,5026.925000,5028.295000,5026.715000,5027.828000,0
2026.02.10,15:18,5027.828000,5033.225000,5027.645000,5032.975000,0
2026.02.10,15:19,5032.995000,5033.675000,5032.575000,5032.985000,0
2026.02.10,15:20,5032.945000,5033.475000,5032.745000,5032.895000,0
2026.02.10,15:21,5032.855000,5033.135000,5032.365000,5032.755000,0
2026.02.10,15:22,5032.825000,5033.775000,5032.125000,5033.655000,0
2026.02.10,15:23,5033.595000,5033.645000,5029.605000,5029.885000,0
2026.02.10,15:24,5029.855000,5029.895000,5027.715000,5027.715000,0
2026.02.10,15:25,5027.685000,5028.715000,5027.025000,5027.848000,0
2026.02.10,15:26,5027.848000,5027.938000,5023.468000,5024.308000,0
2026.02.10,15:27,5024.308000,5025.098000,5023.075000,5025.098000,0
2026.02.10,15:28,5025.105000,5026.675000,5025.015000,5026.665000,0
2026.02.10,15:29,5026.675000,5028.265000,5026.575000,5027.975000,0
2026.02.10,15:30,5027.935000,5028.095000,5027.075000,5027.585000,0
2026.02.10,15:31,5027.635000,5029.555000,5027.595000,5028.985000,0
2026.02.10,15:32,5028.885000,5030.905000,5028.165000,5029.795000,0
2026.02.10,15:33,5029.835000,5029.985000,5029.205000,5029.805000,0
2026.02.10,15:34,5029.785000,5031.115000,5029.765000,5030.495000,0
2026.02.10,15:35,5030.465000,5030.545000,5029.298000,5029.655000,0
2026.02.10,15:36,5029.685000,5030.815000,5029.498000,5030.545000,0
2026.02.10,15:37,5030.565000,5031.045000,5030.105000,5030.105000,0
2026.02.10,15:38,5030.045000,5030.045000,5027.935000,5029.775000,0
2026.02.10,15:39,5029.805000,5031.115000,5028.235000,5028.855000,0
2026.02.10,15:40,5029.338000,5030.675000,5029.338000,5030.455000,0
2026.02.10,15:41,5030.425000,5033.525000,5030.425000,5032.975000,0
2026.02.10,15:42,5032.995000,5033.235000,5032.355000,5032.425000,0
2026.02.10,15:43,5032.485000,5034.315000,5032.445000,5032.585000,0
2026.02.10,15:44,5032.495000,5036.255000,5032.495000,5035.995000,0
2026.02.10,15:45,5035.955000,5036.898000,5035.895000,5036.098000,0
2026.02.10,15:46,5036.098000,5036.098000,5034.015000,5035.335000,0
2026.02.10,15:47,5035.305000,5035.895000,5034.918000,5034.918000,0
2026.02.10,15:48,5034.935000,5045.155000,5034.898000,5040.785000,0
2026.02.10,15:49,5040.475000,5040.475000,5034.145000,5035.505000,0
2026.02.10,15:50,5035.448000,5038.455000,5033.285000,5036.705000,0
2026.02.10,15:51,5036.685000,5036.985000,5033.545000,5035.105000,0
2026.02.10,15:52,5035.075000,5035.745000,5033.545000,5035.675000,0
2026.02.10,15:53,5035.165000,5035.265000,5031.965000,5034.975000,0
2026.02.10,15:54,5034.985000,5035.325000,5033.235000,5033.635000,0
2026.02.10,15:55,5033.675000,5036.655000,5030.845000,5031.795000,0
2026.02.10,15:56,5031.775000,5032.505000,5030.298000,5030.615000,0
2026.02.10,15:57,5030.685000,5031.405000,5028.185000,5028.535000,0
2026.02.10,15:58,5028.585000,5032.985000,5027.548000,5031.635000,0
2026.02.10,15:59,5031.675000,5032.925000,5029.898000,5029.898000,0
2026.02.10,16:00,5029.898000,5031.705000,5028.025000,5030.165000,0
2026.02.10,16:01,5030.145000,5032.365000,5029.765000,5031.765000,0
2026.02.10,16:02,5031.715000,5032.505000,5029.735000,5030.015000,0
2026.02.10,16:03,5030.065000,5030.235000,5026.338000,5026.365000,0
2026.02.10,16:04,5026.385000,5028.205000,5026.385000,5028.205000,0
2026.02.10,16:05,5028.175000,5028.235000,5026.845000,5027.705000,0
2026.02.10,16:06,5027.665000,5027.975000,5026.805000,5026.805000,0
2026.02.10,16:07,5026.835000,5028.455000,5026.825000,5027.155000,0
2026.02.10,16:08,5027.165000,5028.285000,5027.095000,5027.425000,0
2026.02.10,16:09,5027.385000,5027.675000,5026.345000,5026.345000,0
2026.02.10,16:10,5026.355000,5026.985000,5025.305000,5025.395000,0
2026.02.10,16:11,5025.455000,5026.955000,5025.455000,5026.815000,0
2026.02.10,16:12,5026.845000,5028.048000,5026.845000,5027.925000,0
2026.02.10,16:13,5027.915000,5029.475000,5027.765000,5028.705000,0
2026.02.10,16:14,5028.735000,5029.315000,5028.545000,5028.975000,0
2026.02.10,16:15,5028.935000,5029.435000,5028.295000,5029.095000,0
2026.02.10,16:16,5029.115000,5029.115000,5027.965000,5028.165000,0
2026.02.10,16:17,5028.145000,5028.495000,5027.785000,5028.365000,0
2026.02.10,16:18,5028.525000,5028.525000,5027.575000,5027.755000,0
2026.02.10,16:19,5027.755000,5028.395000,5027.645000,5027.735000,0
2026.02.10,16:20,5027.715000,5027.885000,5026.775000,5026.805000,0
2026.02.10,16:21,5026.825000,5027.965000,5026.755000,5027.285000,0
2026.02.10,16:22,5027.235000,5027.615000,5025.575000,5026.025000,0
2026.02.10,16:23,5026.005000,5026.655000,5025.905000,5026.615000,0
2026.02.10,16:24,5026.585000,5026.625000,5024.365000,5025.325000,0
2026.02.10,16:25,5025.295000,5025.315000,5022.945000,5023.325000,0
2026.02.10,16:26,5023.315000,5024.045000,5023.315000,5023.985000,0
2026.02.10,16:27,5023.955000,5023.985000,5022.985000,5023.755000,0
2026.02.10,16:28,5023.595000,5024.225000,5023.105000,5023.395000,0
2026.02.10,16:29,5023.385000,5025.815000,5022.915000,5025.815000,0
2026.02.10,16:30,5025.785000,5026.155000,5025.155000,5026.065000,0
2026.02.10,16:31,5026.155000,5027.885000,5026.035000,5027.875000,0
2026.02.10,16:32,5027.885000,5027.998000,5027.418000,5027.615000,0
2026.02.10,16:33,5027.635000,5027.825000,5025.435000,5025.745000,0
2026.02.10,16:34,5025.739000,5025.935000,5025.398000,5025.605000,0
2026.02.10,16:35,5025.625000,5026.405000,5025.625000,5026.355000,0
2026.02.10,16:36,5026.335000,5026.405000,5025.225000,5025.595000,0
2026.02.10,16:37,5025.615000,5025.925000,5025.195000,5025.215000,0
2026.02.10,16:38,5025.215000,5025.405000,5025.185000,5025.325000,0
2026.02.10,16:39,5025.345000,5025.498000,5023.965000,5024.448000,0
2026.02.10,16:40,5024.455000,5024.758000,5024.248000,5024.705000,0
2026.02.10,16:41,5024.699000,5024.699000,5022.765000,5023.775000,0
2026.02.10,16:42,5023.785000,5024.495000,5023.785000,5023.915000,0
2026.02.10,16:43,5023.935000,5026.095000,5023.915000,5025.225000,0
2026.02.10,16:44,5025.185000,5025.245000,5023.815000,5023.905000,0
2026.02.10,16:45,5023.905000,5024.998000,5023.395000,5023.535000,0
2026.02.10,16:46,5023.515000,5023.515000,5020.075000,5020.075000,0
2026.02.10,16:47,5020.045000,5021.445000,5020.045000,5021.165000,0
2026.02.10,16:48,5021.348000,5023.048000,5021.348000,5022.048000,0
2026.02.10,16:49,5022.048000,5023.348000,5021.948000,5023.045000,0
2026.02.10,16:50,5023.015000,5026.625000,5022.948000,5025.535000,0
2026.02.10,16:51,5025.498000,5026.255000,5025.498000,5026.255000,0
2026.02.10,16:52,5026.235000,5027.075000,5026.135000,5027.045000,0
2026.02.10,16:53,5027.035000,5027.055000,5025.725000,5026.445000,0
2026.02.10,16:54,5026.415000,5026.648000,5025.415000,5025.515000,0
2026.02.10,16:55,5025.515000,5025.948000,5025.448000,5025.555000,0
2026.02.10,16:56,5025.445000,5025.495000,5022.385000,5022.385000,0
2026.02.10,16:57,5022.335000,5022.698000,5021.575000,5022.598000,0
2026.02.10,16:58,5022.598000,5025.125000,5022.455000,5025.125000,0
2026.02.10,16:59,5025.145000,5025.435000,5024.378000,5024.378000,0
2026.02.10,18:00,5022.498000,5026.398000,5022.498000,5026.398000,0
2026.02.10,18:01,5026.298000,5035.848000,5026.298000,5031.898000,0
2026.02.10,18:02,5031.398000,5032.198000,5025.835000,5029.948000,0
2026.02.10,18:03,5029.948000,5036.348000,5027.965000,5031.748000,0
2026.02.10,18:04,5032.048000,5035.648000,5032.048000,5032.948000,0
2026.02.10,18:05,5033.048000,5034.698000,5032.148000,5032.805000,0
2026.02.10,18:06,5032.788000,5036.498000,5032.498000,5035.725000,0
2026.02.10,18:07,5035.695000,5035.695000,5028.398000,5029.798000,0
2026.02.10,18:08,5029.798000,5034.298000,5029.798000,5033.898000,0
2026.02.10,18:09,5033.898000,5034.598000,5033.098000,5033.298000,0
2026.02.10,18:10,5033.398000,5034.055000,5032.515000,5033.265000,0
2026.02.10,18:11,5033.275000,5033.885000,5032.585000,5033.025000,0
2026.02.10,18:12,5033.065000,5034.915000,5032.845000,5033.825000,0
2026.02.10,18:13,5033.825000,5034.465000,5033.665000,5033.705000,0
2026.02.10,18:14,5033.865000,5033.865000,5033.595000,5033.835000,0
2026.02.10,18:15,5033.875000,5039.665000,5033.695000,5039.625000,0
2026.02.10,18:16,5039.655000,5040.485000,5038.535000,5038.645000,0
2026.02.10,18:17,5038.655000,5040.425000,5037.725000,5039.735000,0
2026.02.10,18:18,5041.215000,5043.905000,5040.518000,5040.915000,0
2026.02.10,18:19,5040.915000,5044.015000,5040.688000,5043.815000,0
2026.02.10,18:20,5044.705000,5046.805000,5042.540000,5046.135000,0
2026.02.10,18:21,5045.955000,5049.085000,5043.688000,5047.395000,0
2026.02.10,18:22,5047.425000,5051.335000,5047.285000,5050.345000,0
2026.02.10,18:23,5050.365000,5054.435000,5048.765000,5053.575000,0
2026.02.10,18:24,5053.735000,5053.875000,5046.315000,5047.625000,0
2026.02.10,18:25,5047.665000,5048.235000,5045.085000,5046.745000,0
2026.02.10,18:26,5046.635000,5047.985000,5045.805000,5045.985000,0
2026.02.10,18:27,5046.165000,5046.415000,5044.405000,5046.415000,0
2026.02.10,18:28,5046.228000,5047.975000,5044.658000,5045.005000,0
2026.02.10,18:29,5044.775000,5046.775000,5043.358000,5046.235000,0
2026.02.10,18:30,5046.215000,5047.795000,5045.468000,5045.798000,0
2026.02.10,18:31,5045.798000,5045.798000,5042.725000,5044.725000,0
2026.02.10,18:32,5044.695000,5045.385000,5043.875000,5044.835000,0
2026.02.10,18:33,5044.695000,5044.895000,5042.488000,5042.815000,0
2026.02.10,18:34,5042.955000,5042.955000,5040.325000,5040.588000,0
2026.02.10,18:35,5040.488000,5042.485000,5039.518000,5039.885000,0
2026.02.10,18:36,5040.075000,5041.605000,5038.205000,5038.275000,0
2026.02.10,18:37,5038.245000,5040.545000,5038.098000,5039.115000,0
2026.02.10,18:38,5039.165000,5042.985000,5038.775000,5042.815000,0
2026.02.10,18:39,5042.845000,5044.765000,5041.705000,5043.055000,0
2026.02.10,18:40,5043.025000,5043.035000,5041.885000,5041.905000,0
2026.02.10,18:41,5041.885000,5042.005000,5041.295000,5041.935000,0
2026.02.10,18:42,5041.965000,5043.065000,5041.875000,5042.845000,0
2026.02.10,18:43,5041.905000,5042.825000,5041.775000,5042.285000,0
2026.02.10,18:44,5042.245000,5042.295000,5041.525000,5042.015000,0
2026.02.10,18:45,5041.955000,5044.625000,5041.955000,5044.595000,0
2026.02.10,18:46,5044.625000,5044.755000,5042.775000,5042.845000,0
2026.02.10,18:47,5042.815000,5047.075000,5042.605000,5046.755000,0
2026.02.10,18:48,5046.725000,5046.725000,5042.175000,5042.175000,0
2026.02.10,18:49,5042.465000,5042.465000,5040.715000,5040.775000,0
2026.02.10,18:50,5040.755000,5042.315000,5040.035000,5042.315000,0
2026.02.10,18:51,5042.295000,5042.365000,5041.325000,5041.515000,0
2026.02.10,18:52,5041.535000,5041.535000,5041.165000,5041.265000,0
2026.02.10,18:53,5041.285000,5041.425000,5038.898000,5040.585000,0
2026.02.10,18:54,5040.565000,5040.675000,5040.385000,5040.425000,0
2026.02.10,18:55,5040.405000,5040.405000,5038.525000,5038.985000,0
2026.02.10,18:56,5039.025000,5041.285000,5038.595000,5041.025000,0
2026.02.10,18:57,5041.055000,5041.195000,5040.118000,5040.355000,0
2026.02.10,18:58,5040.385000,5041.435000,5039.885000,5041.395000,0
2026.02.10,18:59,5041.345000,5042.165000,5040.635000,5041.575000,0
2026.02.10,19:00,5041.535000,5043.385000,5039.455000,5042.715000,0
2026.02.10,19:01,5042.725000,5042.925000,5040.525000,5042.285000,0
2026.02.10,19:02,5042.215000,5042.268000,5040.955000,5040.985000,0
2026.02.10,19:03,5041.025000,5041.045000,5039.345000,5040.135000,0
2026.02.10,19:04,5040.115000,5040.498000,5037.865000,5038.775000,0
2026.02.10,19:05,5038.788000,5039.395000,5037.548000,5038.445000,0
2026.02.10,19:06,5038.415000,5038.605000,5035.175000,5037.195000,0
2026.02.10,19:07,5037.245000,5040.325000,5036.815000,5039.795000,0
2026.02.10,19:08,5039.885000,5044.385000,5039.885000,5041.975000,0
2026.02.10,19:09,5042.075000,5042.125000,5039.005000,5039.255000,0
2026.02.10,19:10,5039.225000,5039.265000,5034.025000,5035.595000,0
2026.02.10,19:11,5035.598000,5035.725000,5030.608000,5034.505000,0
2026.02.10,19:12,5034.485000,5037.915000,5034.315000,5037.465000,0
2026.02.10,19:13,5037.495000,5041.445000,5037.405000,5037.845000,0
2026.02.10,19:14,5037.025000,5037.275000,5033.845000,5033.945000,0
2026.02.10,19:15,5033.935000,5033.955000,5029.715000,5033.125000,0
2026.02.10,19:16,5033.095000,5034.475000,5028.778000,5028.778000,0
2026.02.10,19:17,5028.985000,5033.735000,5027.755000,5033.735000,0
2026.02.10,19:18,5033.775000,5040.635000,5033.198000,5039.015000,0
2026.02.10,19:19,5039.295000,5039.635000,5035.805000,5038.795000,0
2026.02.10,19:20,5038.775000,5039.275000,5036.465000,5038.975000,0
2026.02.10,19:21,5038.935000,5039.015000,5036.478000,5036.578000,0
2026.02.10,19:22,5036.578000,5036.995000,5034.608000,5035.488000,0
2026.02.10,19:23,5035.488000,5036.115000,5032.468000,5036.045000,0
2026.02.10,19:24,5035.978000,5039.605000,5035.978000,5039.265000,0
2026.02.10,19:25,5039.155000,5039.155000,5036.745000,5037.735000,0
2026.02.10,19:26,5037.605000,5040.085000,5037.065000,5039.198000,0
2026.02.10,19:27,5039.198000,5039.485000,5036.625000,5038.155000,0
2026.02.10,19:28,5038.235000,5038.995000,5037.635000,5038.265000,0
2026.02.10,19:29,5038.118000,5039.868000,5038.025000,5039.395000,0
2026.02.10,19:30,5039.615000,5042.055000,5039.318000,5041.335000,0
2026.02.10,19:31,5041.415000,5045.215000,5041.248000,5042.565000,0
2026.02.10,19:32,5042.545000,5045.095000,5042.355000,5044.355000,0
2026.02.10,19:33,5044.325000,5045.485000,5042.795000,5045.455000,0
2026.02.10,19:34,5045.455000,5046.635000,5044.675000,5046.305000,0
2026.02.10,19:35,5046.325000,5046.685000,5044.465000,5046.145000,0
2026.02.10,19:36,5046.105000,5048.795000,5045.485000,5047.775000,0
2026.02.10,19:37,5047.745000,5049.225000,5047.075000,5047.995000,0
2026.02.10,19:38,5048.035000,5048.885000,5047.115000,5047.875000,0
2026.02.10,19:39,5047.895000,5048.125000,5044.535000,5044.945000,0
2026.02.10,19:40,5045.055000,5045.175000,5043.015000,5044.295000,0
2026.02.10,19:41,5044.305000,5044.398000,5043.365000,5044.098000,0
2026.02.10,19:42,5044.098000,5044.735000,5043.845000,5044.225000,0
2026.02.10,19:43,5044.205000,5047.165000,5044.098000,5044.098000,0
2026.02.10,19:44,5044.098000,5044.198000,5038.798000,5040.908000,0
2026.02.10,19:45,5040.948000,5041.938000,5039.128000,5039.718000,0
2026.02.10,19:46,5039.598000,5040.158000,5035.938000,5038.995000,0
2026.02.10,19:47,5038.975000,5041.508000,5037.298000,5039.425000,0
2026.02.10,19:48,5039.445000,5040.408000,5034.055000,5035.425000,0
2026.02.10,19:49,5035.415000,5035.598000,5034.398000,5035.298000,0
2026.02.10,19:50,5035.285000,5037.548000,5035.048000,5035.215000,0
2026.02.10,19:51,5035.325000,5036.925000,5034.125000,5036.895000,0
2026.02.10,19:52,5036.705000,5038.405000,5035.135000,5036.405000,0
2026.02.10,19:53,5036.415000,5038.605000,5036.115000,5038.155000,0
2026.02.10,19:54,5037.985000,5038.785000,5036.885000,5038.515000,0
2026.02.10,19:55,5038.545000,5038.845000,5037.185000,5037.205000,0
2026.02.10,19:56,5037.255000,5037.505000,5034.725000,5036.075000,0
2026.02.10,19:57,5035.688000,5036.945000,5035.575000,5036.665000,0
2026.02.10,19:58,5035.515000,5037.535000,5035.475000,5036.725000,0
2026.02.10,19:59,5036.705000,5038.655000,5035.845000,5037.535000,0
2026.02.10,20:00,5037.565000,5040.718000,5030.125000,5039.415000,0
2026.02.10,20:01,5040.035000,5044.785000,5036.485000,5044.445000,0
2026.02.10,20:02,5044.495000,5044.835000,5039.575000,5044.115000,0
2026.02.10,20:03,5044.095000,5046.255000,5043.645000,5044.355000,0
2026.02.10,20:04,5044.325000,5047.435000,5042.275000,5044.285000,0
2026.02.10,20:05,5044.105000,5044.535000,5040.205000,5040.205000,0
2026.02.10,20:06,5039.995000,5043.815000,5039.915000,5042.665000,0
2026.02.10,20:07,5042.485000,5044.545000,5037.605000,5039.585000,0
2026.02.10,20:08,5039.585000,5039.975000,5036.385000,5038.995000,0
2026.02.10,20:09,5038.995000,5041.925000,5036.345000,5041.605000,0
2026.02.10,20:10,5041.645000,5041.825000,5038.215000,5038.245000,0
2026.02.10,20:11,5038.255000,5039.655000,5037.355000,5038.915000,0
2026.02.10,20:12,5038.885000,5044.085000,5037.665000,5043.895000,0
2026.02.10,20:13,5043.745000,5046.525000,5043.605000,5044.535000,0
2026.02.10,20:14,5044.445000,5045.225000,5040.955000,5041.025000,0
2026.02.10,20:15,5040.995000,5045.165000,5040.965000,5043.995000,0
2026.02.10,20:16,5043.995000,5044.235000,5043.385000,5044.165000,0
2026.02.10,20:17,5044.195000,5044.195000,5038.905000,5039.055000,0
2026.02.10,20:18,5039.055000,5039.165000,5036.635000,5037.745000,0
2026.02.10,20:19,5037.715000,5039.375000,5037.585000,5037.765000,0
2026.02.10,20:20,5037.815000,5039.325000,5036.625000,5038.125000,0
2026.02.10,20:21,5038.105000,5038.465000,5036.185000,5036.605000,0
2026.02.10,20:22,5036.625000,5036.905000,5035.205000,5035.985000,0
2026.02.10,20:23,5036.155000,5038.835000,5036.125000,5038.815000,0
2026.02.10,20:24,5038.815000,5039.005000,5036.825000,5037.285000,0
2026.02.10,20:25,5037.295000,5037.355000,5035.455000,5035.655000,0
2026.02.10,20:26,5035.635000,5036.548000,5034.755000,5036.285000,0
2026.02.10,20:27,5036.255000,5036.255000,5034.825000,5035.205000,0
2026.02.10,20:28,5035.165000,5036.505000,5035.135000,5036.245000,0
2026.02.10,20:29,5036.255000,5038.635000,5036.245000,5037.405000,0
2026.02.10,20:30,5037.375000,5039.855000,5036.595000,5038.735000,0
2026.02.10,20:31,5038.675000,5038.675000,5036.265000,5036.365000,0
2026.02.10,20:32,5035.565000,5035.565000,5032.368000,5032.775000,0
2026.02.10,20:33,5032.735000,5039.575000,5032.678000,5039.275000,0
2026.02.10,20:34,5039.315000,5040.885000,5038.675000,5040.015000,0
2026.02.10,20:35,5040.025000,5041.495000,5039.978000,5041.495000,0
2026.02.10,20:36,5041.498000,5041.895000,5038.825000,5040.928000,0
2026.02.10,20:37,5040.955000,5041.305000,5039.578000,5040.268000,0
2026.02.10,20:38,5040.268000,5042.215000,5039.625000,5042.215000,0
2026.02.10,20:39,5042.258000,5042.408000,5040.728000,5041.495000,0
2026.02.10,20:40,5041.375000,5044.925000,5040.985000,5044.908000,0
2026.02.10,20:41,5044.898000,5044.898000,5043.705000,5044.455000,0
2026.02.10,20:42,5044.525000,5044.525000,5042.928000,5043.678000,0
2026.02.10,20:43,5043.678000,5044.748000,5043.168000,5044.238000,0
2026.02.10,20:44,5044.185000,5045.545000,5043.678000,5043.838000,0
2026.02.10,20:45,5043.838000,5046.275000,5043.695000,5045.085000,0
2026.02.10,20:46,5045.105000,5045.715000,5043.218000,5043.618000,0
2026.02.10,20:47,5043.475000,5043.748000,5041.475000,5041.905000,0
2026.02.10,20:48,5041.905000,5045.645000,5041.595000,5045.215000,0
2026.02.10,20:49,5045.185000,5048.745000,5044.265000,5048.505000,0
2026.02.10,20:50,5048.465000,5048.565000,5042.988000,5043.385000,0
2026.02.10,20:51,5043.435000,5043.455000,5040.775000,5041.685000,0
2026.02.10,20:52,5041.648000,5044.025000,5041.295000,5044.005000,0
2026.02.10,20:53,5043.965000,5049.505000,5043.965000,5046.685000,0
2026.02.10,20:54,5046.715000,5049.305000,5046.438000,5049.305000,0
2026.02.10,20:55,5049.285000,5050.135000,5047.135000,5049.725000,0
2026.02.10,20:56,5049.705000,5050.585000,5047.755000,5048.915000,0
2026.02.10,20:57,5048.915000,5051.275000,5048.915000,5050.775000,0
2026.02.10,20:58,5050.805000,5051.555000,5050.285000,5051.445000,0
2026.02.10,20:59,5051.445000,5052.928000,5051.305000,5052.245000,0
2026.02.10,21:00,5052.215000,5052.695000,5050.225000,5051.355000,0
2026.02.10,21:01,5051.445000,5056.525000,5050.698000,5050.698000,0
2026.02.10,21:02,5050.698000,5050.745000,5043.038000,5043.635000,0
2026.02.10,21:03,5043.675000,5047.235000,5043.555000,5046.525000,0
2026.02.10,21:04,5046.505000,5046.525000,5042.915000,5043.525000,0
2026.02.10,21:05,5043.495000,5045.125000,5043.375000,5044.038000,0
2026.02.10,21:06,5044.038000,5044.555000,5035.905000,5039.325000,0
2026.02.10,21:07,5039.335000,5039.745000,5037.605000,5039.105000,0
2026.02.10,21:08,5039.145000,5043.205000,5039.145000,5041.515000,0
2026.02.10,21:09,5041.495000,5042.385000,5040.375000,5040.575000,0
2026.02.10,21:10,5040.615000,5042.475000,5039.375000,5039.435000,0
2026.02.10,21:11,5039.415000,5039.605000,5037.925000,5039.325000,0
2026.02.10,21:12,5039.325000,5039.345000,5036.748000,5038.045000,0
2026.02.10,21:13,5038.005000,5038.185000,5035.798000,5035.995000,0
2026.02.10,21:14,5035.798000,5037.398000,5034.325000,5036.665000,0
2026.02.10,21:15,5036.665000,5036.665000,5032.255000,5034.675000,0
2026.02.10,21:16,5034.735000,5041.265000,5034.735000,5041.265000,0
2026.02.10,21:17,5041.265000,5042.615000,5041.265000,5042.105000,0
2026.02.10,21:18,5042.135000,5046.345000,5042.055000,5045.155000,0
2026.02.10,21:19,5045.175000,5045.205000,5042.905000,5043.835000,0
2026.02.10,21:20,5044.175000,5045.825000,5043.445000,5044.065000,0
2026.02.10,21:21,5043.955000,5045.145000,5043.215000,5044.445000,0
2026.02.10,21:22,5044.425000,5045.135000,5044.245000,5045.135000,0
2026.02.10,21:23,5045.165000,5046.035000,5044.715000,5045.025000,0
2026.02.10,21:24,5045.005000,5045.025000,5041.535000,5041.815000,0
2026.02.10,21:25,5041.845000,5042.235000,5040.615000,5042.015000,0
2026.02.10,21:26,5042.005000,5044.105000,5041.395000,5044.065000,0
2026.02.10,21:27,5044.045000,5044.285000,5042.395000,5042.475000,0
2026.02.10,21:28,5042.495000,5042.845000,5042.365000,5042.405000,0
2026.02.10,21:29,5042.675000,5042.735000,5041.695000,5041.855000,0
2026.02.10,21:30,5041.198000,5043.795000,5040.815000,5043.795000,0
2026.02.10,21:31,5043.835000,5044.585000,5042.595000,5042.795000,0
2026.02.10,21:32,5042.765000,5043.705000,5042.435000,5043.005000,0
2026.02.10,21:33,5043.025000,5046.425000,5043.025000,5044.455000,0
2026.02.10,21:34,5044.485000,5046.035000,5044.295000,5045.555000,0
2026.02.10,21:35,5045.585000,5046.845000,5045.095000,5045.265000,0
2026.02.10,21:36,5045.245000,5047.025000,5045.215000,5046.225000,0
2026.02.10,21:37,5046.288000,5047.225000,5046.185000,5046.875000,0
2026.02.10,21:38,5046.895000,5048.475000,5046.505000,5046.775000,0
2026.02.10,21:39,5046.905000,5048.325000,5046.555000,5047.975000,0
2026.02.10,21:40,5047.955000,5048.795000,5047.795000,5047.995000,0
2026.02.10,21:41,5048.035000,5049.115000,5047.935000,5048.815000,0
2026.02.10,21:42,5048.815000,5050.915000,5048.815000,5050.895000,0
2026.02.10,21:43,5050.925000,5052.095000,5050.565000,5051.765000,0
2026.02.10,21:44,5051.745000,5053.895000,5051.725000,5053.765000,0
2026.02.10,21:45,5053.765000,5054.225000,5053.075000,5053.355000,0
2026.02.10,21:46,5052.915000,5055.975000,5052.915000,5054.925000,0
2026.02.10,21:47,5054.945000,5055.085000,5052.555000,5054.055000,0
2026.02.10,21:48,5054.075000,5054.075000,5050.515000,5052.165000,0
2026.02.10,21:49,5052.165000,5053.195000,5050.855000,5052.955000,0
2026.02.10,21:50,5052.935000,5056.905000,5052.655000,5054.995000,0
2026.02.10,21:51,5055.035000,5055.935000,5054.885000,5055.745000,0
2026.02.10,21:52,5055.715000,5056.975000,5054.215000,5054.545000,0
2026.02.10,21:53,5054.575000,5055.815000,5054.455000,5054.845000,0
2026.02.10,21:54,5054.845000,5055.675000,5053.985000,5055.675000,0
2026.02.10,21:55,5055.705000,5057.535000,5055.425000,5055.535000,0
2026.02.10,21:56,5055.535000,5055.625000,5053.405000,5054.015000,0
2026.02.10,21:57,5054.065000,5054.385000,5052.215000,5053.805000,0
2026.02.10,21:58,5053.598000,5054.155000,5053.065000,5053.145000,0
2026.02.10,21:59,5053.145000,5055.465000,5052.785000,5055.465000,0
2026.02.10,22:00,5055.435000,5055.435000,5051.395000,5052.305000,0
2026.02.10,22:01,5052.285000,5053.365000,5051.615000,5052.555000,0
2026.02.10,22:02,5052.535000,5055.505000,5052.395000,5055.115000,0
2026.02.10,22:03,5055.135000,5055.965000,5053.595000,5053.695000,0
2026.02.10,22:04,5053.755000,5054.045000,5052.105000,5052.735000,0
2026.02.10,22:05,5052.755000,5052.835000,5050.265000,5051.105000,0
2026.02.10,22:06,5050.895000,5050.975000,5049.398000,5049.965000,0
2026.02.10,22:07,5049.845000,5051.445000,5048.885000,5050.245000,0
2026.02.10,22:08,5050.225000,5051.505000,5049.835000,5051.205000,0
2026.02.10,22:09,5051.275000,5053.175000,5050.915000,5052.995000,0
2026.02.10,22:10,5052.975000,5053.035000,5050.415000,5050.835000,0
2026.02.10,22:11,5050.865000,5052.455000,5050.645000,5051.855000,0
2026.02.10,22:12,5051.895000,5052.385000,5050.445000,5050.715000,0
2026.02.10,22:13,5050.685000,5051.965000,5049.725000,5050.585000,0
2026.02.10,22:14,5050.615000,5050.705000,5048.845000,5048.855000,0
2026.02.10,22:15,5048.905000,5049.555000,5046.745000,5047.675000,0
2026.02.10,22:16,5047.705000,5048.305000,5044.648000,5045.348000,0
2026.02.10,22:17,5045.405000,5049.375000,5044.508000,5048.325000,0
2026.02.10,22:18,5048.348000,5049.665000,5048.225000,5048.455000,0
2026.02.10,22:19,5048.425000,5049.475000,5048.285000,5049.315000,0
2026.02.10,22:20,5049.338000,5050.465000,5049.255000,5050.435000,0
2026.02.10,22:21,5050.645000,5052.485000,5050.645000,5051.845000,0
2026.02.10,22:22,5051.875000,5055.735000,5051.055000,5055.725000,0
2026.02.10,22:23,5055.755000,5057.755000,5055.425000,5057.155000,0
2026.02.10,22:24,5057.155000,5058.115000,5055.975000,5055.995000,0
2026.02.10,22:25,5056.015000,5056.795000,5053.595000,5056.285000,0
2026.02.10,22:26,5056.335000,5057.635000,5056.045000,5057.325000,0
2026.02.10,22:27,5057.325000,5057.655000,5055.935000,5057.655000,0
2026.02.10,22:28,5057.765000,5058.725000,5056.185000,5056.445000,0
2026.02.10,22:29,5056.485000,5056.805000,5055.505000,5056.715000,0
2026.02.10,22:30,5056.695000,5058.525000,5056.155000,5058.345000,0
2026.02.10,22:31,5058.375000,5059.735000,5058.015000,5059.675000,0
2026.02.10,22:32,5059.645000,5060.335000,5058.665000,5058.665000,0
2026.02.10,22:33,5058.715000,5058.805000,5056.115000,5056.205000,0
2026.02.10,22:34,5056.298000,5056.765000,5054.000000,5054.000000,0
2026.02.10,22:35,5054.000000,5056.045000,5053.405000,5055.145000,0
2026.02.10,22:36,5055.105000,5055.865000,5054.538000,5054.898000,0
2026.02.10,22:37,5054.898000,5055.835000,5054.898000,5055.045000,0
2026.02.10,22:38,5055.035000,5055.485000,5054.705000,5054.998000,0
2026.02.10,22:39,5055.005000,5055.865000,5054.798000,5054.875000,0
2026.02.10,22:40,5054.855000,5055.518000,5054.855000,5055.435000,0
2026.02.10,22:41,5055.415000,5058.275000,5055.415000,5057.455000,0
2026.02.10,22:42,5057.495000,5058.505000,5057.365000,5058.498000,0
2026.02.10,22:43,5058.398000,5058.398000,5055.785000,5056.215000,0
2026.02.10,22:44,5055.945000,5058.165000,5055.945000,5058.125000,0
2026.02.10,22:45,5058.298000,5058.985000,5057.505000,5057.585000,0
2026.02.10,22:46,5057.535000,5060.045000,5057.505000,5058.505000,0
2026.02.10,22:47,5058.535000,5060.425000,5058.475000,5060.255000,0
2026.02.10,22:48,5060.115000,5060.115000,5057.165000,5057.185000,0
2026.02.10,22:49,5057.155000,5058.595000,5057.095000,5057.765000,0
2026.02.10,22:50,5057.745000,5057.745000,5056.325000,5056.355000,0
2026.02.10,22:51,5056.365000,5056.635000,5055.985000,5056.005000,0
2026.02.10,22:52,5055.858000,5055.858000,5054.535000,5054.595000,0
2026.02.10,22:53,5054.575000,5055.798000,5054.508000,5054.635000,0
2026.02.10,22:54,5054.665000,5054.988000,5053.978000,5054.988000,0
2026.02.10,22:55,5054.988000,5055.155000,5053.648000,5055.025000,0
2026.02.10,22:56,5055.005000,5055.035000,5053.848000,5053.855000,0
2026.02.10,22:57,5053.948000,5053.974000,5052.785000,5053.745000,0
2026.02.10,22:58,5053.725000,5054.255000,5053.095000,5053.685000,0
2026.02.10,22:59,5053.675000,5054.135000,5053.675000,5054.055000,0
2026.02.10,23:00,5054.025000,5056.135000,5053.675000,5055.925000,0
2026.02.10,23:01,5055.945000,5058.175000,5055.285000,5057.215000,0
2026.02.10,23:02,5057.265000,5057.265000,5056.345000,5056.505000,0
2026.02.10,23:03,5056.395000,5056.565000,5055.495000,5055.955000,0
2026.02.10,23:04,5055.935000,5056.175000,5055.305000,5055.795000,0
2026.02.10,23:05,5055.755000,5056.385000,5055.655000,5055.875000,0
2026.02.10,23:06,5055.895000,5056.385000,5055.065000,5055.085000,0
2026.02.10,23:07,5055.115000,5056.115000,5054.478000,5055.465000,0
2026.02.10,23:08,5055.495000,5055.495000,5053.835000,5054.325000,0
2026.02.10,23:09,5054.295000,5054.595000,5053.395000,5054.545000,0
2026.02.10,23:10,5054.515000,5054.515000,5053.605000,5053.795000,0
2026.02.10,23:11,5053.625000,5054.545000,5052.845000,5054.095000,0
2026.02.10,23:12,5054.075000,5055.155000,5054.075000,5054.525000,0
2026.02.10,23:13,5054.495000,5054.815000,5053.765000,5053.915000,0
2026.02.10,23:14,5053.885000,5057.535000,5053.525000,5057.265000,0
2026.02.10,23:15,5057.285000,5058.425000,5057.285000,5058.085000,0
2026.02.10,23:16,5058.065000,5058.525000,5058.065000,5058.295000,0
2026.02.10,23:17,5058.535000,5058.955000,5056.615000,5057.065000,0
2026.02.10,23:18,5057.045000,5058.455000,5057.045000,5058.415000,0
2026.02.10,23:19,5058.435000,5058.995000,5057.345000,5058.805000,0
2026.02.10,23:20,5058.765000,5059.415000,5058.015000,5058.195000,0
2026.02.10,23:21,5058.205000,5058.765000,5057.925000,5058.125000,0
2026.02.10,23:22,5058.095000,5058.465000,5057.415000,5057.465000,0
2026.02.10,23:23,5057.445000,5057.625000,5056.835000,5057.305000,0
2026.02.10,23:24,5057.325000,5057.325000,5057.005000,5057.065000,0
2026.02.10,23:25,5057.085000,5057.225000,5056.265000,5056.875000,0
2026.02.10,23:26,5056.875000,5058.235000,5056.875000,5058.145000,0
2026.02.10,23:27,5058.115000,5058.125000,5057.235000,5058.035000,0
2026.02.10,23:28,5058.005000,5058.005000,5056.708000,5057.725000,0
2026.02.10,23:29,5057.675000,5058.295000,5057.245000,5058.185000,0
2026.02.10,23:30,5058.165000,5059.145000,5057.615000,5058.165000,0
2026.02.10,23:31,5058.185000,5058.485000,5057.885000,5057.945000,0
2026.02.10,23:32,5057.925000,5058.795000,5057.925000,5058.255000,0
2026.02.10,23:33,5058.235000,5058.235000,5056.785000,5057.115000,0
2026.02.10,23:34,5057.095000,5057.095000,5056.295000,5056.385000,0
2026.02.10,23:35,5056.405000,5057.885000,5056.405000,5057.885000,0
2026.02.10,23:36,5057.825000,5058.865000,5057.195000,5057.235000,0
2026.02.10,23:37,5057.145000,5057.525000,5056.975000,5057.515000,0
2026.02.10,23:38,5057.495000,5057.495000,5056.855000,5057.095000,0
2026.02.10,23:39,5057.075000,5057.205000,5055.115000,5055.335000,0
2026.02.10,23:40,5055.315000,5055.535000,5054.845000,5054.875000,0
2026.02.10,23:41,5054.785000,5054.815000,5052.965000,5053.285000,0
2026.02.10,23:42,5053.305000,5054.155000,5052.345000,5052.435000,0
2026.02.10,23:43,5052.395000,5052.795000,5051.455000,5052.555000,0
2026.02.10,23:44,5052.595000,5053.265000,5051.875000,5051.875000,0
2026.02.10,23:45,5051.855000,5054.215000,5051.775000,5053.635000,0
2026.02.10,23:46,5053.605000,5054.585000,5053.195000,5054.485000,0
2026.02.10,23:47,5054.515000,5055.795000,5051.455000,5052.195000,0
2026.02.10,23:48,5052.135000,5052.135000,5050.035000,5051.065000,0
2026.02.10,23:49,5051.095000,5051.205000,5050.065000,5050.205000,0
2026.02.10,23:50,5050.225000,5050.935000,5049.658000,5049.668000,0
2026.02.10,23:51,5049.595000,5050.325000,5048.105000,5048.468000,0
2026.02.10,23:52,5048.478000,5048.505000,5046.595000,5046.785000,0
2026.02.10,23:53,5046.535000,5046.995000,5045.538000,5046.548000,0
2026.02.10,23:54,5046.548000,5049.695000,5045.965000,5048.388000,0
2026.02.10,23:55,5048.388000,5048.695000,5048.188000,5048.335000,0
2026.02.10,23:56,5048.335000,5048.555000,5048.155000,5048.175000,0
2026.02.10,23:57,5048.195000,5048.555000,5047.885000,5047.915000,0
2026.02.10,23:58,5047.885000,5049.155000,5047.815000,5048.785000,0
2026.02.10,23:59,5048.755000,5049.095000,5045.665000,5045.985000,0
2026.02.11,00:00,5046.005000,5047.625000,5045.788000,5046.975000,0
2026.02.11,00:01,5046.628000,5047.258000,5044.475000,5045.208000,0
2026.02.11,00:02,5045.225000,5046.255000,5043.945000,5045.065000,0
2026.02.11,00:03,5045.095000,5046.765000,5044.598000,5045.835000,0
2026.02.11,00:04,5045.868000,5046.675000,5045.815000,5046.335000,0
2026.02.11,00:05,5046.545000,5046.615000,5043.285000,5044.505000,0
2026.02.11,00:06,5044.485000,5045.485000,5044.485000,5045.315000,0
2026.02.11,00:07,5045.335000,5046.165000,5045.255000,5045.905000,0
2026.02.11,00:08,5045.935000,5047.765000,5045.598000,5045.855000,0
2026.02.11,00:09,5045.825000,5046.805000,5045.825000,5046.775000,0
2026.02.11,00:10,5046.745000,5047.725000,5046.425000,5047.725000,0
2026.02.11,00:11,5047.785000,5048.515000,5047.105000,5047.805000,0
2026.02.11,00:12,5047.815000,5049.035000,5047.155000,5048.785000,0
2026.02.11,00:13,5048.755000,5049.885000,5048.755000,5049.125000,0
2026.02.11,00:14,5049.095000,5049.095000,5047.885000,5047.935000,0
2026.02.11,00:15,5048.065000,5049.055000,5047.505000,5048.585000,0
2026.02.11,00:16,5048.595000,5048.915000,5046.535000,5047.055000,0
2026.02.11,00:17,5047.095000,5049.215000,5045.555000,5049.065000,0
2026.02.11,00:18,5049.075000,5049.125000,5047.865000,5048.035000,0
2026.02.11,00:19,5048.015000,5051.155000,5047.835000,5051.085000,0
2026.02.11,00:20,5051.045000,5051.755000,5050.905000,5050.915000,0
2026.02.11,00:21,5050.885000,5050.885000,5050.205000,5050.825000,0
2026.02.11,00:22,5050.855000,5050.935000,5050.125000,5050.685000,0
2026.02.11,00:23,5050.655000,5050.665000,5050.015000,5050.075000,0
2026.02.11,00:24,5050.025000,5050.055000,5048.745000,5048.955000,0
2026.02.11,00:25,5049.035000,5051.985000,5049.005000,5051.895000,0
2026.02.11,00:26,5051.975000,5053.365000,5051.585000,5051.605000,0
2026.02.11,00:27,5051.575000,5051.975000,5051.048000,5051.805000,0
2026.02.11,00:28,5051.745000,5053.275000,5051.245000,5053.185000,0
2026.02.11,00:29,5053.165000,5053.245000,5052.675000,5052.885000,0
2026.02.11,00:30,5052.915000,5055.375000,5052.345000,5055.125000,0
2026.02.11,00:31,5055.105000,5056.215000,5054.085000,5055.985000,0
2026.02.11,00:32,5055.975000,5056.295000,5054.705000,5055.135000,0
2026.02.11,00:33,5055.115000,5055.935000,5054.735000,5055.135000,0
2026.02.11,00:34,5055.085000,5057.615000,5054.745000,5057.275000,0
2026.02.11,00:35,5057.315000,5061.325000,5057.055000,5060.095000,0
2026.02.11,00:36,5060.125000,5060.555000,5059.365000,5060.335000,0
2026.02.11,00:37,5060.445000,5062.835000,5059.705000,5062.205000,0
2026.02.11,00:38,5062.225000,5062.735000,5061.115000,5061.155000,0
2026.02.11,00:39,5061.175000,5062.395000,5061.125000,5061.985000,0
2026.02.11,00:40,5062.025000,5062.475000,5061.995000,5062.385000,0
2026.02.11,00:41,5062.405000,5063.675000,5061.525000,5061.725000,0
2026.02.11,00:42,5061.705000,5063.425000,5060.965000,5063.075000,0
2026.02.11,00:43,5063.035000,5063.485000,5062.118000,5062.605000,0
2026.02.11,00:44,5062.585000,5063.345000,5061.815000,5062.065000,0
2026.02.11,00:45,5062.085000,5062.655000,5058.965000,5059.635000,0
2026.02.11,00:46,5059.705000,5061.635000,5058.835000,5058.935000,0
2026.02.11,00:47,5058.885000,5059.265000,5057.135000,5057.835000,0
2026.02.11,00:48,5057.795000,5057.885000,5055.885000,5056.715000,0
2026.02.11,00:49,5056.685000,5057.275000,5053.425000,5053.605000,0
2026.02.11,00:50,5053.775000,5053.795000,5050.255000,5050.465000,0
2026.02.11,00:51,5050.875000,5051.795000,5049.165000,5049.165000,0
2026.02.11,00:52,5049.195000,5049.885000,5046.975000,5049.115000,0
2026.02.11,00:53,5049.158000,5050.065000,5048.718000,5048.825000,0
2026.02.11,00:54,5048.795000,5049.785000,5046.835000,5046.995000,0
2026.02.11,00:55,5047.235000,5048.125000,5045.975000,5046.565000,0
2026.02.11,00:56,5046.235000,5048.935000,5046.235000,5048.465000,0
2026.02.11,00:57,5048.445000,5051.395000,5048.445000,5051.305000,0
2026.02.11,00:58,5051.315000,5052.425000,5051.165000,5052.295000,0
2026.02.11,00:59,5052.315000,5053.015000,5051.575000,5052.485000,0
2026.02.11,01:00,5052.515000,5053.735000,5051.845000,5053.685000,0
2026.02.11,01:01,5053.705000,5054.285000,5051.725000,5052.035000,0
2026.02.11,01:02,5052.015000,5052.475000,5050.925000,5050.925000,0
2026.02.11,01:03,5050.855000,5052.695000,5050.855000,5052.555000,0
2026.02.11,01:04,5052.445000,5052.445000,5050.185000,5050.315000,0
2026.02.11,01:05,5050.048000,5051.895000,5050.048000,5051.545000,0
2026.02.11,01:06,5051.475000,5051.585000,5049.145000,5049.205000,0
2026.02.11,01:07,5049.235000,5053.025000,5049.235000,5052.955000,0
2026.02.11,01:08,5052.975000,5056.405000,5052.368000,5055.935000,0
2026.02.11,01:09,5055.965000,5057.195000,5055.375000,5055.375000,0
2026.02.11,01:10,5055.355000,5055.355000,5052.805000,5054.065000,0
2026.02.11,01:11,5053.945000,5054.755000,5052.245000,5054.695000,0
2026.02.11,01:12,5054.645000,5055.425000,5054.215000,5055.325000,0
2026.02.11,01:13,5055.255000,5056.175000,5054.935000,5055.685000,0
2026.02.11,01:14,5055.685000,5056.025000,5053.915000,5054.245000,0
2026.02.11,01:15,5054.275000,5056.625000,5053.175000,5056.285000,0
2026.02.11,01:16,5056.125000,5057.415000,5055.855000,5057.415000,0
2026.02.11,01:17,5057.415000,5059.815000,5057.415000,5059.165000,0
2026.02.11,01:18,5059.195000,5061.255000,5058.255000,5060.365000,0
2026.02.11,01:19,5060.325000,5061.295000,5059.955000,5060.835000,0
2026.02.11,01:20,5060.835000,5061.325000,5058.525000,5058.525000,0
2026.02.11,01:21,5058.505000,5059.095000,5056.755000,5058.795000,0
2026.02.11,01:22,5058.825000,5059.145000,5056.135000,5056.305000,0
2026.02.11,01:23,5056.255000,5056.945000,5055.245000,5056.475000,0
2026.02.11,01:24,5056.505000,5057.195000,5055.965000,5056.465000,0
2026.02.11,01:25,5056.495000,5056.885000,5055.175000,5056.425000,0
2026.02.11,01:26,5056.455000,5056.555000,5054.555000,5056.225000,0
2026.02.11,01:27,5056.205000,5057.755000,5055.775000,5057.255000,0
2026.02.11,01:28,5057.285000,5057.665000,5056.205000,5056.855000,0
2026.02.11,01:29,5056.825000,5056.935000,5055.955000,5056.245000,0
2026.02.11,01:30,5056.285000,5056.305000,5054.435000,5054.815000,0
2026.02.11,01:31,5054.785000,5058.725000,5053.815000,5058.335000,0
2026.02.11,01:32,5058.365000,5058.645000,5057.425000,5057.575000,0
2026.02.11,01:33,5057.545000,5057.545000,5056.705000,5057.185000,0
2026.02.11,01:34,5057.155000,5057.425000,5056.235000,5056.765000,0
2026.02.11,01:35,5056.795000,5057.405000,5055.105000,5057.325000,0
2026.02.11,01:36,5057.275000,5058.995000,5057.185000,5058.455000,0
2026.02.11,01:37,5058.425000,5058.425000,5056.308000,5056.885000,0
2026.02.11,01:38,5056.865000,5057.265000,5055.715000,5057.145000,0
2026.02.11,01:39,5057.105000,5057.985000,5053.318000,5053.318000,0
2026.02.11,01:40,5053.265000,5059.105000,5053.165000,5058.595000,0
2026.02.11,01:41,5059.368000,5060.165000,5057.705000,5058.705000,0
2026.02.11,01:42,5058.665000,5058.825000,5056.875000,5057.145000,0
2026.02.11,01:43,5057.105000,5058.495000,5054.995000,5055.025000,0
2026.02.11,01:44,5054.995000,5057.045000,5053.595000,5053.625000,0
2026.02.11,01:45,5053.655000,5054.195000,5051.775000,5053.385000,0
2026.02.11,01:46,5053.355000,5055.335000,5052.655000,5055.275000,0
2026.02.11,01:47,5055.235000,5056.925000,5054.515000,5056.555000,0
2026.02.11,01:48,5056.585000,5056.805000,5054.705000,5055.265000,0
2026.02.11,01:49,5055.903000,5060.205000,5055.903000,5058.285000,0
2026.02.11,01:50,5058.265000,5058.635000,5057.635000,5058.535000,0
2026.02.11,01:51,5058.545000,5060.305000,5058.415000,5060.095000,0
2026.02.11,01:52,5060.055000,5062.595000,5059.715000,5061.605000,0
2026.02.11,01:53,5061.635000,5061.955000,5058.595000,5059.955000,0
2026.02.11,01:54,5059.985000,5060.685000,5057.635000,5060.085000,0
2026.02.11,01:55,5060.115000,5060.975000,5058.495000,5059.985000,0
2026.02.11,01:56,5060.005000,5061.505000,5059.705000,5059.785000,0
2026.02.11,01:57,5059.845000,5060.145000,5058.935000,5060.075000,0
2026.02.11,01:58,5060.005000,5062.105000,5059.405000,5061.915000,0
2026.02.11,01:59,5061.925000,5064.295000,5061.475000,5063.865000,0
2026.02.11,02:00,5063.905000,5065.085000,5062.895000,5064.465000,0
2026.02.11,02:01,5064.445000,5065.345000,5062.195000,5062.255000,0
2026.02.11,02:02,5062.225000,5062.225000,5059.955000,5061.005000,0
2026.02.11,02:03,5060.975000,5062.825000,5059.325000,5060.765000,0
2026.02.11,02:04,5061.015000,5063.335000,5060.608000,5063.115000,0
2026.02.11,02:05,5063.115000,5063.775000,5061.245000,5062.665000,0
2026.02.11,02:06,5062.635000,5062.825000,5061.128000,5061.285000,0
2026.02.11,02:07,5061.335000,5062.915000,5060.025000,5062.285000,0
2026.02.11,02:08,5062.785000,5065.815000,5062.505000,5065.195000,0
2026.02.11,02:09,5065.195000,5065.645000,5062.685000,5063.575000,0
2026.02.11,02:10,5063.595000,5066.155000,5063.555000,5065.875000,0
2026.02.11,02:11,5065.845000,5068.085000,5065.685000,5066.625000,0
2026.02.11,02:12,5066.645000,5069.125000,5065.235000,5066.735000,0
2026.02.11,02:13,5066.755000,5067.125000,5057.435000,5063.065000,0
2026.02.11,02:14,5063.485000,5064.885000,5057.115000,5059.055000,0
2026.02.11,02:15,5059.065000,5062.485000,5058.675000,5062.065000,0
2026.02.11,02:16,5062.015000,5065.855000,5061.315000,5063.975000,0
2026.02.11,02:17,5064.005000,5065.205000,5063.745000,5065.115000,0
2026.02.11,02:18,5065.085000,5065.145000,5061.135000,5061.335000,0
2026.02.11,02:19,5061.355000,5061.935000,5058.175000,5059.025000,0
2026.02.11,02:20,5058.925000,5063.305000,5058.855000,5063.285000,0
2026.02.11,02:21,5063.325000,5063.555000,5059.425000,5059.875000,0
2026.02.11,02:22,5060.115000,5060.895000,5056.725000,5056.885000,0
2026.02.11,02:23,5056.825000,5057.305000,5055.385000,5056.485000,0
2026.02.11,02:24,5056.435000,5056.915000,5054.235000,5056.035000,0
2026.02.11,02:25,5055.805000,5057.125000,5052.375000,5053.615000,0
2026.02.11,02:26,5053.595000,5056.035000,5052.545000,5053.505000,0
2026.02.11,02:27,5053.505000,5058.205000,5052.358000,5053.835000,0
2026.02.11,02:28,5053.845000,5058.255000,5053.845000,5057.745000,0
2026.02.11,02:29,5057.725000,5060.225000,5056.915000,5059.645000,0
2026.02.11,02:30,5059.695000,5060.665000,5057.355000,5060.605000,0
2026.02.11,02:31,5060.575000,5060.575000,5059.215000,5060.255000,0
2026.02.11,02:32,5060.315000,5060.565000,5057.625000,5058.658000,0
2026.02.11,02:33,5058.625000,5061.695000,5058.418000,5058.798000,0
2026.02.11,02:34,5058.868000,5060.545000,5055.748000,5057.605000,0
2026.02.11,02:35,5057.635000,5060.585000,5057.635000,5060.035000,0
2026.02.11,02:36,5060.005000,5060.945000,5059.835000,5060.125000,0
2026.02.11,02:37,5060.095000,5060.465000,5058.085000,5060.445000,0
2026.02.11,02:38,5060.425000,5060.425000,5057.765000,5058.235000,0
2026.02.11,02:39,5058.215000,5058.285000,5054.135000,5056.485000,0
2026.02.11,02:40,5056.535000,5057.195000,5055.178000,5055.568000,0
2026.02.11,02:41,5055.568000,5056.425000,5054.325000,5054.665000,0
2026.02.11,02:42,5054.845000,5056.565000,5052.635000,5055.875000,0
2026.02.11,02:43,5055.895000,5057.165000,5054.758000,5055.045000,0
2026.02.11,02:44,5055.115000,5055.595000,5054.275000,5054.285000,0
2026.02.11,02:45,5054.285000,5054.435000,5053.135000,5053.675000,0
2026.02.11,02:46,5053.635000,5054.695000,5053.105000,5053.105000,0
2026.02.11,02:47,5053.035000,5053.148000,5049.795000,5049.915000,0
2026.02.11,02:48,5049.865000,5052.275000,5048.475000,5051.025000,0
2026.02.11,02:49,5050.995000,5052.198000,5050.665000,5052.125000,0
2026.02.11,02:50,5052.135000,5053.485000,5052.005000,5052.275000,0
2026.02.11,02:51,5052.275000,5054.875000,5052.255000,5053.405000,0
2026.02.11,02:52,5053.425000,5055.335000,5052.845000,5055.165000,0
2026.02.11,02:53,5055.185000,5055.625000,5053.865000,5055.625000,0
2026.02.11,02:54,5055.605000,5055.675000,5054.215000,5054.515000,0
2026.02.11,02:55,5054.455000,5054.955000,5053.255000,5054.545000,0
2026.02.11,02:56,5054.545000,5055.165000,5054.525000,5054.975000,0
2026.02.11,02:57,5054.955000,5055.695000,5054.785000,5055.665000,0
2026.02.11,02:58,5055.645000,5055.695000,5053.935000,5054.565000,0
2026.02.11,02:59,5055.245000,5056.045000,5054.485000,5055.255000,0
2026.02.11,03:00,5054.735000,5059.705000,5054.495000,5057.835000,0
2026.02.11,03:01,5057.855000,5059.095000,5056.825000,5059.095000,0
2026.02.11,03:02,5059.095000,5059.655000,5058.265000,5059.255000,0
2026.02.11,03:03,5059.305000,5059.745000,5058.635000,5059.495000,0
2026.02.11,03:04,5059.465000,5060.215000,5058.515000,5058.645000,0
2026.02.11,03:05,5058.695000,5058.815000,5056.685000,5057.785000,0
2026.02.11,03:06,5057.745000,5058.035000,5055.295000,5056.115000,0
2026.02.11,03:07,5056.095000,5056.688000,5052.715000,5053.195000,0
2026.02.11,03:08,5053.175000,5053.895000,5053.025000,5053.308000,0
2026.02.11,03:09,5053.308000,5054.438000,5052.115000,5053.388000,0
2026.02.11,03:10,5053.405000,5054.505000,5052.688000,5052.875000,0
2026.02.11,03:11,5052.898000,5054.918000,5052.588000,5054.365000,0
2026.02.11,03:12,5054.345000,5055.975000,5054.268000,5055.885000,0
2026.02.11,03:13,5055.888000,5055.958000,5053.705000,5053.808000,0
2026.02.11,03:14,5053.808000,5053.808000,5051.408000,5051.418000,0
2026.02.11,03:15,5051.418000,5052.088000,5050.228000,5050.658000,0
2026.02.11,03:16,5050.648000,5052.495000,5050.125000,5051.165000,0
2026.02.11,03:17,5051.295000,5052.718000,5051.255000,5052.585000,0
2026.02.11,03:18,5052.565000,5052.565000,5050.768000,5051.328000,0
2026.02.11,03:19,5051.328000,5052.285000,5051.315000,5051.968000,0
2026.02.11,03:20,5051.958000,5052.385000,5051.055000,5051.618000,0
2026.02.11,03:21,5051.618000,5052.608000,5051.388000,5052.495000,0
2026.02.11,03:22,5052.455000,5055.118000,5052.245000,5054.145000,0
2026.02.11,03:23,5054.245000,5055.235000,5054.225000,5054.615000,0
2026.02.11,03:24,5054.635000,5054.885000,5053.565000,5053.975000,0
2026.02.11,03:25,5053.935000,5055.405000,5053.415000,5053.415000,0
2026.02.11,03:26,5053.155000,5054.125000,5052.905000,5053.005000,0
2026.02.11,03:27,5052.975000,5053.035000,5051.545000,5051.545000,0
2026.02.11,03:28,5051.595000,5053.295000,5050.455000,5053.185000,0
2026.02.11,03:29,5053.215000,5053.355000,5051.085000,5051.295000,0
2026.02.11,03:30,5051.275000,5051.458000,5049.105000,5049.805000,0
2026.02.11,03:31,5049.835000,5049.835000,5045.365000,5047.735000,0
2026.02.11,03:32,5047.795000,5048.965000,5046.615000,5047.855000,0
2026.02.11,03:33,5047.885000,5049.235000,5047.215000,5048.395000,0
2026.02.11,03:34,5048.425000,5049.325000,5047.055000,5047.425000,0
2026.02.11,03:35,5047.498000,5047.715000,5045.898000,5046.715000,0
2026.02.11,03:36,5046.695000,5049.005000,5046.355000,5048.965000,0
2026.02.11,03:37,5048.995000,5051.535000,5047.925000,5049.975000,0
2026.02.11,03:38,5049.955000,5051.705000,5048.315000,5048.695000,0
2026.02.11,03:39,5048.655000,5051.055000,5048.295000,5050.835000,0
2026.02.11,03:40,5050.855000,5051.785000,5050.705000,5051.515000,0
2026.02.11,03:41,5051.475000,5052.378000,5050.348000,5052.348000,0
2026.02.11,03:42,5052.378000,5053.275000,5050.855000,5051.095000,0
2026.02.11,03:43,5051.075000,5051.855000,5050.565000,5051.505000,0
2026.02.11,03:44,5051.525000,5053.085000,5051.525000,5052.098000,0
2026.02.11,03:45,5052.049000,5054.325000,5051.195000,5053.585000,0
2026.02.11,03:46,5053.665000,5053.955000,5052.515000,5053.295000,0
2026.02.11,03:47,5053.508000,5053.915000,5053.248000,5053.465000,0
2026.02.11,03:48,5053.495000,5053.705000,5052.825000,5052.835000,0
2026.02.11,03:49,5053.075000,5054.195000,5052.035000,5053.795000,0
2026.02.11,03:50,5053.825000,5054.668000,5053.405000,5054.195000,0
2026.02.11,03:51,5054.215000,5054.305000,5050.915000,5050.935000,0
2026.02.11,03:52,5050.905000,5051.725000,5050.375000,5051.725000,0
2026.02.11,03:53,5051.745000,5051.745000,5050.355000,5050.945000,0
2026.02.11,03:54,5051.495000,5053.115000,5050.838000,5053.015000,0
2026.02.11,03:55,5052.975000,5053.625000,5051.105000,5052.405000,0
2026.02.11,03:56,5052.775000,5053.635000,5052.705000,5053.395000,0
2026.02.11,03:57,5053.415000,5053.635000,5051.995000,5051.995000,0
2026.02.11,03:58,5051.975000,5053.515000,5051.945000,5053.355000,0
2026.02.11,03:59,5053.375000,5054.105000,5053.065000,5053.315000,0
2026.02.11,04:00,5053.295000,5055.565000,5053.295000,5053.895000,0
2026.02.11,04:01,5053.895000,5055.355000,5053.185000,5053.645000,0
2026.02.11,04:02,5053.705000,5054.345000,5053.248000,5053.825000,0
2026.02.11,04:03,5053.795000,5053.905000,5052.145000,5052.655000,0
2026.02.11,04:04,5052.655000,5053.615000,5052.585000,5052.665000,0
2026.02.11,04:05,5052.645000,5052.865000,5050.005000,5050.005000,0
2026.02.11,04:06,5050.005000,5050.065000,5046.755000,5046.968000,0
2026.02.11,04:07,5046.968000,5047.328000,5046.828000,5046.828000,0
2026.02.11,04:08,5046.828000,5049.805000,5046.828000,5049.805000,0
2026.02.11,04:09,5049.775000,5051.645000,5049.545000,5051.085000,0
2026.02.11,04:10,5051.065000,5053.915000,5050.355000,5052.855000,0
2026.02.11,04:11,5052.885000,5052.945000,5050.975000,5051.105000,0
2026.02.11,04:12,5051.145000,5051.885000,5051.105000,5051.565000,0
2026.02.11,04:13,5051.535000,5051.845000,5049.995000,5050.515000,0
2026.02.11,04:14,5050.518000,5051.868000,5050.498000,5051.255000,0
2026.02.11,04:15,5051.225000,5051.635000,5050.345000,5050.745000,0
2026.02.11,04:16,5050.765000,5050.885000,5049.785000,5050.675000,0
2026.02.11,04:17,5050.655000,5053.425000,5050.635000,5052.235000,0
2026.02.11,04:18,5052.255000,5052.935000,5051.735000,5052.895000,0
2026.02.11,04:19,5052.965000,5054.805000,5052.935000,5054.165000,0
2026.02.11,04:20,5054.195000,5054.195000,5052.315000,5052.585000,0
2026.02.11,04:21,5052.565000,5053.115000,5052.125000,5052.605000,0
2026.02.11,04:22,5052.575000,5053.595000,5052.315000,5052.335000,0
2026.02.11,04:23,5052.355000,5053.245000,5052.355000,5052.755000,0
2026.02.11,04:24,5052.695000,5052.695000,5051.235000,5052.118000,0
2026.02.11,04:25,5052.218000,5053.428000,5052.195000,5052.995000,0
2026.02.11,04:26,5052.995000,5054.125000,5052.175000,5052.248000,0
2026.02.11,04:27,5052.248000,5053.218000,5052.248000,5053.135000,0
2026.02.11,04:28,5053.115000,5053.115000,5052.178000,5052.505000,0
2026.02.11,04:29,5052.518000,5054.735000,5052.518000,5054.125000,0
2026.02.11,04:30,5054.155000,5055.535000,5053.315000,5055.155000,0
2026.02.11,04:31,5055.035000,5056.455000,5054.085000,5056.085000,0
2026.02.11,04:32,5056.115000,5057.875000,5056.055000,5057.455000,0
2026.02.11,04:33,5057.455000,5059.705000,5057.435000,5059.205000,0
2026.02.11,04:34,5059.235000,5059.878000,5057.355000,5057.485000,0
2026.02.11,04:35,5057.505000,5061.185000,5057.165000,5060.345000,0
2026.02.11,04:36,5060.285000,5060.865000,5058.435000,5058.835000,0
2026.02.11,04:37,5058.835000,5060.105000,5058.835000,5059.275000,0
2026.02.11,04:38,5059.305000,5059.645000,5057.995000,5058.705000,0
2026.02.11,04:39,5058.705000,5060.045000,5058.405000,5058.635000,0
2026.02.11,04:40,5058.595000,5059.665000,5058.515000,5059.115000,0
2026.02.11,04:41,5059.145000,5059.145000,5055.915000,5058.575000,0
2026.02.11,04:42,5058.625000,5058.995000,5057.825000,5058.435000,0
2026.02.11,04:43,5058.415000,5058.435000,5056.755000,5057.285000,0
2026.02.11,04:44,5057.305000,5065.715000,5057.095000,5064.305000,0
2026.02.11,04:45,5064.355000,5066.515000,5063.815000,5064.665000,0
2026.02.11,04:46,5065.195000,5070.115000,5064.525000,5069.035000,0
2026.02.11,04:47,5069.035000,5071.955000,5068.665000,5069.655000,0
2026.02.11,04:48,5069.685000,5069.745000,5067.488000,5068.775000,0
2026.02.11,04:49,5068.798000,5068.988000,5063.155000,5063.438000,0
2026.02.11,04:50,5063.488000,5063.638000,5062.255000,5062.695000,0
2026.02.11,04:51,5062.745000,5063.065000,5061.475000,5062.165000,0
2026.02.11,04:52,5062.145000,5062.915000,5061.305000,5062.655000,0
2026.02.11,04:53,5062.615000,5062.635000,5060.495000,5060.815000,0
2026.02.11,04:54,5060.728000,5062.415000,5060.285000,5061.005000,0
2026.02.11,04:55,5060.985000,5061.615000,5059.618000,5059.878000,0
2026.02.11,04:56,5059.885000,5062.955000,5059.705000,5062.415000,0
2026.02.11,04:57,5062.365000,5062.995000,5061.235000,5062.245000,0
2026.02.11,04:58,5062.295000,5063.148000,5062.168000,5062.385000,0
2026.02.11,04:59,5062.365000,5062.505000,5061.555000,5062.485000,0
2026.02.11,05:00,5062.545000,5065.615000,5062.095000,5065.615000,0
2026.02.11,05:01,5065.635000,5065.885000,5064.425000,5065.185000,0
2026.02.11,05:02,5065.215000,5065.565000,5063.898000,5064.275000,0
2026.02.11,05:03,5064.425000,5064.865000,5063.298000,5064.518000,0
2026.02.11,05:04,5064.525000,5064.585000,5064.165000,5064.218000,0
2026.02.11,05:05,5064.245000,5065.598000,5064.218000,5065.488000,0
2026.02.11,05:06,5065.498000,5066.448000,5064.525000,5064.708000,0
2026.02.11,05:07,5064.708000,5064.948000,5064.155000,5064.368000,0
2026.02.11,05:08,5064.428000,5065.498000,5064.155000,5064.818000,0
2026.02.11,05:09,5064.788000,5066.308000,5064.668000,5065.675000,0
2026.02.11,05:10,5065.738000,5066.558000,5065.615000,5065.615000,0
2026.02.11,05:11,5065.528000,5065.998000,5064.898000,5065.698000,0
2026.02.11,05:12,5065.698000,5069.298000,5065.398000,5069.065000,0
2026.02.11,05:13,5069.145000,5069.615000,5068.695000,5068.915000,0
2026.02.11,05:14,5068.875000,5069.415000,5067.965000,5068.635000,0
2026.02.11,05:15,5068.675000,5070.545000,5068.205000,5069.975000,0
2026.02.11,05:16,5070.593000,5072.635000,5069.855000,5070.715000,0
2026.02.11,05:17,5070.735000,5072.195000,5070.025000,5070.145000,0
2026.02.11,05:18,5070.115000,5073.615000,5069.245000,5070.475000,0
2026.02.11,05:19,5070.455000,5072.875000,5070.355000,5071.815000,0
2026.02.11,05:20,5071.835000,5072.955000,5071.655000,5072.635000,0
2026.02.11,05:21,5072.605000,5073.705000,5072.325000,5073.095000,0
2026.02.11,05:22,5073.205000,5074.475000,5072.535000,5073.025000,0
2026.02.11,05:23,5073.075000,5074.298000,5072.185000,5073.425000,0
2026.02.11,05:24,5073.455000,5076.138000,5073.298000,5075.269000,0
2026.02.11,05:25,5075.085000,5075.518000,5072.605000,5073.048000,0
2026.02.11,05:26,5072.928000,5073.658000,5071.518000,5071.985000,0
2026.02.11,05:27,5071.945000,5072.125000,5068.035000,5069.055000,0
2026.02.11,05:28,5069.025000,5071.338000,5069.025000,5069.465000,0
2026.02.11,05:29,5069.608000,5070.758000,5068.838000,5070.738000,0
2026.02.11,05:30,5070.655000,5072.715000,5068.095000,5072.385000,0
2026.02.11,05:31,5072.385000,5072.675000,5069.085000,5069.085000,0
2026.02.11,05:32,5069.115000,5071.425000,5068.045000,5071.315000,0
2026.02.11,05:33,5070.605000,5070.605000,5068.575000,5068.895000,0
2026.02.11,05:34,5068.895000,5069.165000,5068.135000,5069.065000,0
2026.02.11,05:35,5069.085000,5070.605000,5067.925000,5069.118000,0
2026.02.11,05:36,5069.118000,5072.535000,5069.108000,5072.535000,0
2026.02.11,05:37,5072.475000,5074.485000,5072.425000,5073.208000,0
2026.02.11,05:38,5073.208000,5073.378000,5070.368000,5070.955000,0
2026.02.11,05:39,5071.025000,5073.125000,5071.005000,5072.885000,0
2026.02.11,05:40,5072.905000,5082.135000,5072.758000,5081.833000,0
2026.02.11,05:41,5081.895000,5084.795000,5079.358000,5081.085000,0
2026.02.11,05:42,5081.435000,5082.558000,5079.230000,5081.755000,0
2026.02.11,05:43,5081.705000,5084.975000,5081.285000,5083.905000,0
2026.02.11,05:44,5083.895000,5099.991000,5083.045000,5099.498000,0
2026.02.11,05:45,5099.265000,5100.555000,5093.935000,5094.445000,0
2026.02.11,05:46,5094.405000,5098.485000,5090.848000,5096.205000,0
2026.02.11,05:47,5096.208000,5096.835000,5092.215000,5094.148000,0
2026.02.11,05:48,5094.188000,5099.415000,5093.415000,5099.155000,0
2026.02.11,05:49,5099.135000,5100.915000,5094.198000,5099.265000,0
2026.02.11,05:50,5099.185000,5099.675000,5096.135000,5097.225000,0
2026.02.11,05:51,5096.985000,5099.055000,5095.725000,5097.215000,0
2026.02.11,05:52,5097.235000,5097.455000,5091.935000,5092.385000,0
2026.02.11,05:53,5092.868000,5095.425000,5091.745000,5094.648000,0
2026.02.11,05:54,5094.685000,5095.108000,5093.338000,5093.995000,0
2026.02.11,05:55,5094.065000,5096.765000,5091.195000,5094.975000,0
2026.02.11,05:56,5095.005000,5096.485000,5093.865000,5094.455000,0
2026.02.11,05:57,5094.405000,5094.885000,5091.675000,5093.915000,0
2026.02.11,05:58,5093.985000,5094.325000,5091.525000,5092.655000,0
2026.02.11,05:59,5092.615000,5094.035000,5091.575000,5092.985000,0
2026.02.11,06:00,5093.015000,5095.755000,5092.735000,5093.065000,0
2026.02.11,06:01,5093.288000,5093.595000,5091.015000,5091.015000,0
2026.02.11,06:02,5090.445000,5091.065000,5090.000000,5090.000000,0
2026.02.11,06:03,5090.000000,5090.395000,5082.385000,5084.038000,0
2026.02.11,06:04,5084.058000,5086.065000,5082.358000,5085.695000,0
2026.02.11,06:05,5085.735000,5087.175000,5083.225000,5086.735000,0
2026.02.11,06:06,5086.765000,5091.605000,5086.528000,5090.745000,0
2026.02.11,06:07,5090.725000,5093.895000,5090.665000,5093.665000,0
2026.02.11,06:08,5093.725000,5095.325000,5093.215000,5094.115000,0
2026.02.11,06:09,5094.085000,5094.235000,5092.325000,5093.875000,0
2026.02.11,06:10,5093.905000,5093.975000,5093.445000,5093.645000,0
2026.02.11,06:11,5093.605000,5094.058000,5091.545000,5092.125000,0
2026.02.11,06:12,5091.965000,5092.355000,5088.405000,5089.565000,0
2026.02.11,06:13,5089.725000,5090.128000,5089.178000,5089.348000,0
2026.02.11,06:14,5089.305000,5090.118000,5089.088000,5089.468000,0
2026.02.11,06:15,5089.468000,5093.235000,5089.468000,5092.835000,0
2026.02.11,06:16,5092.845000,5094.665000,5092.845000,5094.168000,0
2026.02.11,06:17,5094.405000,5097.075000,5094.245000,5095.325000,0
2026.02.11,06:18,5095.385000,5096.775000,5094.385000,5095.315000,0
2026.02.11,06:19,5095.275000,5096.425000,5094.325000,5095.975000,0
2026.02.11,06:20,5096.065000,5096.955000,5095.165000,5096.765000,0
2026.02.11,06:21,5096.795000,5098.385000,5096.795000,5097.425000,0
2026.02.11,06:22,5097.395000,5102.185000,5097.395000,5101.875000,0
2026.02.11,06:23,5101.885000,5101.885000,5099.135000,5099.385000,0
2026.02.11,06:24,5099.355000,5099.355000,5095.588000,5097.155000,0
2026.02.11,06:25,5097.145000,5097.395000,5096.035000,5096.865000,0
2026.02.11,06:26,5096.885000,5097.405000,5096.395000,5097.155000,0
2026.02.11,06:27,5097.185000,5100.935000,5096.415000,5100.365000,0
2026.02.11,06:28,5100.345000,5106.875000,5099.885000,5106.875000,0
2026.02.11,06:29,5106.985000,5107.605000,5105.028000,5107.075000,0
2026.02.11,06:30,5107.105000,5107.615000,5103.338000,5104.328000,0
2026.02.11,06:31,5104.328000,5106.208000,5103.705000,5106.208000,0
2026.02.11,06:32,5106.288000,5106.288000,5100.728000,5100.885000,0
2026.02.11,06:33,5100.925000,5102.438000,5100.925000,5102.338000,0
2026.02.11,06:34,5102.245000,5103.105000,5100.398000,5103.055000,0
2026.02.11,06:35,5103.055000,5104.038000,5102.448000,5103.815000,0
2026.02.11,06:36,5103.815000,5104.568000,5103.468000,5104.075000,0
2026.02.11,06:37,5104.068000,5107.948000,5103.768000,5106.888000,0
2026.02.11,06:38,5106.918000,5106.948000,5104.238000,5104.238000,0
2026.02.11,06:39,5104.248000,5104.338000,5101.848000,5102.148000,0
2026.02.11,06:40,5102.148000,5103.628000,5102.148000,5103.088000,0
2026.02.11,06:41,5103.088000,5104.208000,5101.318000,5103.358000,0
2026.02.11,06:42,5103.498000,5106.315000,5102.738000,5106.305000,0
2026.02.11,06:43,5105.868000,5105.868000,5102.155000,5103.245000,0
2026.02.11,06:44,5103.425000,5109.938000,5103.425000,5108.285000,0
2026.02.11,06:45,5108.315000,5111.178000,5108.018000,5110.855000,0
2026.02.11,06:46,5110.865000,5112.455000,5108.995000,5111.475000,0
2026.02.11,06:47,5111.435000,5114.165000,5110.898000,5113.665000,0
2026.02.11,06:48,5113.705000,5114.055000,5111.795000,5112.548000,0
2026.02.11,06:49,5112.548000,5115.295000,5112.065000,5113.438000,0
2026.02.11,06:50,5113.438000,5114.078000,5111.675000,5112.898000,0
2026.02.11,06:51,5112.898000,5113.548000,5111.435000,5111.935000,0
2026.02.11,06:52,5111.965000,5114.458000,5111.338000,5114.458000,0
2026.02.11,06:53,5114.468000,5116.185000,5113.785000,5114.375000,0
2026.02.11,06:54,5114.345000,5114.895000,5112.135000,5112.745000,0
2026.02.11,06:55,5112.725000,5113.138000,5111.878000,5113.138000,0
2026.02.11,06:56,5113.028000,5113.745000,5108.888000,5109.585000,0
2026.02.11,06:57,5109.655000,5112.685000,5109.655000,5111.795000,0
2026.02.11,06:58,5111.845000,5112.515000,5110.795000,5111.135000,0
2026.02.11,06:59,5111.165000,5112.005000,5110.775000,5111.405000,0
2026.02.11,07:00,5112.065000,5118.815000,5111.595000,5114.055000,0
2026.02.11,07:01,5114.055000,5114.825000,5109.018000,5109.328000,0
2026.02.11,07:02,5109.388000,5109.985000,5107.205000,5107.875000,0
2026.02.11,07:03,5107.825000,5108.295000,5106.298000,5107.665000,0
2026.02.11,07:04,5107.685000,5108.725000,5104.125000,5104.835000,0
2026.02.11,07:05,5104.785000,5106.345000,5103.838000,5106.345000,0
2026.02.11,07:06,5106.305000,5106.335000,5100.000000,5101.275000,0
2026.02.11,07:07,5101.235000,5104.755000,5100.935000,5101.875000,0
2026.02.11,07:08,5101.585000,5102.255000,5100.898000,5101.855000,0
2026.02.11,07:09,5101.845000,5103.855000,5098.365000,5098.985000,0
2026.02.11,07:10,5098.955000,5103.088000,5098.935000,5101.298000,0
2026.02.11,07:11,5101.275000,5104.978000,5101.275000,5103.735000,0
2026.02.11,07:12,5103.715000,5103.815000,5101.838000,5103.155000,0
2026.02.11,07:13,5103.185000,5106.425000,5102.945000,5104.605000,0
2026.02.11,07:14,5104.625000,5106.035000,5104.518000,5105.785000,0
2026.02.11,07:15,5105.755000,5106.975000,5102.525000,5102.525000,0
2026.02.11,07:16,5102.555000,5103.075000,5099.668000,5099.975000,0
2026.02.11,07:17,5099.975000,5101.615000,5096.698000,5096.965000,0
2026.02.11,07:18,5096.825000,5097.715000,5091.938000,5091.938000,0
2026.02.11,07:19,5091.508000,5095.215000,5091.508000,5092.805000,0
2026.02.11,07:20,5092.825000,5094.245000,5086.028000,5090.315000,0
2026.02.11,07:21,5090.335000,5093.735000,5090.315000,5091.895000,0
2026.02.11,07:22,5091.915000,5092.895000,5091.755000,5092.815000,0
2026.02.11,07:23,5092.795000,5094.628000,5090.475000,5093.508000,0
2026.02.11,07:24,5093.595000,5097.275000,5093.535000,5096.215000,0
2026.02.11,07:25,5096.195000,5097.575000,5094.475000,5096.955000,0
2026.02.11,07:26,5097.015000,5098.555000,5096.175000,5097.265000,0
2026.02.11,07:27,5097.285000,5097.805000,5093.785000,5094.198000,0
2026.02.11,07:28,5094.198000,5094.698000,5091.918000,5092.535000,0
2026.02.11,07:29,5092.485000,5096.885000,5092.165000,5094.835000,0
2026.02.11,07:30,5094.785000,5098.395000,5093.795000,5094.335000,0
2026.02.11,07:31,5094.225000,5094.295000,5091.018000,5091.965000,0
2026.02.11,07:32,5092.145000,5092.315000,5087.945000,5087.955000,0
2026.02.11,07:33,5087.955000,5088.975000,5085.775000,5086.148000,0
2026.02.11,07:34,5086.148000,5086.538000,5082.708000,5084.345000,0
2026.02.11,07:35,5084.305000,5084.755000,5080.295000,5080.685000,0
2026.02.11,07:36,5080.735000,5084.065000,5079.685000,5083.435000,0
2026.02.11,07:37,5083.375000,5086.815000,5082.185000,5084.755000,0
2026.02.11,07:38,5084.685000,5085.215000,5082.618000,5084.568000,0
2026.02.11,07:39,5084.568000,5085.995000,5083.648000,5083.758000,0
2026.02.11,07:40,5083.658000,5083.658000,5080.358000,5081.068000,0
2026.02.11,07:41,5080.968000,5081.205000,5049.495000,5059.955000,0
2026.02.11,07:42,5059.305000,5063.765000,5054.805000,5061.775000,0
2026.02.11,07:43,5061.775000,5067.205000,5060.105000,5061.395000,0
2026.02.11,07:44,5061.135000,5068.745000,5058.175000,5068.385000,0
2026.02.11,07:45,5068.085000,5069.435000,5065.365000,5066.835000,0
2026.02.11,07:46,5066.855000,5071.605000,5065.505000,5069.715000,0
2026.02.11,07:47,5069.378000,5072.425000,5069.378000,5070.295000,0
2026.02.11,07:48,5070.275000,5075.055000,5068.455000,5074.195000,0
2026.02.11,07:49,5074.235000,5074.275000,5066.835000,5070.325000,0
2026.02.11,07:50,5070.305000,5075.545000,5069.745000,5075.055000,0
2026.02.11,07:51,5075.145000,5079.395000,5075.095000,5078.725000,0
2026.02.11,07:52,5078.695000,5079.455000,5075.945000,5076.725000,0
2026.02.11,07:53,5076.805000,5078.785000,5075.185000,5078.365000,0
2026.02.11,07:54,5078.315000,5079.265000,5076.098000,5078.245000,0
2026.02.11,07:55,5078.215000,5079.308000,5076.635000,5078.655000,0
2026.02.11,07:56,5078.655000,5080.005000,5078.165000,5078.298000,0
2026.02.11,07:57,5078.325000,5078.585000,5073.745000,5075.595000,0
2026.02.11,07:58,5075.575000,5080.335000,5075.435000,5080.195000,0
2026.02.11,07:59,5080.215000,5083.438000,5080.215000,5083.055000,0
2026.02.11,08:00,5083.025000,5086.055000,5079.025000,5084.235000,0
2026.02.11,08:01,5084.195000,5086.625000,5080.775000,5086.245000,0
2026.02.11,08:02,5086.245000,5087.445000,5082.515000,5086.395000,0
2026.02.11,08:03,5086.375000,5086.755000,5082.115000,5084.365000,0
2026.02.11,08:04,5084.405000,5084.405000,5078.375000,5081.505000,0
2026.02.11,08:05,5081.475000,5084.285000,5080.325000,5084.245000,0
2026.02.11,08:06,5084.265000,5085.245000,5082.045000,5083.155000,0
2026.02.11,08:07,5083.175000,5084.635000,5082.735000,5083.205000,0
2026.02.11,08:08,5083.225000,5084.585000,5080.805000,5082.035000,0
2026.02.11,08:09,5082.065000,5083.305000,5081.345000,5082.765000,0
2026.02.11,08:10,5082.805000,5082.955000,5079.095000,5079.425000,0
2026.02.11,08:11,5079.475000,5081.045000,5078.325000,5080.895000,0
2026.02.11,08:12,5080.915000,5081.355000,5075.925000,5077.675000,0
2026.02.11,08:13,5077.525000,5077.905000,5072.928000,5077.905000,0
2026.02.11,08:14,5077.925000,5082.705000,5077.925000,5082.085000,0
2026.02.11,08:15,5081.945000,5081.945000,5077.435000,5078.415000,0
2026.02.11,08:16,5078.395000,5078.605000,5071.598000,5074.095000,0
2026.02.11,08:17,5074.025000,5074.955000,5068.665000,5069.075000,0
2026.02.11,08:18,5069.145000,5070.875000,5063.545000,5066.455000,0
2026.02.11,08:19,5066.435000,5072.415000,5066.435000,5072.305000,0
2026.02.11,08:20,5072.915000,5080.125000,5072.905000,5078.085000,0
2026.02.11,08:21,5078.255000,5081.915000,5077.685000,5081.595000,0
2026.02.11,08:22,5081.625000,5084.135000,5081.625000,5083.515000,0
2026.02.11,08:23,5083.545000,5084.615000,5080.635000,5083.775000,0
2026.02.11,08:24,5083.498000,5084.695000,5081.155000,5083.815000,0
2026.02.11,08:25,5083.815000,5085.598000,5082.048000,5084.345000,0
2026.02.11,08:26,5084.375000,5088.348000,5084.215000,5085.965000,0
2026.02.11,08:27,5086.085000,5089.745000,5085.915000,5088.365000,0
2026.02.11,08:28,5088.125000,5088.595000,5083.465000,5084.295000,0
2026.02.11,08:29,5084.295000,5085.115000,5079.965000,5080.508000,0
2026.02.11,08:30,5080.508000,5085.768000,5018.000000,5022.245000,0
2026.02.11,08:31,5020.985000,5050.535000,5017.995000,5045.775000,0
2026.02.11,08:32,5045.965000,5051.205000,5039.525000,5049.148000,0
2026.02.11,08:33,5049.095000,5050.048000,5039.428000,5042.348000,0
2026.02.11,08:34,5042.468000,5050.345000,5042.468000,5049.375000,0
2026.02.11,08:35,5048.929000,5050.245000,5040.665000,5046.665000,0
2026.02.11,08:36,5046.865000,5047.885000,5040.365000,5047.295000,0
2026.02.11,08:37,5047.315000,5056.325000,5047.315000,5056.275000,0
2026.02.11,08:38,5056.485000,5058.335000,5048.385000,5049.005000,0
2026.02.11,08:39,5049.075000,5067.165000,5048.148000,5063.648000,0
2026.02.11,08:40,5063.648000,5065.105000,5058.388000,5060.485000,0
2026.02.11,08:41,5060.505000,5065.625000,5057.448000,5064.535000,0
2026.02.11,08:42,5064.685000,5064.985000,5055.005000,5055.745000,0
2026.02.11,08:43,5055.298000,5059.365000,5052.468000,5059.365000,0
2026.02.11,08:44,5059.365000,5060.995000,5053.755000,5059.775000,0
2026.02.11,08:45,5059.545000,5065.315000,5058.105000,5064.105000,0
2026.02.11,08:46,5064.065000,5065.615000,5058.745000,5058.745000,0
2026.02.11,08:47,5058.375000,5061.055000,5054.265000,5059.755000,0
2026.02.11,08:48,5059.505000,5064.405000,5058.165000,5063.935000,0
2026.02.11,08:49,5063.995000,5069.645000,5062.255000,5068.705000,0
2026.02.11,08:50,5068.655000,5068.655000,5063.448000,5065.055000,0
2026.02.11,08:51,5065.055000,5065.455000,5059.555000,5060.065000,0
2026.02.11,08:52,5060.035000,5063.615000,5058.465000,5063.195000,0
2026.02.11,08:53,5063.315000,5065.975000,5060.545000,5064.205000,0
2026.02.11,08:54,5064.185000,5069.235000,5062.825000,5066.515000,0
2026.02.11,08:55,5066.515000,5071.025000,5065.775000,5068.305000,0
2026.02.11,08:56,5068.265000,5069.745000,5065.895000,5066.345000,0
2026.02.11,08:57,5066.335000,5068.425000,5065.298000,5066.875000,0
2026.02.11,08:58,5066.855000,5072.885000,5064.918000,5069.315000,0
2026.02.11,08:59,5069.638000,5070.105000,5065.455000,5065.455000,0
2026.02.11,09:00,5065.495000,5066.235000,5061.565000,5063.475000,0
2026.02.11,09:01,5063.625000,5070.155000,5062.295000,5066.355000,0
2026.02.11,09:02,5066.355000,5066.555000,5064.145000,5064.225000,0
2026.02.11,09:03,5064.205000,5067.675000,5063.425000,5067.075000,0
2026.02.11,09:04,5067.075000,5074.798000,5067.075000,5074.195000,0
2026.02.11,09:05,5074.098000,5076.808000,5072.895000,5075.095000,0
2026.02.11,09:06,5075.425000,5076.455000,5073.885000,5075.765000,0
2026.02.11,09:07,5075.575000,5076.195000,5073.885000,5076.095000,0
2026.02.11,09:08,5076.095000,5076.898000,5075.165000,5076.455000,0
2026.02.11,09:09,5076.455000,5077.135000,5073.975000,5075.575000,0
2026.02.11,09:10,5075.605000,5076.265000,5074.838000,5075.535000,0
2026.02.11,09:11,5075.495000,5076.255000,5071.025000,5076.205000,0
2026.02.11,09:12,5076.225000,5076.225000,5073.875000,5074.075000,0
2026.02.11,09:13,5074.415000,5074.465000,5072.135000,5074.175000,0
2026.02.11,09:14,5074.225000,5076.035000,5071.985000,5073.685000,0
2026.02.11,09:15,5073.675000,5074.715000,5071.645000,5072.875000,0
2026.02.11,09:16,5072.795000,5083.008000,5072.475000,5079.958000,0
2026.02.11,09:17,5079.925000,5080.165000,5074.115000,5079.285000,0
2026.02.11,09:18,5079.285000,5080.115000,5077.395000,5079.845000,0
2026.02.11,09:19,5079.725000,5081.745000,5076.815000,5079.165000,0
2026.02.11,09:20,5079.195000,5081.185000,5077.925000,5079.165000,0
2026.02.11,09:21,5079.175000,5079.335000,5074.685000,5075.435000,0
2026.02.11,09:22,5075.435000,5075.695000,5072.515000,5075.005000,0
2026.02.11,09:23,5074.955000,5075.298000,5068.635000,5071.315000,0
2026.02.11,09:24,5071.275000,5072.445000,5066.995000,5070.185000,0
2026.02.11,09:25,5070.315000,5072.738000,5067.125000,5070.765000,0
2026.02.11,09:26,5070.755000,5071.775000,5068.088000,5070.795000,0
2026.02.11,09:27,5070.785000,5071.158000,5068.238000,5068.685000,0
2026.02.11,09:28,5068.795000,5069.975000,5067.385000,5069.445000,0
2026.02.11,09:29,5069.698000,5070.675000,5067.755000,5070.645000,0
2026.02.11,09:30,5070.685000,5075.565000,5067.555000,5070.395000,0
2026.02.11,09:31,5070.375000,5070.385000,5061.898000,5063.425000,0
2026.02.11,09:32,5063.335000,5069.525000,5060.235000,5069.155000,0
2026.02.11,09:33,5069.435000,5070.835000,5060.955000,5061.515000,0
2026.02.11,09:34,5061.385000,5070.545000,5060.745000,5069.315000,0
2026.02.11,09:35,5069.325000,5070.575000,5063.638000,5064.655000,0
2026.02.11,09:36,5064.635000,5069.495000,5059.175000,5060.105000,0
2026.02.11,09:37,5060.075000,5062.955000,5057.715000,5058.025000,0
2026.02.11,09:38,5058.005000,5058.065000,5049.445000,5051.305000,0
2026.02.11,09:39,5051.278000,5051.415000,5043.405000,5045.385000,0
2026.02.11,09:40,5045.555000,5048.755000,5043.565000,5044.515000,0
2026.02.11,09:41,5044.505000,5045.575000,5035.535000,5036.465000,0
2026.02.11,09:42,5036.515000,5040.765000,5036.485000,5038.295000,0
2026.02.11,09:43,5037.729000,5044.135000,5036.895000,5042.105000,0
2026.02.11,09:44,5042.055000,5044.025000,5037.025000,5042.385000,0
2026.02.11,09:45,5042.495000,5049.115000,5040.205000,5048.255000,0
2026.02.11,09:46,5048.205000,5049.205000,5043.425000,5045.525000,0
2026.02.11,09:47,5045.645000,5051.235000,5045.425000,5049.875000,0
2026.02.11,09:48,5049.895000,5050.425000,5045.088000,5049.695000,0
2026.02.11,09:49,5049.695000,5049.705000,5043.605000,5047.425000,0
2026.02.11,09:50,5047.355000,5049.775000,5044.855000,5047.705000,0
2026.02.11,09:51,5047.725000,5052.325000,5047.725000,5050.225000,0
2026.02.11,09:52,5050.205000,5053.125000,5048.298000,5052.955000,0
2026.02.11,09:53,5052.925000,5056.245000,5052.065000,5056.075000,0
2026.02.11,09:54,5056.015000,5059.065000,5055.755000,5058.945000,0
2026.02.11,09:55,5058.985000,5061.585000,5056.155000,5057.615000,0
2026.02.11,09:56,5057.645000,5063.505000,5056.035000,5062.955000,0
2026.02.11,09:57,5063.175000,5064.755000,5060.305000,5063.315000,0
2026.02.11,09:58,5063.245000,5065.175000,5060.475000,5061.365000,0
2026.02.11,09:59,5061.335000,5062.145000,5058.998000,5059.008000,0
2026.02.11,10:00,5059.008000,5061.275000,5054.005000,5057.495000,0
2026.02.11,10:01,5057.468000,5059.675000,5054.835000,5059.275000,0
2026.02.11,10:02,5059.155000,5059.725000,5053.365000,5057.495000,0
2026.02.11,10:03,5057.498000,5062.225000,5054.895000,5061.655000,0
2026.02.11,10:04,5061.605000,5066.285000,5059.515000,5064.505000,0
2026.02.11,10:05,5064.635000,5075.925000,5064.315000,5075.898000,0
2026.02.11,10:06,5075.898000,5075.998000,5072.298000,5075.295000,0
2026.02.11,10:07,5075.335000,5079.245000,5073.665000,5075.898000,0
2026.02.11,10:08,5075.865000,5079.895000,5075.255000,5077.075000,0
2026.02.11,10:09,5077.045000,5081.485000,5076.425000,5079.385000,0
2026.02.11,10:10,5079.305000,5080.725000,5075.925000,5080.438000,0
2026.02.11,10:11,5080.585000,5081.445000,5069.628000,5069.955000,0
2026.02.11,10:12,5069.955000,5074.325000,5067.165000,5072.695000,0
2026.02.11,10:13,5072.735000,5074.205000,5065.405000,5067.695000,0
2026.02.11,10:14,5067.695000,5068.225000,5065.488000,5066.735000,0
2026.02.11,10:15,5066.765000,5074.215000,5066.175000,5071.505000,0
2026.02.11,10:16,5071.585000,5073.045000,5063.995000,5065.605000,0
2026.02.11,10:17,5065.415000,5070.155000,5064.375000,5066.995000,0
2026.02.11,10:18,5066.995000,5066.995000,5060.965000,5065.945000,0
2026.02.11,10:19,5066.045000,5066.195000,5064.255000,5065.205000,0
2026.02.11,10:20,5065.255000,5066.375000,5062.155000,5063.865000,0
2026.02.11,10:21,5063.415000,5068.795000,5061.975000,5068.225000,0
2026.02.11,10:22,5068.185000,5070.625000,5067.525000,5069.098000,0
2026.02.11,10:23,5069.325000,5069.698000,5063.875000,5064.595000,0
2026.02.11,10:24,5064.615000,5065.015000,5046.568000,5049.458000,0
2026.02.11,10:25,5049.355000,5054.585000,5048.508000,5053.005000,0
2026.02.11,10:26,5053.115000,5055.585000,5046.785000,5046.905000,0
2026.02.11,10:27,5046.905000,5050.555000,5044.405000,5044.875000,0
2026.02.11,10:28,5044.865000,5051.765000,5043.195000,5047.785000,0
2026.02.11,10:29,5047.785000,5049.795000,5046.948000,5048.675000,0
2026.02.11,10:30,5048.485000,5049.785000,5046.385000,5048.825000,0
2026.02.11,10:31,5048.895000,5049.945000,5044.848000,5046.885000,0
2026.02.11,10:32,5046.865000,5050.015000,5043.975000,5049.365000,0
2026.02.11,10:33,5049.345000,5053.165000,5047.245000,5051.605000,0
2026.02.11,10:34,5051.565000,5053.785000,5049.005000,5053.315000,0
2026.02.11,10:35,5053.335000,5056.328000,5050.738000,5054.935000,0
2026.02.11,10:36,5055.785000,5057.195000,5053.988000,5053.998000,0
2026.02.11,10:37,5054.268000,5054.475000,5039.035000,5044.245000,0
2026.02.11,10:38,5043.965000,5044.075000,5039.265000,5039.985000,0
2026.02.11,10:39,5040.005000,5046.385000,5038.885000,5046.015000,0
2026.02.11,10:40,5046.015000,5047.785000,5043.695000,5047.045000,0
2026.02.11,10:41,5047.105000,5051.175000,5047.055000,5049.945000,0
2026.02.11,10:42,5049.875000,5051.825000,5047.159000,5050.345000,0
2026.02.11,10:43,5050.315000,5051.865000,5046.028000,5046.345000,0
2026.02.11,10:44,5046.375000,5050.515000,5045.455000,5048.155000,0
2026.02.11,10:45,5048.165000,5054.885000,5047.905000,5052.735000,0
2026.02.11,10:46,5052.735000,5055.065000,5052.155000,5053.175000,0
2026.02.11,10:47,5053.195000,5055.285000,5051.515000,5055.255000,0
2026.02.11,10:48,5055.275000,5055.905000,5048.005000,5048.935000,0
2026.02.11,10:49,5048.775000,5050.165000,5044.225000,5047.625000,0
2026.02.11,10:50,5047.665000,5049.775000,5045.185000,5049.065000,0
2026.02.11,10:51,5049.185000,5052.955000,5049.115000,5051.545000,0
2026.02.11,10:52,5051.475000,5059.885000,5051.405000,5057.975000,0
2026.02.11,10:53,5057.925000,5059.575000,5057.115000,5059.195000,0
2026.02.11,10:54,5059.058000,5060.555000,5058.805000,5059.855000,0
2026.02.11,10:55,5059.855000,5061.795000,5059.015000,5061.675000,0
2026.02.11,10:56,5061.635000,5062.185000,5058.755000,5059.445000,0
2026.02.11,10:57,5059.425000,5062.335000,5058.735000,5061.485000,0
2026.02.11,10:58,5061.415000,5062.825000,5059.195000,5059.405000,0
2026.02.11,10:59,5059.605000,5060.065000,5058.635000,5059.885000,0
2026.02.11,11:00,5059.515000,5059.515000,5056.965000,5058.715000,0
2026.02.11,11:01,5058.735000,5061.305000,5058.735000,5061.235000,0
2026.02.11,11:02,5061.225000,5063.488000,5056.458000,5056.655000,0
2026.02.11,11:03,5056.615000,5057.635000,5053.985000,5056.485000,0
2026.02.11,11:04,5056.455000,5059.955000,5054.035000,5056.635000,0
2026.02.11,11:05,5056.705000,5058.985000,5055.485000,5055.815000,0
2026.02.11,11:06,5055.875000,5058.225000,5052.615000,5056.745000,0
2026.02.11,11:07,5056.685000,5057.095000,5054.185000,5056.725000,0
2026.02.11,11:08,5056.775000,5058.645000,5055.225000,5055.965000,0
2026.02.11,11:09,5055.965000,5057.805000,5051.675000,5053.395000,0
2026.02.11,11:10,5053.415000,5056.275000,5053.098000,5055.105000,0
2026.02.11,11:11,5055.075000,5063.135000,5052.768000,5063.025000,0
2026.02.11,11:12,5063.135000,5064.215000,5060.105000,5060.295000,0
2026.02.11,11:13,5060.325000,5062.135000,5059.205000,5060.715000,0
2026.02.11,11:14,5060.685000,5060.725000,5054.535000,5055.895000,0
2026.02.11,11:15,5055.955000,5058.288000,5052.125000,5053.205000,0
2026.02.11,11:16,5052.715000,5054.505000,5048.235000,5049.445000,0
2026.02.11,11:17,5049.545000,5051.955000,5042.745000,5047.665000,0
2026.02.11,11:18,5047.615000,5053.985000,5047.615000,5053.855000,0
2026.02.11,11:19,5053.815000,5056.035000,5052.185000,5055.505000,0
2026.02.11,11:20,5055.615000,5056.415000,5052.498000,5055.615000,0
2026.02.11,11:21,5055.845000,5056.075000,5050.645000,5051.605000,0
2026.02.11,11:22,5051.585000,5056.185000,5050.995000,5055.755000,0
2026.02.11,11:23,5055.715000,5058.235000,5055.295000,5057.925000,0
2026.02.11,11:24,5057.955000,5060.105000,5056.888000,5057.595000,0
2026.02.11,11:25,5057.595000,5059.125000,5056.015000,5056.805000,0
2026.02.11,11:26,5056.845000,5059.525000,5056.845000,5058.305000,0
2026.02.11,11:27,5058.335000,5058.798000,5056.875000,5057.985000,0
2026.02.11,11:28,5057.965000,5060.605000,5057.505000,5059.145000,0
2026.02.11,11:29,5059.165000,5061.895000,5058.945000,5060.525000,0
2026.02.11,11:30,5060.875000,5067.785000,5055.825000,5067.185000,0
2026.02.11,11:31,5067.145000,5067.735000,5065.275000,5066.498000,0
2026.02.11,11:32,5066.498000,5070.265000,5065.685000,5068.955000,0
2026.02.11,11:33,5068.905000,5073.415000,5068.215000,5073.355000,0
2026.02.11,11:34,5072.845000,5075.398000,5072.198000,5074.565000,0
2026.02.11,11:35,5074.455000,5076.298000,5072.525000,5073.308000,0
2026.02.11,11:36,5073.308000,5074.945000,5070.478000,5071.025000,0
2026.02.11,11:37,5070.945000,5072.185000,5069.965000,5071.135000,0
2026.02.11,11:38,5071.155000,5074.415000,5070.045000,5073.135000,0
2026.02.11,11:39,5073.155000,5074.645000,5072.595000,5074.475000,0
2026.02.11,11:40,5074.505000,5076.305000,5074.465000,5075.965000,0
2026.02.11,11:41,5075.995000,5078.005000,5075.855000,5076.635000,0
2026.02.11,11:42,5076.655000,5077.845000,5076.115000,5076.535000,0
2026.02.11,11:43,5076.555000,5076.555000,5074.275000,5074.295000,0
2026.02.11,11:44,5074.275000,5074.705000,5073.365000,5073.698000,0
2026.02.11,11:45,5074.045000,5075.695000,5073.635000,5074.645000,0
2026.02.11,11:46,5074.635000,5075.755000,5073.675000,5075.755000,0
2026.02.11,11:47,5075.765000,5076.498000,5073.348000,5073.548000,0
2026.02.11,11:48,5073.548000,5074.348000,5071.185000,5071.248000,0
2026.02.11,11:49,5071.248000,5073.948000,5071.248000,5072.555000,0
2026.02.11,11:50,5072.548000,5073.848000,5071.298000,5071.525000,0
2026.02.11,11:51,5071.475000,5072.748000,5071.055000,5072.248000,0
2026.02.11,11:52,5072.248000,5074.245000,5071.375000,5074.148000,0
2026.02.11,11:53,5074.148000,5075.815000,5073.505000,5075.515000,0
2026.02.11,11:54,5075.665000,5075.795000,5072.645000,5073.158000,0
2026.02.11,11:55,5073.175000,5073.855000,5071.578000,5072.455000,0
2026.02.11,11:56,5072.485000,5072.875000,5071.338000,5072.558000,0
2026.02.11,11:57,5072.568000,5073.725000,5071.588000,5073.695000,0
2026.02.11,11:58,5073.728000,5073.888000,5072.758000,5073.888000,0
2026.02.11,11:59,5073.948000,5075.208000,5073.365000,5074.775000,0
2026.02.11,12:00,5074.748000,5077.048000,5074.225000,5076.035000,0
2026.02.11,12:01,5076.015000,5076.125000,5071.255000,5071.545000,0
2026.02.11,12:02,5071.545000,5071.715000,5067.815000,5070.098000,0
2026.02.11,12:03,5070.115000,5073.025000,5070.098000,5072.405000,0
2026.02.11,12:04,5072.325000,5074.785000,5072.098000,5072.835000,0
2026.02.11,12:05,5072.815000,5075.198000,5072.805000,5074.298000,0
2026.02.11,12:06,5074.305000,5078.198000,5074.305000,5077.498000,0
2026.02.11,12:07,5077.498000,5079.425000,5076.898000,5078.675000,0
2026.02.11,12:08,5078.695000,5082.965000,5077.998000,5082.755000,0
2026.02.11,12:09,5082.715000,5082.765000,5078.365000,5079.995000,0
2026.02.11,12:10,5079.995000,5082.975000,5079.995000,5082.115000,0
2026.02.11,12:11,5082.115000,5084.148000,5081.905000,5083.915000,0
2026.02.11,12:12,5083.988000,5084.968000,5083.045000,5084.798000,0
2026.02.11,12:13,5084.798000,5085.098000,5083.498000,5083.725000,0
2026.02.11,12:14,5083.725000,5084.898000,5083.648000,5084.548000,0
2026.02.11,12:15,5084.548000,5085.108000,5084.105000,5084.898000,0
2026.02.11,12:16,5084.898000,5085.245000,5083.675000,5084.798000,0
2026.02.11,12:17,5084.798000,5090.965000,5084.498000,5089.455000,0
2026.02.11,12:18,5089.505000,5089.665000,5085.085000,5085.195000,0
2026.02.11,12:19,5085.195000,5085.598000,5078.235000,5083.355000,0
2026.02.11,12:20,5083.355000,5084.845000,5080.145000,5081.705000,0
2026.02.11,12:21,5081.715000,5084.265000,5081.298000,5083.505000,0
2026.02.11,12:22,5083.525000,5085.815000,5083.055000,5084.995000,0
2026.02.11,12:23,5084.965000,5087.495000,5084.645000,5086.145000,0
2026.02.11,12:24,5086.145000,5088.575000,5086.145000,5088.325000,0
2026.02.11,12:25,5088.345000,5089.205000,5086.688000,5088.685000,0
2026.02.11,12:26,5088.685000,5089.265000,5086.765000,5087.485000,0
2026.02.11,12:27,5087.485000,5088.275000,5086.565000,5086.565000,0
2026.02.11,12:28,5086.585000,5087.165000,5085.375000,5085.985000,0
2026.02.11,12:29,5085.985000,5087.975000,5085.498000,5087.305000,0
2026.02.11,12:30,5087.305000,5088.035000,5085.235000,5085.495000,0
2026.02.11,12:31,5085.495000,5085.515000,5082.775000,5084.475000,0
2026.02.11,12:32,5084.455000,5084.935000,5082.305000,5084.555000,0
2026.02.11,12:33,5084.495000,5084.845000,5083.215000,5084.795000,0
2026.02.11,12:34,5084.795000,5085.115000,5081.895000,5082.615000,0
2026.02.11,12:35,5082.645000,5083.545000,5081.995000,5082.545000,0
2026.02.11,12:36,5082.685000,5084.625000,5081.265000,5084.375000,0
2026.02.11,12:37,5084.415000,5085.715000,5083.455000,5085.185000,0
2026.02.11,12:38,5085.155000,5086.085000,5082.815000,5085.985000,0
2026.02.11,12:39,5086.025000,5086.345000,5082.995000,5083.605000,0
2026.02.11,12:40,5083.665000,5086.855000,5082.565000,5086.495000,0
2026.02.11,12:41,5086.495000,5091.365000,5085.925000,5090.765000,0
2026.02.11,12:42,5090.665000,5093.825000,5090.415000,5091.275000,0
2026.02.11,12:43,5091.255000,5098.765000,5091.205000,5095.525000,0
2026.02.11,12:44,5095.525000,5097.175000,5095.315000,5095.935000,0
2026.02.11,12:45,5095.985000,5097.315000,5091.225000,5092.485000,0
2026.02.11,12:46,5092.395000,5095.465000,5092.115000,5094.905000,0
2026.02.11,12:47,5094.865000,5095.085000,5093.195000,5093.385000,0
2026.02.11,12:48,5093.355000,5093.805000,5090.595000,5090.845000,0
2026.02.11,12:49,5090.925000,5092.815000,5087.595000,5088.885000,0
2026.02.11,12:50,5088.915000,5091.485000,5088.875000,5090.425000,0
2026.02.11,12:51,5090.375000,5093.265000,5089.375000,5091.295000,0
2026.02.11,12:52,5091.325000,5091.665000,5089.665000,5091.635000,0
2026.02.11,12:53,5091.635000,5091.935000,5088.815000,5089.075000,0
2026.02.11,12:54,5089.005000,5092.315000,5089.005000,5092.305000,0
2026.02.11,12:55,5092.435000,5093.585000,5091.785000,5092.975000,0
2026.02.11,12:56,5092.995000,5093.075000,5091.075000,5092.485000,0
2026.02.11,12:57,5092.485000,5092.735000,5091.165000,5091.695000,0
2026.02.11,12:58,5091.695000,5091.925000,5090.065000,5090.265000,0
2026.02.11,12:59,5090.235000,5091.275000,5090.095000,5091.245000,0
2026.02.11,13:00,5091.195000,5092.508000,5089.198000,5091.085000,0
2026.02.11,13:01,5091.085000,5091.205000,5087.348000,5087.445000,0
2026.02.11,13:02,5087.375000,5089.975000,5085.648000,5089.175000,0
2026.02.11,13:03,5089.205000,5090.898000,5089.135000,5090.595000,0
2026.02.11,13:04,5090.615000,5092.385000,5089.225000,5089.285000,0
2026.02.11,13:05,5089.235000,5089.235000,5084.185000,5084.525000,0
2026.02.11,13:06,5084.495000,5085.355000,5083.365000,5084.805000,0
2026.02.11,13:07,5084.955000,5084.955000,5082.495000,5084.755000,0
2026.02.11,13:08,5084.475000,5084.875000,5081.685000,5082.905000,0
2026.02.11,13:09,5082.965000,5085.165000,5080.485000,5081.025000,0
2026.02.11,13:10,5080.975000,5081.015000,5078.345000,5079.448000,0
2026.02.11,13:11,5079.448000,5079.595000,5077.555000,5078.595000,0
2026.02.11,13:12,5078.575000,5078.645000,5071.995000,5072.625000,0
2026.02.11,13:13,5072.625000,5074.765000,5066.615000,5068.365000,0
2026.02.11,13:14,5068.365000,5072.775000,5067.435000,5072.775000,0
2026.02.11,13:15,5072.795000,5075.235000,5069.755000,5071.025000,0
2026.02.11,13:16,5071.055000,5076.365000,5070.725000,5075.345000,0
2026.02.11,13:17,5075.405000,5078.055000,5074.395000,5077.885000,0
2026.02.11,13:18,5077.865000,5078.895000,5077.385000,5078.755000,0
2026.02.11,13:19,5078.725000,5079.205000,5075.615000,5077.415000,0
2026.02.11,13:20,5077.275000,5077.645000,5075.935000,5076.665000,0
2026.02.11,13:21,5076.645000,5076.655000,5072.785000,5073.065000,0
2026.02.11,13:22,5073.095000,5075.275000,5072.785000,5074.895000,0
2026.02.11,13:23,5074.865000,5075.565000,5072.945000,5073.965000,0
2026.02.11,13:24,5073.835000,5073.835000,5069.085000,5069.085000,0
2026.02.11,13:25,5069.025000,5072.615000,5068.455000,5070.965000,0
2026.02.11,13:26,5070.935000,5073.045000,5070.935000,5071.125000,0
2026.02.11,13:27,5070.535000,5071.815000,5069.085000,5070.835000,0
2026.02.11,13:28,5070.765000,5075.985000,5070.765000,5075.095000,0
2026.02.11,13:29,5074.215000,5075.425000,5071.665000,5073.395000,0
2026.02.11,13:30,5073.415000,5077.165000,5072.355000,5076.535000,0
2026.02.11,13:31,5076.555000,5077.925000,5074.025000,5075.165000,0
2026.02.11,13:32,5075.175000,5076.005000,5073.108000,5074.825000,0
2026.02.11,13:33,5074.845000,5077.835000,5074.815000,5075.155000,0
2026.02.11,13:34,5075.135000,5076.835000,5070.945000,5075.045000,0
2026.02.11,13:35,5074.595000,5080.415000,5074.105000,5079.225000,0
2026.02.11,13:36,5079.205000,5080.215000,5077.975000,5080.025000,0
2026.02.11,13:37,5080.065000,5083.045000,5079.875000,5082.585000,0
2026.02.11,13:38,5082.555000,5084.235000,5082.555000,5083.435000,0
2026.02.11,13:39,5083.525000,5083.665000,5080.298000,5080.955000,0
2026.02.11,13:40,5080.975000,5081.595000,5080.205000,5081.355000,0
2026.02.11,13:41,5081.385000,5083.475000,5080.548000,5083.475000,0
2026.02.11,13:42,5083.445000,5085.035000,5082.565000,5083.245000,0
2026.02.11,13:43,5083.285000,5085.145000,5083.175000,5084.285000,0
2026.02.11,13:44,5084.325000,5084.415000,5081.985000,5083.255000,0
2026.02.11,13:45,5083.285000,5083.305000,5080.548000,5082.025000,0
2026.02.11,13:46,5082.025000,5084.175000,5081.665000,5084.155000,0
2026.02.11,13:47,5084.155000,5084.585000,5082.265000,5083.725000,0
2026.02.11,13:48,5083.695000,5084.835000,5082.115000,5082.435000,0
2026.02.11,13:49,5082.475000,5084.825000,5082.455000,5084.175000,0
2026.02.11,13:50,5084.195000,5086.235000,5080.105000,5085.305000,0
2026.02.11,13:51,5085.305000,5086.125000,5083.695000,5085.245000,0
2026.02.11,13:52,5085.245000,5087.115000,5083.745000,5084.055000,0
2026.02.11,13:53,5084.075000,5086.455000,5084.075000,5085.225000,0
2026.02.11,13:54,5085.255000,5085.865000,5079.945000,5082.635000,0
2026.02.11,13:55,5082.705000,5084.645000,5081.665000,5084.495000,0
2026.02.11,13:56,5084.535000,5084.755000,5082.895000,5083.455000,0
2026.02.11,13:57,5083.375000,5083.745000,5081.785000,5082.065000,0
2026.02.11,13:58,5082.095000,5082.095000,5079.925000,5081.655000,0
2026.02.11,13:59,5081.585000,5082.845000,5081.025000,5082.275000,0
2026.02.11,14:00,5082.265000,5084.475000,5082.075000,5083.035000,0
2026.02.11,14:01,5082.965000,5084.445000,5081.538000,5084.035000,0
2026.02.11,14:02,5084.035000,5088.575000,5083.645000,5088.365000,0
2026.02.11,14:03,5088.365000,5089.035000,5085.405000,5087.075000,0
2026.02.11,14:04,5087.095000,5087.645000,5086.355000,5087.005000,0
2026.02.11,14:05,5086.985000,5087.365000,5084.698000,5084.965000,0
2026.02.11,14:06,5084.935000,5085.435000,5084.298000,5084.915000,0
2026.02.11,14:07,5084.905000,5085.655000,5083.598000,5083.725000,0
2026.02.11,14:08,5083.685000,5086.005000,5083.245000,5084.895000,0
2026.02.11,14:09,5084.855000,5087.436000,5083.265000,5086.605000,0
2026.02.11,14:10,5087.988000,5089.245000,5086.945000,5087.755000,0
2026.02.11,14:11,5087.775000,5089.295000,5087.695000,5088.905000,0
2026.02.11,14:12,5088.925000,5089.915000,5087.785000,5089.915000,0
2026.02.11,14:13,5089.755000,5089.755000,5088.505000,5089.475000,0
2026.02.11,14:14,5089.495000,5092.445000,5088.545000,5088.955000,0
2026.02.11,14:15,5088.935000,5089.795000,5088.275000,5089.195000,0
2026.02.11,14:16,5089.175000,5090.685000,5087.875000,5089.035000,0
2026.02.11,14:17,5088.925000,5088.925000,5087.425000,5088.135000,0
2026.02.11,14:18,5088.105000,5090.075000,5087.298000,5089.245000,0
2026.02.11,14:19,5089.265000,5089.645000,5088.645000,5088.875000,0
2026.02.11,14:20,5088.905000,5092.015000,5088.905000,5091.865000,0
2026.02.11,14:21,5091.835000,5093.835000,5091.535000,5092.615000,0
2026.02.11,14:22,5092.655000,5094.015000,5092.365000,5093.435000,0
2026.02.11,14:23,5093.405000,5093.685000,5091.498000,5091.855000,0
2026.02.11,14:24,5091.835000,5092.225000,5091.565000,5092.225000,0
2026.02.11,14:25,5092.155000,5093.725000,5092.095000,5093.375000,0
2026.02.11,14:26,5093.395000,5093.485000,5091.465000,5091.965000,0
2026.02.11,14:27,5091.965000,5092.755000,5091.298000,5091.645000,0
2026.02.11,14:28,5091.625000,5091.685000,5089.885000,5090.815000,0
2026.02.11,14:29,5090.835000,5091.975000,5090.835000,5091.435000,0
2026.02.11,14:30,5091.405000,5091.785000,5086.515000,5087.715000,0
2026.02.11,14:31,5087.675000,5090.255000,5087.675000,5090.185000,0
2026.02.11,14:32,5090.155000,5090.155000,5087.195000,5087.235000,0
2026.02.11,14:33,5087.185000,5088.675000,5086.968000,5088.605000,0
2026.02.11,14:34,5088.555000,5088.925000,5086.415000,5087.215000,0
2026.02.11,14:35,5087.165000,5087.215000,5085.365000,5085.498000,0
2026.02.11,14:36,5085.255000,5087.705000,5084.835000,5086.935000,0
2026.02.11,14:37,5086.975000,5087.395000,5085.675000,5086.825000,0
2026.02.11,14:38,5086.795000,5086.815000,5084.635000,5084.685000,0
2026.02.11,14:39,5084.655000,5084.735000,5080.965000,5082.085000,0
2026.02.11,14:40,5082.065000,5083.985000,5081.675000,5083.505000,0
2026.02.11,14:41,5083.545000,5086.665000,5083.495000,5085.665000,0
2026.02.11,14:42,5085.725000,5085.725000,5083.415000,5084.795000,0
2026.02.11,14:43,5084.775000,5085.498000,5084.185000,5084.485000,0
2026.02.11,14:44,5084.465000,5086.185000,5084.225000,5085.445000,0
2026.02.11,14:45,5085.425000,5085.535000,5080.595000,5081.175000,0
2026.02.11,14:46,5081.195000,5085.698000,5080.995000,5085.698000,0
2026.02.11,14:47,5085.675000,5087.615000,5085.275000,5087.215000,0
2026.02.11,14:48,5087.215000,5088.175000,5086.315000,5088.105000,0
2026.02.11,14:49,5088.075000,5088.145000,5085.425000,5085.515000,0
2026.02.11,14:50,5085.495000,5086.415000,5085.245000,5086.015000,0
2026.02.11,14:51,5086.098000,5086.345000,5081.535000,5083.095000,0
2026.02.11,14:52,5083.065000,5085.098000,5082.435000,5085.098000,0
2026.02.11,14:53,5085.165000,5085.165000,5084.115000,5084.375000,0
2026.02.11,14:54,5084.345000,5084.505000,5083.125000,5083.395000,0
2026.02.11,14:55,5083.355000,5083.535000,5082.385000,5082.675000,0
2026.02.11,14:56,5082.635000,5082.635000,5081.118000,5082.155000,0
2026.02.11,14:57,5082.135000,5083.895000,5076.955000,5080.755000,0
2026.02.11,14:58,5080.725000,5082.035000,5080.355000,5080.355000,0
2026.02.11,14:59,5080.365000,5081.705000,5079.145000,5081.705000,0
2026.02.11,15:00,5081.695000,5083.555000,5081.515000,5083.498000,0
2026.02.11,15:01,5083.498000,5083.555000,5082.155000,5083.498000,0
2026.02.11,15:02,5083.465000,5083.505000,5081.935000,5082.565000,0
2026.02.11,15:03,5082.515000,5083.125000,5081.215000,5081.215000,0
2026.02.11,15:04,5081.245000,5081.395000,5080.055000,5080.805000,0
2026.02.11,15:05,5080.745000,5080.845000,5079.475000,5080.495000,0
2026.02.11,15:06,5080.475000,5082.225000,5080.395000,5081.665000,0
2026.02.11,15:07,5081.845000,5083.375000,5081.675000,5083.015000,0
2026.02.11,15:08,5083.035000,5084.595000,5082.698000,5084.255000,0
2026.02.11,15:09,5084.255000,5086.735000,5084.175000,5086.145000,0
2026.02.11,15:10,5086.098000,5087.145000,5084.995000,5085.545000,0
2026.02.11,15:11,5085.565000,5087.395000,5085.505000,5086.395000,0
2026.02.11,15:12,5086.225000,5086.305000,5084.835000,5085.915000,0
2026.02.11,15:13,5085.915000,5087.485000,5084.905000,5086.935000,0
2026.02.11,15:14,5086.955000,5088.015000,5086.655000,5087.935000,0
2026.02.11,15:15,5087.985000,5088.135000,5086.295000,5086.498000,0
2026.02.11,15:16,5086.555000,5087.565000,5086.498000,5086.705000,0
2026.02.11,15:17,5086.898000,5088.785000,5085.965000,5086.925000,0
2026.02.11,15:18,5086.955000,5087.425000,5085.385000,5086.305000,0
2026.02.11,15:19,5086.325000,5087.695000,5085.868000,5086.799000,0
2026.02.11,15:20,5086.819000,5087.229000,5085.388000,5087.229000,0
2026.02.11,15:21,5087.249000,5087.705000,5085.335000,5086.819000,0
2026.02.11,15:22,5086.819000,5087.115000,5085.605000,5086.389000,0
2026.02.11,15:23,5086.389000,5086.485000,5084.355000,5084.498000,0
2026.02.11,15:24,5084.505000,5085.165000,5083.475000,5084.425000,0
2026.02.11,15:25,5084.395000,5085.255000,5083.995000,5084.465000,0
2026.02.11,15:26,5084.445000,5086.685000,5083.835000,5086.685000,0
2026.02.11,15:27,5086.705000,5086.705000,5084.545000,5085.295000,0
2026.02.11,15:28,5085.395000,5086.825000,5085.229000,5086.039000,0
2026.02.11,15:29,5086.039000,5086.095000,5084.338000,5084.825000,0
2026.02.11,15:30,5084.805000,5085.905000,5083.505000,5084.015000,0
2026.02.11,15:31,5083.945000,5084.195000,5081.495000,5081.545000,0
2026.02.11,15:32,5081.545000,5082.165000,5079.025000,5079.635000,0
2026.02.11,15:33,5079.615000,5079.625000,5077.898000,5078.865000,0
2026.02.11,15:34,5078.845000,5080.265000,5078.648000,5080.005000,0
2026.02.11,15:35,5079.985000,5080.725000,5079.835000,5080.445000,0
2026.02.11,15:36,5080.415000,5083.505000,5079.995000,5083.405000,0
2026.02.11,15:37,5083.435000,5083.915000,5083.025000,5083.095000,0
2026.02.11,15:38,5083.145000,5083.215000,5081.585000,5082.135000,0
2026.02.11,15:39,5082.095000,5084.855000,5081.885000,5084.805000,0
2026.02.11,15:40,5084.745000,5084.965000,5083.085000,5084.865000,0
2026.02.11,15:41,5084.835000,5085.465000,5083.625000,5083.835000,0
2026.02.11,15:42,5083.795000,5086.615000,5083.258000,5086.585000,0
2026.02.11,15:43,5086.555000,5086.965000,5085.255000,5086.725000,0
2026.02.11,15:44,5086.655000,5087.098000,5086.055000,5086.335000,0
2026.02.11,15:45,5086.375000,5087.098000,5085.355000,5085.575000,0
2026.02.11,15:46,5085.535000,5085.915000,5084.315000,5085.845000,0
2026.02.11,15:47,5085.875000,5086.975000,5085.138000,5086.615000,0
2026.02.11,15:48,5086.585000,5088.455000,5085.465000,5088.195000,0
2026.02.11,15:49,5088.185000,5088.285000,5087.285000,5087.365000,0
2026.02.11,15:50,5087.385000,5088.415000,5086.535000,5087.545000,0
2026.02.11,15:51,5086.585000,5087.225000,5085.775000,5086.165000,0
2026.02.11,15:52,5086.195000,5086.465000,5085.095000,5085.965000,0
2026.02.11,15:53,5085.935000,5088.635000,5085.935000,5087.915000,0
2026.02.11,15:54,5087.845000,5089.055000,5087.675000,5088.848000,0
2026.02.11,15:55,5088.829000,5089.948000,5088.435000,5089.575000,0
2026.02.11,15:56,5089.555000,5089.555000,5087.345000,5088.295000,0
2026.02.11,15:57,5088.315000,5089.015000,5086.865000,5087.239000,0
2026.02.11,15:58,5087.325000,5088.835000,5086.855000,5087.825000,0
2026.02.11,15:59,5087.795000,5088.335000,5085.865000,5086.625000,0
2026.02.11,16:00,5086.615000,5088.425000,5086.145000,5086.165000,0
2026.02.11,16:01,5086.195000,5087.615000,5086.195000,5087.375000,0
2026.02.11,16:02,5087.395000,5087.395000,5085.625000,5085.885000,0
2026.02.11,16:03,5085.905000,5086.725000,5084.845000,5085.105000,0
2026.02.11,16:04,5085.085000,5086.205000,5084.235000,5086.045000,0
2026.02.11,16:05,5086.095000,5088.055000,5086.095000,5086.705000,0
2026.02.11,16:06,5086.725000,5086.825000,5085.745000,5086.325000,0
2026.02.11,16:07,5086.388000,5087.205000,5086.285000,5086.305000,0
2026.02.11,16:08,5086.285000,5086.465000,5085.905000,5086.165000,0
2026.02.11,16:09,5086.265000,5087.055000,5085.915000,5085.975000,0
2026.02.11,16:10,5085.945000,5086.355000,5085.505000,5086.105000,0
2026.02.11,16:11,5086.125000,5086.635000,5086.125000,5086.545000,0
2026.02.11,16:12,5086.595000,5086.775000,5085.565000,5085.565000,0
2026.02.11,16:13,5085.625000,5088.905000,5085.625000,5088.475000,0
2026.02.11,16:14,5088.445000,5088.745000,5087.615000,5088.085000,0
2026.02.11,16:15,5088.045000,5088.475000,5087.715000,5088.475000,0
2026.02.11,16:16,5088.445000,5088.965000,5088.165000,5088.945000,0
2026.02.11,16:17,5088.965000,5089.715000,5088.965000,5089.575000,0
2026.02.11,16:18,5089.595000,5091.365000,5089.298000,5091.225000,0
2026.02.11,16:19,5091.245000,5091.745000,5090.869000,5091.165000,0
2026.02.11,16:20,5091.175000,5092.605000,5091.175000,5092.215000,0
2026.02.11,16:21,5092.145000,5092.525000,5091.735000,5092.065000,0
2026.02.11,16:22,5092.095000,5092.185000,5090.515000,5091.375000,0
2026.02.11,16:23,5091.375000,5091.915000,5091.175000,5091.315000,0
2026.02.11,16:24,5091.285000,5091.335000,5090.535000,5091.285000,0
2026.02.11,16:25,5091.255000,5091.465000,5090.495000,5090.675000,0
2026.02.11,16:26,5090.655000,5090.705000,5087.765000,5088.025000,0
2026.02.11,16:27,5088.055000,5088.265000,5081.055000,5084.525000,0
2026.02.11,16:28,5084.505000,5084.845000,5080.836000,5083.925000,0
2026.02.11,16:29,5083.905000,5084.735000,5078.118000,5081.995000,0
2026.02.11,16:30,5082.015000,5084.215000,5081.575000,5084.015000,0
2026.02.11,16:31,5084.035000,5084.165000,5081.665000,5082.095000,0
2026.02.11,16:32,5082.135000,5082.135000,5072.805000,5073.325000,0
2026.02.11,16:33,5073.485000,5075.335000,5069.665000,5074.585000,0
2026.02.11,16:34,5074.585000,5077.245000,5072.688000,5076.635000,0
2026.02.11,16:35,5076.915000,5077.295000,5076.248000,5077.295000,0
2026.02.11,16:36,5077.225000,5080.275000,5075.785000,5077.925000,0
2026.02.11,16:37,5077.975000,5079.105000,5075.715000,5077.945000,0
2026.02.11,16:38,5077.965000,5081.075000,5077.525000,5080.985000,0
2026.02.11,16:39,5081.045000,5081.045000,5079.235000,5079.255000,0
2026.02.11,16:40,5079.275000,5079.645000,5077.605000,5077.875000,0
2026.02.11,16:41,5077.855000,5078.705000,5077.665000,5078.495000,0
2026.02.11,16:42,5078.675000,5079.695000,5078.535000,5079.515000,0
2026.02.11,16:43,5079.545000,5079.795000,5079.175000,5079.365000,0
2026.02.11,16:44,5079.345000,5080.405000,5078.735000,5080.405000,0
2026.02.11,16:45,5079.909000,5080.635000,5079.805000,5079.905000,0
2026.02.11,16:46,5079.925000,5080.115000,5077.415000,5078.355000,0
2026.02.11,16:47,5078.265000,5078.955000,5077.555000,5077.845000,0
2026.02.11,16:48,5077.905000,5079.955000,5076.595000,5079.725000,0
2026.02.11,16:49,5079.695000,5080.505000,5078.575000,5078.675000,0
2026.02.11,16:50,5078.635000,5079.225000,5077.845000,5079.015000,0
2026.02.11,16:51,5078.985000,5081.145000,5078.985000,5080.485000,0
2026.02.11,16:52,5080.188000,5083.885000,5080.165000,5083.885000,0
2026.02.11,16:53,5083.825000,5083.935000,5081.598000,5081.685000,0
2026.02.11,16:54,5081.655000,5082.095000,5080.455000,5082.005000,0
2026.02.11,16:55,5081.659000,5082.155000,5080.385000,5080.555000,0
2026.02.11,16:56,5080.635000,5081.995000,5080.565000,5081.685000,0
2026.02.11,16:57,5081.725000,5083.435000,5081.005000,5082.565000,0
2026.02.11,16:58,5082.725000,5084.675000,5082.705000,5084.315000,0
2026.02.11,16:59,5084.115000,5084.205000,5082.195000,5083.525000,0
2026.02.11,18:00,5084.198000,5096.498000,5077.548000,5096.098000,0
2026.02.11,18:01,5091.649000,5099.348000,5090.978000,5097.848000,0
2026.02.11,18:02,5098.548000,5099.798000,5095.548000,5099.298000,0
2026.02.11,18:03,5099.298000,5099.298000,5092.598000,5095.198000,0
2026.02.11,18:04,5095.198000,5096.498000,5091.669000,5094.698000,0
2026.02.11,18:05,5094.698000,5095.498000,5086.539000,5091.198000,0
2026.02.11,18:06,5089.359000,5092.198000,5076.609000,5086.098000,0
2026.02.11,18:07,5086.798000,5086.798000,5080.479000,5083.348000,0
2026.02.11,18:08,5083.348000,5085.348000,5079.648000,5079.648000,0
2026.02.11,18:09,5079.648000,5081.748000,5071.599000,5081.748000,0
2026.02.11,18:10,5081.848000,5082.248000,5071.945000,5072.785000,0
2026.02.11,18:11,5072.885000,5074.945000,5051.925000,5060.025000,0
2026.02.11,18:12,5060.045000,5070.405000,5058.945000,5068.945000,0
2026.02.11,18:13,5069.035000,5069.505000,5063.185000,5063.755000,0
2026.02.11,18:14,5063.795000,5064.805000,5061.045000,5062.995000,0
2026.02.11,18:15,5062.995000,5066.315000,5058.415000,5065.545000,0
2026.02.11,18:16,5065.815000,5068.165000,5061.675000,5064.815000,0
2026.02.11,18:17,5064.835000,5066.885000,5063.015000,5063.875000,0
2026.02.11,18:18,5063.875000,5067.235000,5063.085000,5065.265000,0
2026.02.11,18:19,5065.435000,5066.695000,5063.265000,5066.505000,0
2026.02.11,18:20,5066.635000,5070.695000,5066.625000,5069.895000,0
2026.02.11,18:21,5069.195000,5069.195000,5062.608000,5063.748000,0
2026.02.11,18:22,5063.748000,5066.015000,5063.405000,5063.705000,0
2026.02.11,18:23,5063.705000,5067.525000,5062.985000,5066.545000,0
2026.02.11,18:24,5066.565000,5069.045000,5064.335000,5068.815000,0
2026.02.11,18:25,5068.845000,5069.725000,5066.835000,5069.115000,0
2026.02.11,18:26,5069.135000,5069.805000,5065.885000,5067.465000,0
2026.02.11,18:27,5067.445000,5069.815000,5067.435000,5069.715000,0
2026.02.11,18:28,5068.845000,5069.585000,5068.275000,5068.455000,0
2026.02.11,18:29,5068.425000,5069.175000,5068.055000,5068.495000,0
2026.02.11,18:30,5068.465000,5068.915000,5067.555000,5068.845000,0
2026.02.11,18:31,5068.875000,5069.085000,5063.788000,5066.375000,0
2026.02.11,18:32,5065.695000,5066.045000,5062.785000,5063.725000,0
2026.02.11,18:33,5064.025000,5066.155000,5059.525000,5062.635000,0
2026.02.11,18:34,5061.885000,5064.135000,5060.695000,5062.595000,0
2026.02.11,18:35,5062.575000,5063.855000,5062.225000,5062.665000,0
2026.02.11,18:36,5062.615000,5063.065000,5060.615000,5062.305000,0
2026.02.11,18:37,5063.055000,5065.085000,5063.035000,5063.035000,0
2026.02.11,18:38,5062.898000,5063.755000,5062.545000,5062.788000,0
2026.02.11,18:39,5062.788000,5064.825000,5060.795000,5064.495000,0
2026.02.11,18:40,5064.415000,5065.555000,5062.678000,5065.315000,0
2026.02.11,18:41,5065.335000,5066.705000,5064.655000,5064.905000,0
2026.02.11,18:42,5063.895000,5064.945000,5063.185000,5064.315000,0
2026.02.11,18:43,5064.355000,5064.465000,5063.445000,5063.485000,0
2026.02.11,18:44,5063.525000,5064.615000,5062.625000,5062.685000,0
2026.02.11,18:45,5062.675000,5066.385000,5062.645000,5064.885000,0
2026.02.11,18:46,5064.915000,5067.615000,5064.335000,5065.085000,0
2026.02.11,18:47,5065.005000,5065.865000,5064.075000,5065.085000,0
2026.02.11,18:48,5064.945000,5066.075000,5064.575000,5066.075000,0
2026.02.11,18:49,5066.095000,5068.275000,5066.055000,5068.255000,0
2026.02.11,18:50,5068.185000,5070.615000,5063.935000,5068.635000,0
2026.02.11,18:51,5068.685000,5069.365000,5067.595000,5069.095000,0
2026.02.11,18:52,5069.055000,5069.135000,5067.195000,5067.215000,0
2026.02.11,18:53,5067.355000,5068.375000,5067.065000,5067.115000,0
2026.02.11,18:54,5067.095000,5067.145000,5064.355000,5065.975000,0
2026.02.11,18:55,5065.975000,5065.975000,5063.138000,5065.105000,0
2026.02.11,18:56,5064.975000,5065.975000,5064.115000,5065.895000,0
2026.02.11,18:57,5065.945000,5067.335000,5065.838000,5066.215000,0
2026.02.11,18:58,5066.195000,5066.965000,5064.365000,5064.455000,0
2026.02.11,18:59,5064.475000,5065.215000,5059.465000,5060.785000,0
2026.02.11,19:00,5060.625000,5067.385000,5057.448000,5058.785000,0
2026.02.11,19:01,5058.725000,5059.655000,5055.405000,5059.485000,0
2026.02.11,19:02,5059.435000,5064.005000,5058.225000,5063.665000,0
2026.02.11,19:03,5063.295000,5065.205000,5060.455000,5061.645000,0
2026.02.11,19:04,5061.625000,5062.435000,5058.885000,5060.765000,0
2026.02.11,19:05,5060.445000,5061.325000,5053.765000,5055.625000,0
2026.02.11,19:06,5056.165000,5058.195000,5054.985000,5058.115000,0
2026.02.11,19:07,5058.215000,5059.745000,5056.715000,5057.135000,0
2026.02.11,19:08,5057.085000,5060.895000,5056.425000,5060.735000,0
2026.02.11,19:09,5060.695000,5062.595000,5056.535000,5057.105000,0
2026.02.11,19:10,5057.105000,5059.975000,5055.415000,5059.375000,0
2026.02.11,19:11,5059.355000,5059.355000,5054.535000,5054.535000,0
2026.02.11,19:12,5054.485000,5057.195000,5049.898000,5051.985000,0
2026.02.11,19:13,5052.005000,5052.585000,5049.605000,5050.695000,0
2026.02.11,19:14,5050.715000,5056.835000,5049.505000,5056.485000,0
2026.02.11,19:15,5056.365000,5060.185000,5056.265000,5058.705000,0
2026.02.11,19:16,5058.725000,5066.045000,5058.645000,5064.125000,0
2026.02.11,19:17,5064.035000,5064.115000,5058.385000,5060.225000,0
2026.02.11,19:18,5060.205000,5062.275000,5059.795000,5059.865000,0
2026.02.11,19:19,5059.915000,5060.115000,5053.955000,5055.625000,0
2026.02.11,19:20,5055.885000,5061.205000,5055.815000,5057.465000,0
2026.02.11,19:21,5057.165000,5057.605000,5053.795000,5054.265000,0
2026.02.11,19:22,5054.265000,5056.015000,5053.195000,5055.365000,0
2026.02.11,19:23,5055.375000,5057.805000,5054.465000,5056.615000,0
2026.02.11,19:24,5056.625000,5058.945000,5055.065000,5058.505000,0
2026.02.11,19:25,5058.515000,5060.235000,5057.515000,5059.155000,0
2026.02.11,19:26,5058.675000,5060.775000,5056.825000,5060.125000,0
2026.02.11,19:27,5059.925000,5061.485000,5059.275000,5060.295000,0
2026.02.11,19:28,5060.325000,5060.885000,5057.155000,5058.305000,0
2026.02.11,19:29,5058.335000,5060.525000,5056.945000,5060.335000,0
2026.02.11,19:30,5060.335000,5062.325000,5059.185000,5059.595000,0
2026.02.11,19:31,5059.615000,5061.585000,5059.615000,5061.185000,0
2026.02.11,19:32,5061.145000,5063.195000,5059.795000,5062.685000,0
2026.02.11,19:33,5062.655000,5065.545000,5061.845000,5063.905000,0
2026.02.11,19:34,5063.515000,5064.305000,5062.245000,5063.705000,0
2026.02.11,19:35,5063.685000,5064.775000,5059.665000,5063.705000,0
2026.02.11,19:36,5063.715000,5064.585000,5062.335000,5062.905000,0
2026.02.11,19:37,5062.905000,5062.905000,5056.959000,5059.435000,0
2026.02.11,19:38,5058.965000,5060.485000,5058.455000,5058.765000,0
2026.02.11,19:39,5058.795000,5060.445000,5058.765000,5059.725000,0
2026.02.11,19:40,5059.565000,5059.565000,5057.775000,5058.065000,0
2026.02.11,19:41,5058.045000,5058.335000,5055.565000,5057.045000,0
2026.02.11,19:42,5057.255000,5057.535000,5056.655000,5056.925000,0
2026.02.11,19:43,5056.955000,5058.865000,5056.675000,5056.745000,0
2026.02.11,19:44,5056.785000,5058.955000,5056.745000,5058.885000,0
2026.02.11,19:45,5058.865000,5062.075000,5058.795000,5060.865000,0
2026.02.11,19:46,5060.735000,5061.155000,5060.225000,5060.665000,0
2026.02.11,19:47,5060.635000,5061.275000,5059.869000,5060.875000,0
2026.02.11,19:48,5061.055000,5062.045000,5059.315000,5060.295000,0
2026.02.11,19:49,5060.275000,5062.455000,5059.295000,5062.435000,0
2026.02.11,19:50,5062.425000,5063.815000,5058.098000,5060.565000,0
2026.02.11,19:51,5060.525000,5063.335000,5059.985000,5063.155000,0
2026.02.11,19:52,5063.175000,5064.965000,5062.785000,5063.815000,0
2026.02.11,19:53,5063.795000,5064.995000,5062.585000,5063.045000,0
2026.02.11,19:54,5063.045000,5063.465000,5061.445000,5062.475000,0
2026.02.11,19:55,5062.465000,5062.795000,5061.645000,5061.965000,0
2026.02.11,19:56,5061.995000,5062.395000,5059.875000,5060.185000,0
2026.02.11,19:57,5059.855000,5060.885000,5058.955000,5059.325000,0
2026.02.11,19:58,5059.315000,5060.845000,5059.315000,5060.695000,0
2026.02.11,19:59,5060.765000,5065.385000,5059.875000,5062.645000,0
2026.02.11,20:00,5062.295000,5062.555000,5058.865000,5062.435000,0
2026.02.11,20:01,5062.439000,5062.439000,5054.075000,5059.085000,0
2026.02.11,20:02,5059.075000,5059.545000,5055.965000,5056.245000,0
2026.02.11,20:03,5055.925000,5057.915000,5054.145000,5054.175000,0
2026.02.11,20:04,5054.145000,5054.145000,5047.285000,5050.995000,0
2026.02.11,20:05,5050.985000,5055.565000,5048.845000,5054.245000,0
2026.02.11,20:06,5054.235000,5056.565000,5052.335000,5053.255000,0
2026.02.11,20:07,5053.255000,5054.625000,5051.825000,5053.565000,0
2026.02.11,20:08,5053.565000,5053.605000,5048.365000,5049.245000,0
2026.02.11,20:09,5049.395000,5054.145000,5049.305000,5053.815000,0
2026.02.11,20:10,5053.755000,5055.245000,5052.595000,5053.555000,0
2026.02.11,20:11,5053.555000,5054.685000,5050.625000,5051.655000,0
2026.02.11,20:12,5051.655000,5052.295000,5044.368000,5047.745000,0
2026.02.11,20:13,5047.745000,5052.605000,5047.745000,5052.605000,0
2026.02.11,20:14,5052.585000,5053.065000,5048.425000,5048.955000,0
2026.02.11,20:15,5048.955000,5051.565000,5046.055000,5049.115000,0
2026.02.11,20:16,5049.125000,5056.835000,5049.045000,5056.475000,0
2026.02.11,20:17,5056.415000,5059.385000,5055.565000,5056.965000,0
2026.02.11,20:18,5056.905000,5057.275000,5054.905000,5056.035000,0
2026.02.11,20:19,5056.045000,5058.025000,5055.155000,5057.895000,0
2026.02.11,20:20,5057.925000,5060.475000,5057.875000,5059.295000,0
2026.02.11,20:21,5059.365000,5059.365000,5053.655000,5054.019000,0
2026.02.11,20:22,5054.059000,5054.075000,5051.885000,5053.995000,0
2026.02.11,20:23,5054.025000,5054.075000,5052.169000,5053.115000,0
2026.02.11,20:24,5053.155000,5054.065000,5052.365000,5053.295000,0
2026.02.11,20:25,5053.305000,5054.855000,5053.229000,5054.079000,0
2026.02.11,20:26,5054.119000,5055.395000,5054.119000,5055.385000,0
2026.02.11,20:27,5055.365000,5057.195000,5054.025000,5057.165000,0
2026.02.11,20:28,5057.175000,5060.755000,5055.635000,5060.055000,0
2026.02.11,20:29,5060.055000,5060.525000,5058.345000,5058.505000,0
2026.02.11,20:30,5058.505000,5058.505000,5055.145000,5057.635000,0
2026.02.11,20:31,5057.635000,5059.175000,5056.555000,5059.065000,0
2026.02.11,20:32,5059.095000,5061.105000,5058.695000,5058.735000,0
2026.02.11,20:33,5059.035000,5060.045000,5058.759000,5059.185000,0
2026.02.11,20:34,5059.115000,5060.045000,5055.975000,5056.395000,0
2026.02.11,20:35,5056.405000,5057.645000,5055.615000,5056.729000,0
2026.02.11,20:36,5056.565000,5059.865000,5056.205000,5059.865000,0
2026.02.11,20:37,5059.735000,5062.065000,5059.735000,5060.675000,0
2026.02.11,20:38,5060.705000,5063.195000,5059.695000,5062.805000,0
2026.02.11,20:39,5062.825000,5062.945000,5060.585000,5061.975000,0
2026.02.11,20:40,5061.815000,5062.325000,5061.075000,5061.645000,0
2026.02.11,20:41,5061.665000,5062.025000,5060.685000,5060.755000,0
2026.02.11,20:42,5060.935000,5061.155000,5059.175000,5061.155000,0
2026.02.11,20:43,5061.225000,5063.935000,5061.159000,5063.329000,0
2026.02.11,20:44,5063.159000,5063.195000,5059.705000,5060.595000,0
2026.02.11,20:45,5060.605000,5062.505000,5059.935000,5060.635000,0
2026.02.11,20:46,5060.605000,5060.605000,5054.989000,5055.925000,0
2026.02.11,20:47,5055.755000,5056.285000,5054.605000,5055.325000,0
2026.02.11,20:48,5055.269000,5056.415000,5053.975000,5056.165000,0
2026.02.11,20:49,5056.135000,5059.345000,5055.895000,5056.835000,0
2026.02.11,20:50,5056.855000,5056.855000,5052.585000,5054.679000,0
2026.02.11,20:51,5054.735000,5058.095000,5054.735000,5056.815000,0
2026.02.11,20:52,5056.785000,5060.125000,5056.105000,5057.925000,0
2026.02.11,20:53,5057.915000,5059.085000,5057.315000,5059.065000,0
2026.02.11,20:54,5059.045000,5059.965000,5057.605000,5058.235000,0
2026.02.11,20:55,5058.325000,5061.895000,5057.885000,5061.395000,0
2026.02.11,20:56,5061.375000,5061.435000,5058.355000,5059.645000,0
2026.02.11,20:57,5059.665000,5062.065000,5058.829000,5060.595000,0
2026.02.11,20:58,5060.615000,5062.725000,5060.495000,5060.815000,0
2026.02.11,20:59,5060.795000,5063.095000,5060.075000,5063.095000,0
2026.02.11,21:00,5063.115000,5070.685000,5063.115000,5069.915000,0
2026.02.11,21:01,5069.985000,5072.185000,5069.985000,5071.005000,0
2026.02.11,21:02,5071.075000,5071.075000,5066.845000,5067.005000,0
2026.02.11,21:03,5066.355000,5067.475000,5065.245000,5066.555000,0
2026.02.11,21:04,5066.459000,5068.855000,5065.585000,5068.435000,0
2026.02.11,21:05,5068.475000,5069.595000,5067.505000,5067.525000,0
2026.02.11,21:06,5067.475000,5069.665000,5066.915000,5069.025000,0
2026.02.11,21:07,5069.005000,5069.915000,5067.095000,5069.225000,0
2026.02.11,21:08,5069.165000,5070.069000,5067.525000,5068.555000,0
2026.02.11,21:09,5068.535000,5068.535000,5066.385000,5067.105000,0
2026.02.11,21:10,5067.085000,5067.085000,5064.425000,5064.475000,0
2026.02.11,21:11,5064.495000,5066.775000,5064.475000,5066.685000,0
2026.02.11,21:12,5066.775000,5069.505000,5066.775000,5069.125000,0
2026.02.11,21:13,5069.155000,5069.235000,5067.685000,5068.285000,0
2026.02.11,21:14,5068.265000,5068.525000,5067.155000,5067.875000,0
2026.02.11,21:15,5068.105000,5068.265000,5066.985000,5067.015000,0
2026.02.11,21:16,5067.045000,5069.745000,5067.045000,5068.825000,0
2026.02.11,21:17,5068.765000,5069.465000,5067.165000,5069.328000,0
2026.02.11,21:18,5069.328000,5069.328000,5067.175000,5067.585000,0
2026.02.11,21:19,5067.565000,5067.645000,5065.328000,5065.338000,0
2026.02.11,21:20,5065.338000,5072.665000,5065.338000,5068.538000,0
2026.02.11,21:21,5068.568000,5069.935000,5065.535000,5067.515000,0
2026.02.11,21:22,5067.478000,5068.108000,5065.975000,5066.169000,0
2026.02.11,21:23,5066.169000,5067.335000,5065.528000,5065.945000,0
2026.02.11,21:24,5065.985000,5066.925000,5065.338000,5066.075000,0
2026.02.11,21:25,5066.018000,5066.255000,5061.745000,5062.908000,0
2026.02.11,21:26,5062.938000,5065.725000,5062.938000,5065.145000,0
2026.02.11,21:27,5065.305000,5065.835000,5062.425000,5062.735000,0
2026.02.11,21:28,5062.775000,5064.855000,5062.325000,5064.825000,0
2026.02.11,21:29,5064.905000,5066.595000,5064.335000,5066.405000,0
2026.02.11,21:30,5066.395000,5068.685000,5063.805000,5066.125000,0
2026.02.11,21:31,5066.145000,5069.535000,5063.568000,5064.238000,0
2026.02.11,21:32,5064.238000,5067.785000,5063.398000,5067.505000,0
2026.02.11,21:33,5067.475000,5068.515000,5066.435000,5067.439000,0
2026.02.11,21:34,5067.439000,5068.918000,5064.385000,5064.385000,0
2026.02.11,21:35,5064.405000,5064.478000,5059.475000,5059.829000,0
2026.02.11,21:36,5059.829000,5061.995000,5059.829000,5061.925000,0
2026.02.11,21:37,5061.895000,5061.915000,5059.525000,5060.719000,0
2026.02.11,21:38,5060.799000,5060.799000,5057.368000,5059.965000,0
2026.02.11,21:39,5059.939000,5060.735000,5059.435000,5060.075000,0
2026.02.11,21:40,5060.115000,5061.245000,5058.555000,5058.555000,0
2026.02.11,21:41,5058.525000,5061.015000,5057.515000,5060.468000,0
2026.02.11,21:42,5060.469000,5060.469000,5056.085000,5056.615000,0
2026.02.11,21:43,5056.585000,5059.945000,5056.465000,5058.275000,0
2026.02.11,21:44,5058.475000,5059.545000,5057.538000,5057.705000,0
2026.02.11,21:45,5057.685000,5057.685000,5056.335000,5057.125000,0
2026.02.11,21:46,5056.895000,5056.905000,5054.745000,5056.075000,0
2026.02.11,21:47,5056.568000,5057.775000,5055.755000,5057.145000,0
2026.02.11,21:48,5057.115000,5061.485000,5056.955000,5060.675000,0
2026.02.11,21:49,5060.705000,5062.875000,5057.075000,5060.015000,0
2026.02.11,21:50,5059.995000,5064.875000,5056.689000,5064.875000,0
2026.02.11,21:51,5064.895000,5066.385000,5062.865000,5066.225000,0
2026.02.11,21:52,5066.205000,5066.205000,5063.535000,5064.625000,0
2026.02.11,21:53,5064.625000,5066.065000,5062.495000,5063.415000,0
2026.02.11,21:54,5063.425000,5065.875000,5062.138000,5065.365000,0
2026.02.11,21:55,5065.295000,5065.735000,5063.585000,5064.925000,0
2026.02.11,21:56,5064.915000,5065.545000,5063.245000,5064.485000,0
2026.02.11,21:57,5064.515000,5064.805000,5063.545000,5064.065000,0
2026.02.11,21:58,5064.275000,5066.535000,5063.915000,5066.105000,0
2026.02.11,21:59,5066.085000,5066.395000,5064.305000,5065.705000,0
2026.02.11,22:00,5065.675000,5065.675000,5062.485000,5063.865000,0
2026.02.11,22:01,5063.885000,5064.915000,5062.745000,5063.905000,0
2026.02.11,22:02,5063.925000,5065.745000,5063.825000,5065.115000,0
2026.02.11,22:03,5065.335000,5069.235000,5065.155000,5068.005000,0
2026.02.11,22:04,5068.045000,5069.935000,5067.445000,5068.395000,0
2026.02.11,22:05,5068.395000,5070.545000,5067.168000,5068.995000,0
2026.02.11,22:06,5069.035000,5069.465000,5067.465000,5069.145000,0
2026.02.11,22:07,5069.125000,5070.385000,5069.015000,5069.105000,0
2026.02.11,22:08,5069.135000,5073.565000,5069.135000,5072.015000,0
2026.02.11,22:09,5072.055000,5072.365000,5070.985000,5071.395000,0
2026.02.11,22:10,5071.435000,5074.425000,5071.435000,5073.225000,0
2026.02.11,22:11,5073.205000,5073.665000,5070.605000,5071.585000,0
2026.02.11,22:12,5071.625000,5071.855000,5070.225000,5070.435000,0
2026.02.11,22:13,5070.465000,5071.135000,5069.525000,5070.055000,0
2026.02.11,22:14,5069.975000,5069.975000,5067.805000,5068.255000,0
2026.02.11,22:15,5068.275000,5069.595000,5067.255000,5068.125000,0
2026.02.11,22:16,5068.015000,5068.885000,5067.515000,5068.285000,0
2026.02.11,22:17,5068.315000,5069.115000,5066.455000,5066.595000,0
2026.02.11,22:18,5066.545000,5066.835000,5065.875000,5066.785000,0
2026.02.11,22:19,5066.855000,5067.255000,5065.775000,5067.105000,0
2026.02.11,22:20,5067.085000,5070.825000,5066.355000,5067.095000,0
2026.02.11,22:21,5067.065000,5067.675000,5063.365000,5063.365000,0
2026.02.11,22:22,5063.795000,5065.275000,5063.795000,5065.035000,0
2026.02.11,22:23,5065.045000,5067.045000,5064.485000,5066.135000,0
2026.02.11,22:24,5066.165000,5066.165000,5064.185000,5064.235000,0
2026.02.11,22:25,5064.215000,5065.495000,5063.915000,5064.075000,0
2026.02.11,22:26,5064.015000,5064.485000,5058.525000,5059.835000,0
2026.02.11,22:27,5059.849000,5059.859000,5054.419000,5056.359000,0
2026.02.11,22:28,5056.319000,5058.295000,5054.695000,5055.715000,0
2026.02.11,22:29,5055.699000,5062.665000,5055.375000,5059.735000,0
2026.02.11,22:30,5059.705000,5061.875000,5058.855000,5060.565000,0
2026.02.11,22:31,5060.515000,5060.865000,5058.495000,5059.985000,0
2026.02.11,22:32,5060.005000,5062.925000,5060.005000,5062.605000,0
2026.02.11,22:33,5062.745000,5065.375000,5062.465000,5065.345000,0
2026.02.11,22:34,5065.345000,5065.525000,5063.525000,5065.355000,0
2026.02.11,22:35,5065.355000,5065.775000,5064.535000,5065.355000,0
2026.02.11,22:36,5065.325000,5066.535000,5064.575000,5066.115000,0
2026.02.11,22:37,5065.395000,5066.005000,5064.915000,5065.125000,0
2026.02.11,22:38,5065.155000,5065.825000,5064.195000,5064.365000,0
2026.02.11,22:39,5064.335000,5065.215000,5064.105000,5064.995000,0
2026.02.11,22:40,5064.995000,5065.165000,5064.205000,5064.255000,0
2026.02.11,22:41,5064.285000,5065.715000,5064.075000,5064.425000,0
2026.02.11,22:42,5064.445000,5065.815000,5064.075000,5065.115000,0
2026.02.11,22:43,5065.015000,5066.595000,5064.985000,5065.195000,0
2026.02.11,22:44,5065.205000,5065.855000,5064.755000,5065.145000,0
2026.02.11,22:45,5065.145000,5065.145000,5063.265000,5063.265000,0
2026.02.11,22:46,5063.355000,5063.858000,5060.898000,5061.099000,0
2026.02.11,22:47,5060.949000,5061.169000,5059.348000,5059.909000,0
2026.02.11,22:48,5059.879000,5060.079000,5058.615000,5059.509000,0
2026.02.11,22:49,5059.519000,5059.815000,5058.425000,5058.459000,0
2026.02.11,22:50,5058.489000,5060.065000,5057.215000,5059.795000,0
2026.02.11,22:51,5059.765000,5059.765000,5058.015000,5058.475000,0
2026.02.11,22:52,5058.395000,5059.325000,5057.809000,5058.719000,0
2026.02.11,22:53,5058.629000,5058.929000,5057.545000,5057.545000,0
2026.02.11,22:54,5057.595000,5058.079000,5056.235000,5057.485000,0
2026.02.11,22:55,5057.455000,5057.885000,5056.645000,5057.219000,0
2026.02.11,22:56,5057.209000,5057.209000,5055.138000,5055.498000,0
2026.02.11,22:57,5055.445000,5055.768000,5054.615000,5055.185000,0
2026.02.11,22:58,5055.165000,5058.465000,5055.115000,5056.035000,0
2026.02.11,22:59,5055.995000,5057.285000,5055.765000,5056.655000,0
2026.02.11,23:00,5056.605000,5056.695000,5055.285000,5056.645000,0
2026.02.11,23:01,5056.589000,5056.915000,5052.008000,5054.695000,0
2026.02.11,23:02,5054.675000,5056.875000,5054.595000,5055.715000,0
2026.02.11,23:03,5055.795000,5057.245000,5055.395000,5056.975000,0
2026.02.11,23:04,5056.995000,5057.885000,5055.745000,5057.595000,0
2026.02.11,23:05,5057.555000,5058.755000,5057.065000,5058.545000,0
2026.02.11,23:06,5058.525000,5058.755000,5056.485000,5056.485000,0
2026.02.11,23:07,5056.455000,5056.855000,5055.785000,5055.785000,0
2026.02.11,23:08,5056.485000,5056.485000,5055.575000,5055.915000,0
2026.02.11,23:09,5055.955000,5056.025000,5055.395000,5055.885000,0
2026.02.11,23:10,5055.845000,5055.845000,5055.425000,5055.775000,0
2026.02.11,23:11,5055.559000,5057.155000,5055.555000,5056.895000,0
2026.02.11,23:12,5056.925000,5057.385000,5056.248000,5057.185000,0
2026.02.11,23:13,5057.095000,5057.095000,5055.648000,5056.345000,0
2026.02.11,23:14,5056.375000,5057.145000,5054.635000,5054.675000,0
2026.02.11,23:15,5054.615000,5054.625000,5053.315000,5053.755000,0
2026.02.11,23:16,5053.775000,5054.395000,5053.248000,5053.655000,0
2026.02.11,23:17,5053.685000,5054.415000,5053.248000,5053.935000,0
2026.02.11,23:18,5053.905000,5054.105000,5050.835000,5051.645000,0
2026.02.11,23:19,5051.605000,5053.135000,5050.568000,5052.735000,0
2026.02.11,23:20,5052.765000,5054.505000,5051.205000,5051.275000,0
2026.02.11,23:21,5051.275000,5054.815000,5050.925000,5054.615000,0
2026.02.11,23:22,5054.585000,5054.585000,5053.925000,5054.425000,0
2026.02.11,23:23,5054.415000,5054.495000,5053.965000,5053.985000,0
2026.02.11,23:24,5054.005000,5055.255000,5054.005000,5055.085000,0
2026.02.11,23:25,5055.055000,5056.195000,5054.555000,5056.195000,0
2026.02.11,23:26,5056.215000,5057.335000,5056.215000,5056.675000,0
2026.02.11,23:27,5056.605000,5056.605000,5055.558000,5056.065000,0
2026.02.11,23:28,5056.085000,5056.205000,5055.935000,5056.065000,0
2026.02.11,23:29,5056.045000,5056.545000,5055.445000,5056.095000,0
2026.02.11,23:30,5056.115000,5056.115000,5054.095000,5054.175000,0
2026.02.11,23:31,5054.248000,5055.655000,5054.248000,5054.725000,0
2026.02.11,23:32,5054.695000,5054.885000,5054.238000,5054.885000,0
2026.02.11,23:33,5054.915000,5055.225000,5053.965000,5054.985000,0
2026.02.11,23:34,5055.175000,5055.175000,5054.015000,5055.025000,0
2026.02.11,23:35,5055.045000,5059.225000,5054.968000,5059.065000,0
2026.02.11,23:36,5059.045000,5059.635000,5058.355000,5059.345000,0
2026.02.11,23:37,5059.305000,5059.415000,5058.525000,5059.115000,0
2026.02.11,23:38,5059.145000,5059.315000,5059.055000,5059.225000,0
2026.02.11,23:39,5059.255000,5059.955000,5058.885000,5058.985000,0
2026.02.11,23:40,5058.945000,5058.945000,5057.585000,5058.295000,0
2026.02.11,23:41,5058.325000,5058.585000,5058.165000,5058.505000,0
2026.02.11,23:42,5058.475000,5058.505000,5058.145000,5058.185000,0
2026.02.11,23:43,5057.785000,5058.855000,5057.785000,5058.465000,0
2026.02.11,23:44,5058.108000,5058.175000,5056.925000,5057.685000,0
2026.02.11,23:45,5057.685000,5058.845000,5057.055000,5058.565000,0
2026.02.11,23:46,5058.605000,5058.905000,5058.295000,5058.775000,0
2026.02.11,23:47,5058.735000,5058.735000,5056.645000,5056.685000,0
2026.02.11,23:48,5056.655000,5058.355000,5056.095000,5058.115000,0
2026.02.11,23:49,5058.145000,5058.225000,5054.955000,5055.585000,0
2026.02.11,23:50,5055.585000,5057.695000,5055.305000,5057.565000,0
2026.02.11,23:51,5057.585000,5062.075000,5057.565000,5060.365000,0
2026.02.11,23:52,5060.385000,5061.795000,5060.275000,5061.795000,0
2026.02.11,23:53,5061.895000,5063.505000,5061.368000,5062.575000,0
2026.02.11,23:54,5062.525000,5063.155000,5062.455000,5062.755000,0
2026.02.11,23:55,5062.825000,5062.835000,5061.645000,5062.835000,0
2026.02.11,23:56,5062.975000,5064.605000,5062.975000,5064.565000,0
2026.02.11,23:57,5064.535000,5067.275000,5064.275000,5067.275000,0
2026.02.11,23:58,5067.315000,5069.755000,5067.315000,5069.445000,0
2026.02.11,23:59,5069.445000,5069.845000,5068.415000,5069.165000,0
2026.02.12,00:00,5069.215000,5069.915000,5065.385000,5068.165000,0
2026.02.12,00:01,5068.185000,5068.185000,5066.835000,5067.265000,0
2026.02.12,00:02,5067.285000,5068.125000,5066.655000,5068.105000,0
2026.02.12,00:03,5068.075000,5068.245000,5067.285000,5068.235000,0
2026.02.12,00:04,5068.275000,5071.015000,5068.275000,5069.755000,0
2026.02.12,00:05,5069.715000,5069.715000,5067.835000,5068.855000,0
2026.02.12,00:06,5069.535000,5076.025000,5069.535000,5075.935000,0
2026.02.12,00:07,5075.718000,5076.915000,5074.545000,5076.585000,0
2026.02.12,00:08,5076.265000,5076.955000,5074.925000,5075.235000,0
2026.02.12,00:09,5075.205000,5077.405000,5075.205000,5077.345000,0
2026.02.12,00:10,5077.325000,5077.995000,5074.975000,5075.895000,0
2026.02.12,00:11,5075.845000,5077.898000,5074.535000,5074.595000,0
2026.02.12,00:12,5074.625000,5074.825000,5074.105000,5074.455000,0
2026.02.12,00:13,5074.485000,5074.945000,5074.298000,5074.385000,0
2026.02.12,00:14,5074.485000,5074.785000,5073.998000,5074.485000,0
2026.02.12,00:15,5074.465000,5076.275000,5074.355000,5075.685000,0
2026.02.12,00:16,5075.705000,5076.425000,5075.415000,5075.615000,0
2026.02.12,00:17,5075.585000,5075.855000,5074.935000,5075.035000,0
2026.02.12,00:18,5075.475000,5076.185000,5074.648000,5075.635000,0
2026.02.12,00:19,5075.615000,5076.395000,5074.715000,5075.505000,0
2026.02.12,00:20,5075.435000,5077.665000,5074.925000,5075.005000,0
2026.02.12,00:21,5075.045000,5075.985000,5073.255000,5073.455000,0
2026.02.12,00:22,5073.515000,5074.495000,5072.115000,5072.135000,0
2026.02.12,00:23,5072.155000,5073.535000,5072.155000,5073.195000,0
2026.02.12,00:24,5073.305000,5077.075000,5073.305000,5075.065000,0
2026.02.12,00:25,5075.035000,5075.035000,5073.645000,5074.115000,0
2026.02.12,00:26,5074.145000,5074.175000,5072.908000,5072.955000,0
2026.02.12,00:27,5073.125000,5073.175000,5071.945000,5072.045000,0
2026.02.12,00:28,5072.025000,5072.215000,5071.635000,5071.805000,0
2026.02.12,00:29,5071.775000,5071.775000,5070.148000,5071.565000,0
2026.02.12,00:30,5071.525000,5072.175000,5067.875000,5071.895000,0
2026.02.12,00:31,5071.925000,5071.925000,5065.365000,5067.355000,0
2026.02.12,00:32,5067.325000,5068.375000,5065.375000,5065.455000,0
2026.02.12,00:33,5065.475000,5066.665000,5064.495000,5066.115000,0
2026.02.12,00:34,5066.098000,5066.098000,5064.455000,5064.905000,0
2026.02.12,00:35,5064.975000,5067.675000,5064.285000,5067.115000,0
2026.02.12,00:36,5067.135000,5067.135000,5065.595000,5065.695000,0
2026.02.12,00:37,5065.725000,5067.025000,5064.835000,5065.175000,0
2026.02.12,00:38,5065.245000,5067.095000,5065.245000,5066.405000,0
2026.02.12,00:39,5066.195000,5066.645000,5064.855000,5065.295000,0
2026.02.12,00:40,5065.315000,5067.395000,5065.315000,5067.025000,0
2026.02.12,00:41,5067.065000,5069.245000,5066.815000,5069.095000,0
2026.02.12,00:42,5069.115000,5070.395000,5069.105000,5069.795000,0
2026.02.12,00:43,5069.835000,5070.555000,5069.298000,5070.555000,0
2026.02.12,00:44,5070.495000,5071.995000,5070.098000,5071.795000,0
2026.02.12,00:45,5071.825000,5073.175000,5071.185000,5071.965000,0
2026.02.12,00:46,5071.995000,5072.155000,5069.565000,5070.875000,0
2026.02.12,00:47,5070.915000,5071.115000,5070.048000,5071.095000,0
2026.02.12,00:48,5071.175000,5072.495000,5071.015000,5071.645000,0
2026.02.12,00:49,5071.625000,5071.625000,5069.705000,5069.725000,0
2026.02.12,00:50,5070.175000,5070.235000,5067.085000,5068.555000,0
2026.02.12,00:51,5068.575000,5071.355000,5068.515000,5070.865000,0
2026.02.12,00:52,5070.835000,5072.705000,5070.835000,5072.285000,0
2026.02.12,00:53,5072.245000,5072.935000,5071.785000,5072.895000,0
2026.02.12,00:54,5072.915000,5074.085000,5072.385000,5073.405000,0
2026.02.12,00:55,5073.335000,5075.805000,5073.265000,5074.665000,0
2026.02.12,00:56,5074.695000,5075.015000,5073.335000,5073.618000,0
2026.02.12,00:57,5073.548000,5074.315000,5072.038000,5072.715000,0
2026.02.12,00:58,5072.665000,5072.665000,5071.035000,5071.845000,0
2026.02.12,00:59,5071.865000,5075.315000,5071.775000,5075.315000,0
2026.02.12,01:00,5075.575000,5076.095000,5072.965000,5073.715000,0
2026.02.12,01:01,5073.735000,5073.855000,5069.425000,5069.565000,0
2026.02.12,01:02,5069.545000,5069.545000,5066.495000,5066.595000,0
2026.02.12,01:03,5066.625000,5067.885000,5064.855000,5066.595000,0
2026.02.12,01:04,5066.625000,5069.265000,5066.555000,5068.735000,0
2026.02.12,01:05,5068.715000,5068.915000,5067.255000,5068.085000,0
2026.02.12,01:06,5068.035000,5068.885000,5065.595000,5065.835000,0
2026.02.12,01:07,5065.815000,5067.505000,5064.395000,5064.495000,0
2026.02.12,01:08,5064.475000,5064.605000,5061.935000,5063.515000,0
2026.02.12,01:09,5063.545000,5065.895000,5063.495000,5065.735000,0
2026.02.12,01:10,5065.775000,5067.515000,5065.705000,5066.065000,0
2026.02.12,01:11,5066.095000,5066.095000,5063.775000,5065.255000,0
2026.02.12,01:12,5065.225000,5066.905000,5065.105000,5066.805000,0
2026.02.12,01:13,5066.725000,5068.565000,5066.705000,5068.395000,0
2026.02.12,01:14,5068.315000,5068.765000,5067.965000,5068.725000,0
2026.02.12,01:15,5068.755000,5070.045000,5067.775000,5068.515000,0
2026.02.12,01:16,5068.485000,5068.925000,5066.465000,5066.555000,0
2026.02.12,01:17,5066.605000,5067.115000,5065.025000,5065.705000,0
2026.02.12,01:18,5065.755000,5068.335000,5065.055000,5065.325000,0
2026.02.12,01:19,5065.305000,5067.125000,5065.155000,5065.505000,0
2026.02.12,01:20,5065.575000,5068.305000,5064.085000,5064.685000,0
2026.02.12,01:21,5064.045000,5066.575000,5063.675000,5065.905000,0
2026.02.12,01:22,5066.075000,5066.655000,5063.525000,5063.625000,0
2026.02.12,01:23,5063.605000,5064.315000,5062.335000,5063.395000,0
2026.02.12,01:24,5063.355000,5063.355000,5059.755000,5061.795000,0
2026.02.12,01:25,5061.825000,5063.345000,5061.675000,5062.345000,0
2026.02.12,01:26,5062.375000,5062.865000,5061.585000,5062.615000,0
2026.02.12,01:27,5062.545000,5062.545000,5058.035000,5058.435000,0
2026.02.12,01:28,5058.465000,5059.585000,5057.098000,5058.475000,0
2026.02.12,01:29,5058.225000,5058.575000,5054.998000,5055.095000,0
2026.02.12,01:30,5055.075000,5057.175000,5054.595000,5055.498000,0
2026.02.12,01:31,5055.498000,5056.955000,5053.245000,5054.695000,0
2026.02.12,01:32,5054.695000,5054.695000,5049.415000,5050.125000,0
2026.02.12,01:33,5050.085000,5051.495000,5049.265000,5049.505000,0
2026.02.12,01:34,5049.505000,5050.965000,5049.135000,5049.945000,0
2026.02.12,01:35,5049.915000,5052.498000,5047.898000,5050.375000,0
2026.02.12,01:36,5050.335000,5050.695000,5048.185000,5048.765000,0
2026.02.12,01:37,5048.605000,5049.598000,5046.678000,5047.045000,0
2026.02.12,01:38,5047.115000,5051.975000,5047.115000,5051.975000,0
2026.02.12,01:39,5051.845000,5053.205000,5051.015000,5052.285000,0
2026.02.12,01:40,5051.845000,5054.805000,5051.398000,5054.605000,0
2026.02.12,01:41,5054.755000,5056.595000,5054.755000,5055.445000,0
2026.02.12,01:42,5055.485000,5056.325000,5054.348000,5056.205000,0
2026.02.12,01:43,5056.265000,5056.765000,5055.215000,5055.535000,0
2026.02.12,01:44,5055.505000,5057.755000,5055.315000,5057.465000,0
2026.02.12,01:45,5057.495000,5057.915000,5053.895000,5056.958000,0
2026.02.12,01:46,5056.958000,5057.488000,5055.568000,5055.618000,0
2026.02.12,01:47,5055.618000,5057.005000,5054.565000,5056.968000,0
2026.02.12,01:48,5056.968000,5056.968000,5054.748000,5055.308000,0
2026.02.12,01:49,5055.495000,5057.048000,5053.535000,5055.205000,0
2026.02.12,01:50,5055.268000,5060.615000,5055.178000,5059.765000,0
2026.02.12,01:51,5059.745000,5060.865000,5058.845000,5060.805000,0
2026.02.12,01:52,5060.825000,5061.515000,5059.525000,5060.035000,0
2026.02.12,01:53,5060.005000,5060.275000,5058.805000,5059.695000,0
2026.02.12,01:54,5059.665000,5060.435000,5058.725000,5060.175000,0
2026.02.12,01:55,5060.175000,5061.285000,5059.965000,5060.545000,0
2026.02.12,01:56,5060.545000,5061.345000,5060.035000,5061.095000,0
2026.02.12,01:57,5061.035000,5061.065000,5059.795000,5060.105000,0
2026.02.12,01:58,5060.105000,5060.905000,5059.665000,5060.715000,0
2026.02.12,01:59,5060.665000,5060.795000,5058.875000,5059.445000,0
2026.02.12,02:00,5059.435000,5059.735000,5056.765000,5056.955000,0
2026.02.12,02:01,5056.935000,5057.225000,5052.445000,5052.655000,0
2026.02.12,02:02,5052.635000,5055.825000,5051.535000,5055.455000,0
2026.02.12,02:03,5055.455000,5057.495000,5054.905000,5056.915000,0
2026.02.12,02:04,5056.915000,5059.615000,5056.725000,5059.335000,0
2026.02.12,02:05,5059.355000,5060.205000,5057.988000,5059.165000,0
2026.02.12,02:06,5059.165000,5059.785000,5057.595000,5059.745000,0
2026.02.12,02:07,5059.745000,5062.055000,5059.745000,5061.415000,0
2026.02.12,02:08,5061.385000,5064.245000,5060.705000,5062.675000,0
2026.02.12,02:09,5062.695000,5063.755000,5062.065000,5063.205000,0
2026.02.12,02:10,5063.475000,5063.985000,5061.825000,5062.555000,0
2026.02.12,02:11,5062.575000,5062.705000,5061.515000,5062.125000,0
2026.02.12,02:12,5062.095000,5062.095000,5061.315000,5061.625000,0
2026.02.12,02:13,5061.599000,5064.235000,5060.915000,5064.129000,0
2026.02.12,02:14,5064.235000,5065.938000,5062.635000,5062.739000,0
2026.02.12,02:15,5062.739000,5063.809000,5062.689000,5063.579000,0
2026.02.12,02:16,5063.609000,5064.135000,5063.099000,5063.109000,0
2026.02.12,02:17,5063.119000,5063.119000,5061.498000,5061.889000,0
2026.02.12,02:18,5061.799000,5061.999000,5060.009000,5060.069000,0
2026.02.12,02:19,5060.069000,5061.618000,5059.939000,5061.529000,0
2026.02.12,02:20,5061.529000,5063.369000,5060.555000,5060.689000,0
2026.02.12,02:21,5060.669000,5060.669000,5057.395000,5058.935000,0
2026.02.12,02:22,5059.005000,5059.005000,5056.628000,5058.439000,0
2026.02.12,02:23,5058.509000,5060.015000,5057.689000,5058.535000,0
2026.02.12,02:24,5058.555000,5058.875000,5057.755000,5058.659000,0
2026.02.12,02:25,5058.769000,5059.099000,5056.719000,5057.309000,0
2026.02.12,02:26,5057.309000,5057.369000,5056.628000,5057.359000,0
2026.02.12,02:27,5057.265000,5061.489000,5057.265000,5061.339000,0
2026.02.12,02:28,5061.339000,5062.435000,5060.815000,5061.395000,0
2026.02.12,02:29,5061.419000,5062.035000,5061.335000,5061.939000,0
2026.02.12,02:30,5061.979000,5063.665000,5061.439000,5062.415000,0
2026.02.12,02:31,5062.425000,5063.085000,5062.305000,5063.035000,0
2026.02.12,02:32,5063.525000,5063.525000,5061.055000,5061.835000,0
2026.02.12,02:33,5061.815000,5062.165000,5060.545000,5060.965000,0
2026.02.12,02:34,5060.995000,5062.535000,5060.995000,5062.235000,0
2026.02.12,02:35,5062.088000,5062.088000,5060.639000,5061.639000,0
2026.02.12,02:36,5061.558000,5061.558000,5060.988000,5061.449000,0
2026.02.12,02:37,5061.479000,5062.235000,5061.299000,5062.115000,0
2026.02.12,02:38,5062.075000,5062.245000,5060.228000,5061.065000,0
2026.02.12,02:39,5061.065000,5061.625000,5060.425000,5060.595000,0
2026.02.12,02:40,5060.499000,5060.805000,5059.045000,5060.105000,0
2026.02.12,02:41,5060.149000,5060.335000,5057.965000,5057.965000,0
2026.02.12,02:42,5057.925000,5059.165000,5057.665000,5058.995000,0
2026.02.12,02:43,5058.925000,5058.985000,5058.255000,5058.255000,0
2026.02.12,02:44,5058.215000,5060.695000,5057.675000,5058.015000,0
2026.02.12,02:45,5057.795000,5058.055000,5056.595000,5057.735000,0
2026.02.12,02:46,5057.715000,5057.825000,5056.615000,5056.845000,0
2026.02.12,02:47,5056.815000,5057.425000,5056.385000,5056.595000,0
2026.02.12,02:48,5056.615000,5057.778000,5056.335000,5057.315000,0
2026.02.12,02:49,5057.345000,5060.985000,5057.345000,5060.965000,0
2026.02.12,02:50,5060.925000,5060.995000,5059.925000,5059.925000,0
2026.02.12,02:51,5059.945000,5060.605000,5059.375000,5059.395000,0
2026.02.12,02:52,5059.469000,5060.705000,5059.455000,5060.005000,0
2026.02.12,02:53,5060.045000,5060.725000,5057.328000,5058.868000,0
2026.02.12,02:54,5058.888000,5060.458000,5058.868000,5059.378000,0
2026.02.12,02:55,5059.405000,5059.595000,5058.308000,5058.568000,0
2026.02.12,02:56,5058.568000,5059.158000,5058.258000,5059.018000,0
2026.02.12,02:57,5059.055000,5062.428000,5059.025000,5061.805000,0
2026.02.12,02:58,5061.825000,5063.325000,5061.825000,5063.035000,0
2026.02.12,02:59,5063.015000,5065.355000,5063.015000,5063.385000,0
2026.02.12,03:00,5063.415000,5065.938000,5062.659000,5064.285000,0
2026.02.12,03:01,5064.255000,5064.765000,5063.355000,5064.685000,0
2026.02.12,03:02,5064.765000,5066.798000,5064.765000,5065.975000,0
2026.02.12,03:03,5065.955000,5066.535000,5064.935000,5065.785000,0
2026.02.12,03:04,5065.875000,5068.588000,5065.655000,5068.385000,0
2026.02.12,03:05,5068.155000,5070.435000,5067.755000,5068.945000,0
2026.02.12,03:06,5068.725000,5070.875000,5068.725000,5070.615000,0
2026.02.12,03:07,5070.955000,5073.115000,5069.655000,5070.455000,0
2026.02.12,03:08,5070.485000,5071.445000,5069.645000,5071.405000,0
2026.02.12,03:09,5071.365000,5072.855000,5071.278000,5072.055000,0
2026.02.12,03:10,5072.075000,5073.128000,5071.055000,5071.055000,0
2026.02.12,03:11,5071.075000,5071.545000,5069.415000,5070.955000,0
2026.02.12,03:12,5070.955000,5071.615000,5068.505000,5068.705000,0
2026.02.12,03:13,5068.775000,5068.795000,5067.238000,5067.238000,0
2026.02.12,03:14,5067.238000,5068.175000,5066.995000,5067.725000,0
2026.02.12,03:15,5067.745000,5069.285000,5067.595000,5068.775000,0
2026.02.12,03:16,5068.668000,5069.155000,5066.755000,5066.825000,0
2026.02.12,03:17,5066.805000,5067.315000,5066.318000,5067.095000,0
2026.02.12,03:18,5067.185000,5067.475000,5065.185000,5065.631000,0
2026.02.12,03:19,5065.616000,5065.651000,5064.998000,5065.025000,0
2026.02.12,03:20,5065.188000,5066.345000,5064.998000,5065.935000,0
2026.02.12,03:21,5065.865000,5068.025000,5064.998000,5064.998000,0
2026.02.12,03:22,5064.998000,5064.998000,5063.565000,5064.048000,0
2026.02.12,03:23,5064.049000,5065.865000,5064.048000,5065.615000,0
2026.02.12,03:24,5065.615000,5066.715000,5064.065000,5066.095000,0
2026.02.12,03:25,5066.135000,5066.295000,5061.808000,5064.365000,0
2026.02.12,03:26,5064.395000,5065.585000,5063.845000,5063.965000,0
2026.02.12,03:27,5063.945000,5064.815000,5063.595000,5064.135000,0
2026.02.12,03:28,5064.165000,5064.845000,5063.145000,5063.685000,0
2026.02.12,03:29,5063.665000,5063.675000,5060.358000,5060.358000,0
2026.02.12,03:30,5060.365000,5060.365000,5056.448000,5056.795000,0
2026.02.12,03:31,5056.785000,5057.685000,5056.368000,5056.368000,0
2026.02.12,03:32,5056.048000,5056.985000,5053.015000,5053.368000,0
2026.02.12,03:33,5053.378000,5056.865000,5051.895000,5056.519000,0
2026.02.12,03:34,5056.529000,5060.275000,5056.529000,5060.095000,0
2026.02.12,03:35,5060.065000,5060.225000,5058.845000,5059.845000,0
2026.02.12,03:36,5059.825000,5060.805000,5059.455000,5060.335000,0
2026.02.12,03:37,5060.355000,5061.745000,5060.355000,5061.165000,0
2026.02.12,03:38,5061.218000,5061.715000,5060.425000,5060.695000,0
2026.02.12,03:39,5060.675000,5060.875000,5059.325000,5059.755000,0
2026.02.12,03:40,5059.735000,5061.045000,5059.495000,5061.045000,0
2026.02.12,03:41,5061.075000,5062.745000,5060.595000,5062.695000,0
2026.02.12,03:42,5062.735000,5063.175000,5062.015000,5062.015000,0
2026.02.12,03:43,5061.975000,5062.725000,5061.955000,5062.235000,0
2026.02.12,03:44,5062.205000,5062.825000,5061.618000,5062.765000,0
2026.02.12,03:45,5062.795000,5064.515000,5062.575000,5064.515000,0
2026.02.12,03:46,5064.495000,5065.155000,5063.418000,5063.595000,0
2026.02.12,03:47,5063.665000,5064.215000,5062.605000,5063.805000,0
2026.02.12,03:48,5063.735000,5064.415000,5063.145000,5063.325000,0
2026.02.12,03:49,5063.365000,5063.905000,5061.735000,5061.735000,0
2026.02.12,03:50,5061.695000,5064.465000,5060.025000,5064.185000,0
2026.02.12,03:51,5064.155000,5064.575000,5062.725000,5064.385000,0
2026.02.12,03:52,5064.405000,5064.735000,5062.915000,5063.155000,0
2026.02.12,03:53,5063.195000,5067.585000,5062.955000,5067.105000,0
2026.02.12,03:54,5067.085000,5068.215000,5063.645000,5066.575000,0
2026.02.12,03:55,5066.595000,5067.345000,5065.539000,5066.375000,0
2026.02.12,03:56,5066.405000,5066.675000,5065.515000,5066.625000,0
2026.02.12,03:57,5066.585000,5071.145000,5066.555000,5070.955000,0
2026.02.12,03:58,5070.998000,5072.095000,5068.725000,5069.145000,0
2026.02.12,03:59,5069.115000,5069.515000,5068.085000,5068.345000,0
2026.02.12,04:00,5068.325000,5068.605000,5066.785000,5066.815000,0
2026.02.12,04:01,5066.855000,5067.305000,5066.075000,5066.225000,0
2026.02.12,04:02,5066.245000,5069.165000,5066.245000,5068.355000,0
2026.02.12,04:03,5068.375000,5072.155000,5067.975000,5071.875000,0
2026.02.12,04:04,5071.855000,5073.265000,5071.145000,5073.005000,0
2026.02.12,04:05,5072.945000,5075.285000,5072.298000,5072.298000,0
2026.02.12,04:06,5072.298000,5073.285000,5072.015000,5073.005000,0
2026.02.12,04:07,5073.115000,5074.075000,5072.665000,5073.555000,0
2026.02.12,04:08,5073.465000,5075.965000,5072.815000,5075.245000,0
2026.02.12,04:09,5075.215000,5075.555000,5074.155000,5074.975000,0
2026.02.12,04:10,5075.005000,5075.055000,5073.515000,5073.785000,0
2026.02.12,04:11,5073.765000,5073.815000,5070.898000,5072.585000,0
2026.02.12,04:12,5072.605000,5074.085000,5071.965000,5073.835000,0
2026.02.12,04:13,5073.805000,5074.855000,5072.775000,5074.855000,0
2026.02.12,04:14,5074.825000,5074.825000,5073.185000,5073.725000,0
2026.02.12,04:15,5073.705000,5074.895000,5073.175000,5074.805000,0
2026.02.12,04:16,5074.865000,5077.595000,5072.665000,5073.045000,0
2026.02.12,04:17,5073.075000,5074.445000,5072.225000,5074.435000,0
2026.02.12,04:18,5074.455000,5074.455000,5072.405000,5073.665000,0
2026.02.12,04:19,5073.025000,5073.325000,5072.289000,5073.025000,0
2026.02.12,04:20,5073.005000,5074.195000,5071.695000,5072.145000,0
2026.02.12,04:21,5072.225000,5073.125000,5071.855000,5072.965000,0
2026.02.12,04:22,5073.065000,5073.625000,5072.485000,5072.905000,0
2026.02.12,04:23,5072.925000,5074.095000,5072.728000,5073.835000,0
2026.02.12,04:24,5073.855000,5074.325000,5073.205000,5073.775000,0
2026.02.12,04:25,5073.805000,5074.748000,5073.785000,5074.615000,0
2026.02.12,04:26,5074.565000,5075.095000,5073.955000,5073.985000,0
2026.02.12,04:27,5074.015000,5074.215000,5073.335000,5073.335000,0
2026.02.12,04:28,5073.245000,5073.865000,5071.478000,5071.665000,0
2026.02.12,04:29,5071.645000,5072.835000,5070.895000,5071.045000,0
2026.02.12,04:30,5071.065000,5072.275000,5071.065000,5071.155000,0
2026.02.12,04:31,5071.175000,5072.575000,5070.245000,5072.275000,0
2026.02.12,04:32,5072.135000,5072.885000,5071.655000,5072.195000,0
2026.02.12,04:33,5072.225000,5072.325000,5069.725000,5070.845000,0
2026.02.12,04:34,5070.865000,5070.915000,5068.365000,5069.605000,0
2026.02.12,04:35,5069.575000,5070.715000,5069.265000,5070.635000,0
2026.02.12,04:36,5070.665000,5070.965000,5068.715000,5069.705000,0
2026.02.12,04:37,5069.745000,5071.805000,5069.708000,5071.805000,0
2026.02.12,04:38,5071.835000,5073.275000,5071.665000,5071.935000,0
2026.02.12,04:39,5071.965000,5072.075000,5070.485000,5070.645000,0
2026.02.12,04:40,5070.695000,5071.995000,5070.635000,5071.995000,0
2026.02.12,04:41,5071.905000,5072.285000,5070.745000,5071.135000,0
2026.02.12,04:42,5071.115000,5072.085000,5071.105000,5071.995000,0
2026.02.12,04:43,5071.975000,5073.795000,5071.935000,5073.615000,0
2026.02.12,04:44,5073.695000,5073.765000,5072.545000,5072.605000,0
2026.02.12,04:45,5072.625000,5074.055000,5072.625000,5073.965000,0
2026.02.12,04:46,5073.895000,5074.415000,5072.885000,5073.835000,0
2026.02.12,04:47,5073.805000,5074.385000,5073.575000,5073.965000,0
2026.02.12,04:48,5073.935000,5074.015000,5072.745000,5073.205000,0
2026.02.12,04:49,5073.235000,5074.248000,5070.915000,5073.735000,0
2026.02.12,04:50,5073.765000,5079.395000,5073.765000,5078.895000,0
2026.02.12,04:51,5078.815000,5080.535000,5078.155000,5078.205000,0
2026.02.12,04:52,5078.225000,5078.305000,5076.155000,5077.265000,0
2026.02.12,04:53,5077.255000,5079.095000,5077.255000,5078.885000,0
2026.02.12,04:54,5078.905000,5079.915000,5078.835000,5078.835000,0
2026.02.12,04:55,5078.988000,5079.545000,5077.835000,5077.995000,0
2026.02.12,04:56,5077.955000,5078.035000,5074.995000,5074.995000,0
2026.02.12,04:57,5075.145000,5075.968000,5074.345000,5074.685000,0
2026.02.12,04:58,5074.715000,5074.805000,5073.065000,5073.555000,0
2026.02.12,04:59,5073.535000,5073.635000,5072.665000,5072.705000,0
2026.02.12,05:00,5072.735000,5072.958000,5070.805000,5072.588000,0
2026.02.12,05:01,5072.585000,5074.655000,5072.525000,5073.795000,0
2026.02.12,05:02,5073.785000,5075.065000,5073.185000,5074.525000,0
2026.02.12,05:03,5074.545000,5076.775000,5073.435000,5076.188000,0
2026.02.12,05:04,5075.538000,5076.315000,5071.425000,5071.555000,0
2026.02.12,05:05,5071.655000,5072.485000,5070.718000,5071.318000,0
2026.02.12,05:06,5071.318000,5072.725000,5070.018000,5070.508000,0
2026.02.12,05:07,5070.518000,5072.505000,5070.078000,5072.075000,0
2026.02.12,05:08,5072.105000,5074.725000,5069.975000,5070.635000,0
2026.02.12,05:09,5070.615000,5071.285000,5068.965000,5069.135000,0
2026.02.12,05:10,5069.125000,5069.405000,5068.225000,5068.385000,0
2026.02.12,05:11,5068.345000,5068.445000,5064.775000,5064.855000,0
2026.02.12,05:12,5064.835000,5066.725000,5064.335000,5066.295000,0
2026.02.12,05:13,5066.275000,5068.865000,5064.055000,5064.175000,0
2026.02.12,05:14,5064.195000,5065.785000,5063.585000,5065.765000,0
2026.02.12,05:15,5065.725000,5065.725000,5064.065000,5065.405000,0
2026.02.12,05:16,5065.565000,5065.748000,5063.185000,5064.898000,0
2026.02.12,05:17,5064.935000,5065.698000,5064.598000,5064.898000,0
2026.02.12,05:18,5064.898000,5065.398000,5064.798000,5064.818000,0
2026.02.12,05:19,5064.695000,5064.798000,5062.855000,5062.905000,0
2026.02.12,05:20,5062.958000,5065.655000,5062.775000,5065.165000,0
2026.02.12,05:21,5065.185000,5065.435000,5063.228000,5063.478000,0
2026.02.12,05:22,5063.478000,5064.968000,5062.835000,5064.688000,0
2026.02.12,05:23,5064.538000,5065.678000,5064.485000,5065.068000,0
2026.02.12,05:24,5065.248000,5065.555000,5064.265000,5064.265000,0
2026.02.12,05:25,5064.285000,5065.485000,5064.175000,5065.385000,0
2026.02.12,05:26,5065.365000,5065.635000,5063.918000,5063.938000,0
2026.02.12,05:27,5063.918000,5063.948000,5062.018000,5062.088000,0
2026.02.12,05:28,5062.138000,5063.218000,5061.318000,5062.318000,0
2026.02.12,05:29,5062.328000,5062.568000,5061.018000,5061.018000,0
2026.02.12,05:30,5061.018000,5065.328000,5060.765000,5064.518000,0
2026.02.12,05:31,5064.618000,5064.618000,5061.208000,5061.388000,0
2026.02.12,05:32,5061.358000,5062.818000,5061.298000,5062.568000,0
2026.02.12,05:33,5062.568000,5062.738000,5061.018000,5061.195000,0
2026.02.12,05:34,5061.185000,5062.845000,5061.018000,5062.175000,0
2026.02.12,05:35,5062.145000,5065.725000,5061.995000,5065.495000,0
2026.02.12,05:36,5065.525000,5065.695000,5064.335000,5064.725000,0
2026.02.12,05:37,5064.745000,5065.435000,5062.475000,5063.605000,0
2026.02.12,05:38,5063.585000,5063.695000,5061.245000,5061.315000,0
2026.02.12,05:39,5061.285000,5062.135000,5061.025000,5062.135000,0
2026.02.12,05:40,5062.315000,5063.165000,5061.615000,5062.975000,0
2026.02.12,05:41,5062.965000,5063.155000,5062.355000,5062.455000,0
2026.02.12,05:42,5062.395000,5063.655000,5061.935000,5063.195000,0
2026.02.12,05:43,5063.225000,5063.225000,5060.865000,5062.545000,0
2026.02.12,05:44,5062.505000,5063.415000,5061.795000,5061.895000,0
2026.02.12,05:45,5061.875000,5062.025000,5061.138000,5061.158000,0
2026.02.12,05:46,5061.155000,5062.025000,5060.625000,5061.035000,0
2026.02.12,05:47,5061.015000,5061.035000,5058.215000,5058.255000,0
2026.02.12,05:48,5057.680000,5059.595000,5056.108000,5059.555000,0
2026.02.12,05:49,5059.535000,5060.095000,5058.065000,5058.925000,0
2026.02.12,05:50,5058.905000,5059.995000,5056.395000,5056.745000,0
2026.02.12,05:51,5056.715000,5059.445000,5056.415000,5058.295000,0
2026.02.12,05:52,5058.205000,5059.865000,5055.995000,5056.075000,0
2026.02.12,05:53,5056.045000,5059.005000,5055.835000,5058.475000,0
2026.02.12,05:54,5058.495000,5060.285000,5058.445000,5059.775000,0
2026.02.12,05:55,5059.695000,5059.725000,5058.585000,5058.875000,0
2026.02.12,05:56,5058.908000,5060.975000,5058.855000,5060.645000,0
2026.02.12,05:57,5060.615000,5060.665000,5059.475000,5060.145000,0
2026.02.12,05:58,5060.165000,5062.465000,5060.025000,5061.035000,0
2026.02.12,05:59,5060.215000,5062.085000,5059.838000,5061.805000,0
2026.02.12,06:00,5061.925000,5062.465000,5060.955000,5061.775000,0
2026.02.12,06:01,5061.658000,5061.658000,5060.005000,5060.005000,0
2026.02.12,06:02,5059.985000,5062.035000,5059.175000,5061.835000,0
2026.02.12,06:03,5061.865000,5063.258000,5061.838000,5062.105000,0
2026.02.12,06:04,5062.085000,5062.755000,5061.315000,5061.315000,0
2026.02.12,06:05,5061.335000,5065.188000,5061.335000,5061.905000,0
2026.02.12,06:06,5062.105000,5062.105000,5061.225000,5061.985000,0
2026.02.12,06:07,5061.965000,5062.065000,5061.705000,5062.065000,0
2026.02.12,06:08,5061.535000,5062.745000,5061.245000,5062.745000,0
2026.02.12,06:09,5062.715000,5063.155000,5062.615000,5063.025000,0
2026.02.12,06:10,5063.055000,5063.955000,5062.625000,5063.955000,0
2026.02.12,06:11,5063.875000,5063.955000,5062.045000,5062.665000,0
2026.02.12,06:12,5062.705000,5062.965000,5061.725000,5062.965000,0
2026.02.12,06:13,5062.995000,5064.215000,5062.785000,5063.025000,0
2026.02.12,06:14,5062.995000,5062.995000,5060.245000,5060.785000,0
2026.02.12,06:15,5060.785000,5061.955000,5060.785000,5061.915000,0
2026.02.12,06:16,5061.915000,5062.965000,5061.755000,5062.915000,0
2026.02.12,06:17,5062.915000,5064.435000,5062.915000,5063.115000,0
2026.02.12,06:18,5063.095000,5063.445000,5062.415000,5062.435000,0
2026.02.12,06:19,5062.475000,5062.815000,5062.155000,5062.375000,0
2026.02.12,06:20,5062.355000,5062.565000,5061.245000,5062.235000,0
2026.02.12,06:21,5062.255000,5062.745000,5061.995000,5062.665000,0
2026.02.12,06:22,5062.665000,5063.175000,5061.675000,5062.185000,0
2026.02.12,06:23,5062.185000,5062.945000,5061.525000,5061.555000,0
2026.02.12,06:24,5061.655000,5063.355000,5061.605000,5062.815000,0
2026.02.12,06:25,5062.815000,5065.425000,5062.815000,5063.455000,0
2026.02.12,06:26,5063.455000,5064.085000,5062.765000,5063.915000,0
2026.02.12,06:27,5063.895000,5065.185000,5062.635000,5062.855000,0
2026.02.12,06:28,5062.875000,5063.135000,5062.135000,5062.155000,0
2026.02.12,06:29,5062.155000,5063.685000,5062.125000,5062.385000,0
2026.02.12,06:30,5062.385000,5063.235000,5062.098000,5063.165000,0
2026.02.12,06:31,5063.205000,5063.825000,5062.375000,5062.625000,0
2026.02.12,06:32,5062.585000,5062.915000,5061.098000,5061.455000,0
2026.02.12,06:33,5061.415000,5062.025000,5061.115000,5061.375000,0
2026.02.12,06:34,5061.415000,5062.835000,5061.205000,5062.805000,0
2026.02.12,06:35,5062.775000,5065.105000,5062.545000,5064.225000,0
2026.02.12,06:36,5064.225000,5065.085000,5064.005000,5064.255000,0
2026.02.12,06:37,5064.255000,5065.065000,5063.425000,5063.615000,0
2026.02.12,06:38,5063.505000,5064.125000,5063.245000,5063.305000,0
2026.02.12,06:39,5063.245000,5063.585000,5062.695000,5063.215000,0
2026.02.12,06:40,5063.215000,5063.685000,5062.608000,5063.188000,0
2026.02.12,06:41,5063.325000,5063.505000,5061.885000,5062.655000,0
2026.02.12,06:42,5062.685000,5063.325000,5062.685000,5062.985000,0
2026.02.12,06:43,5062.985000,5063.445000,5062.755000,5063.295000,0
2026.02.12,06:44,5063.275000,5064.085000,5063.175000,5063.505000,0
2026.02.12,06:45,5063.535000,5064.935000,5063.285000,5064.365000,0
2026.02.12,06:46,5064.395000,5065.125000,5064.285000,5064.965000,0
2026.02.12,06:47,5064.965000,5064.975000,5064.265000,5064.505000,0
2026.02.12,06:48,5064.535000,5064.535000,5063.875000,5064.055000,0
2026.02.12,06:49,5064.055000,5064.685000,5063.998000,5064.625000,0
2026.02.12,06:50,5064.625000,5065.585000,5064.225000,5065.125000,0
2026.02.12,06:51,5065.125000,5066.325000,5065.125000,5065.215000,0
2026.02.12,06:52,5065.215000,5067.225000,5065.175000,5066.825000,0
2026.02.12,06:53,5066.875000,5068.048000,5066.875000,5066.995000,0
2026.02.12,06:54,5067.028000,5068.055000,5067.028000,5067.645000,0
2026.02.12,06:55,5067.685000,5067.685000,5063.295000,5063.725000,0
2026.02.12,06:56,5063.675000,5063.745000,5061.715000,5062.425000,0
2026.02.12,06:57,5062.455000,5062.655000,5062.065000,5062.085000,0
2026.02.12,06:58,5062.125000,5063.115000,5061.245000,5062.518000,0
2026.02.12,06:59,5062.518000,5064.635000,5062.518000,5063.505000,0
2026.02.12,07:00,5063.558000,5065.618000,5063.558000,5065.298000,0
2026.02.12,07:01,5065.245000,5066.048000,5063.995000,5064.538000,0
2026.02.12,07:02,5064.538000,5065.425000,5064.465000,5064.725000,0
2026.02.12,07:03,5064.778000,5066.505000,5064.098000,5065.425000,0
2026.02.12,07:04,5065.425000,5065.575000,5064.385000,5064.875000,0
2026.02.12,07:05,5064.845000,5065.405000,5061.435000,5062.755000,0
2026.02.12,07:06,5062.785000,5062.785000,5060.525000,5060.725000,0
2026.02.12,07:07,5060.725000,5061.085000,5059.685000,5059.888000,0
2026.02.12,07:08,5059.888000,5062.005000,5056.295000,5061.975000,0
2026.02.12,07:09,5062.035000,5062.035000,5059.295000,5061.035000,0
2026.02.12,07:10,5061.085000,5061.195000,5059.375000,5059.865000,0
2026.02.12,07:11,5059.845000,5060.485000,5058.755000,5059.985000,0
2026.02.12,07:12,5059.975000,5061.445000,5059.905000,5060.685000,0
2026.02.12,07:13,5060.775000,5061.525000,5060.218000,5060.705000,0
2026.02.12,07:14,5060.755000,5062.055000,5060.725000,5061.995000,0
2026.02.12,07:15,5061.765000,5062.545000,5061.018000,5062.435000,0
2026.02.12,07:16,5062.465000,5063.915000,5062.445000,5063.475000,0
2026.02.12,07:17,5063.505000,5063.675000,5062.265000,5062.265000,0
2026.02.12,07:18,5062.245000,5062.245000,5060.225000,5061.105000,0
2026.02.12,07:19,5061.075000,5063.815000,5061.005000,5063.375000,0
2026.02.12,07:20,5063.355000,5063.695000,5062.755000,5062.755000,0
2026.02.12,07:21,5062.745000,5063.345000,5060.245000,5062.315000,0
2026.02.12,07:22,5062.265000,5063.255000,5060.795000,5062.145000,0
2026.02.12,07:23,5062.165000,5062.185000,5060.825000,5061.545000,0
2026.02.12,07:24,5061.575000,5061.875000,5059.925000,5059.925000,0
2026.02.12,07:25,5059.885000,5061.465000,5059.745000,5061.225000,0
2026.02.12,07:26,5061.195000,5062.385000,5061.195000,5062.335000,0
2026.02.12,07:27,5062.315000,5062.395000,5061.345000,5061.815000,0
2026.02.12,07:28,5061.845000,5062.365000,5061.565000,5061.695000,0
2026.02.12,07:29,5061.675000,5062.185000,5061.585000,5062.095000,0
2026.02.12,07:30,5062.115000,5062.905000,5061.645000,5061.675000,0
2026.02.12,07:31,5061.705000,5062.825000,5061.495000,5061.895000,0
2026.02.12,07:32,5061.865000,5064.445000,5061.845000,5063.295000,0
2026.02.12,07:33,5063.275000,5063.895000,5062.985000,5063.895000,0
2026.02.12,07:34,5063.995000,5065.955000,5063.945000,5065.805000,0
2026.02.12,07:35,5065.835000,5067.495000,5065.775000,5067.125000,0
2026.02.12,07:36,5067.095000,5068.455000,5065.765000,5065.845000,0
2026.02.12,07:37,5065.815000,5066.595000,5064.405000,5064.405000,0
2026.02.12,07:38,5064.385000,5065.095000,5063.985000,5065.045000,0
2026.02.12,07:39,5065.015000,5065.015000,5063.485000,5063.485000,0
2026.02.12,07:40,5063.455000,5063.455000,5060.838000,5061.005000,0
2026.02.12,07:41,5061.025000,5062.635000,5061.005000,5061.785000,0
2026.02.12,07:42,5061.765000,5061.765000,5056.968000,5056.968000,0
2026.02.12,07:43,5056.968000,5058.565000,5055.575000,5056.765000,0
2026.02.12,07:44,5056.878000,5057.845000,5054.678000,5057.325000,0
2026.02.12,07:45,5057.285000,5058.225000,5056.525000,5056.535000,0
2026.02.12,07:46,5056.515000,5056.555000,5053.845000,5055.215000,0
2026.02.12,07:47,5055.205000,5055.515000,5052.878000,5054.035000,0
2026.02.12,07:48,5053.925000,5055.655000,5052.895000,5055.655000,0
2026.02.12,07:49,5055.635000,5056.575000,5054.588000,5054.875000,0
2026.02.12,07:50,5054.855000,5054.855000,5052.275000,5053.315000,0
2026.02.12,07:51,5053.285000,5053.605000,5052.605000,5053.585000,0
2026.02.12,07:52,5053.555000,5053.555000,5049.635000,5051.415000,0
2026.02.12,07:53,5051.125000,5052.535000,5051.025000,5051.655000,0
2026.02.12,07:54,5051.685000,5052.195000,5050.985000,5051.215000,0
2026.02.12,07:55,5051.185000,5052.255000,5048.745000,5050.895000,0
2026.02.12,07:56,5050.915000,5051.585000,5048.485000,5049.585000,0
2026.02.12,07:57,5049.615000,5050.935000,5049.475000,5050.505000,0
2026.02.12,07:58,5050.638000,5054.095000,5049.495000,5052.615000,0
2026.02.12,07:59,5052.595000,5054.398000,5052.275000,5052.515000,0
2026.02.12,08:00,5052.475000,5053.075000,5051.165000,5051.925000,0
2026.02.12,08:01,5051.895000,5056.205000,5051.785000,5056.205000,0
2026.02.12,08:02,5056.175000,5057.055000,5054.465000,5056.995000,0
2026.02.12,08:03,5057.015000,5057.295000,5054.515000,5055.575000,0
2026.02.12,08:04,5055.545000,5055.565000,5053.585000,5054.685000,0
2026.02.12,08:05,5054.575000,5056.695000,5053.895000,5056.175000,0
2026.02.12,08:06,5056.185000,5058.495000,5056.185000,5057.235000,0
2026.02.12,08:07,5057.265000,5059.435000,5057.265000,5058.835000,0
2026.02.12,08:08,5058.855000,5059.715000,5057.805000,5059.665000,0
2026.02.12,08:09,5059.635000,5061.105000,5058.355000,5060.785000,0
2026.02.12,08:10,5060.825000,5063.375000,5060.825000,5063.325000,0
2026.02.12,08:11,5063.385000,5063.385000,5061.665000,5063.305000,0
2026.02.12,08:12,5063.285000,5064.585000,5063.198000,5064.035000,0
2026.02.12,08:13,5064.005000,5065.525000,5063.975000,5065.345000,0
2026.02.12,08:14,5065.305000,5065.595000,5063.975000,5065.395000,0
2026.02.12,08:15,5065.375000,5065.815000,5063.835000,5063.835000,0
2026.02.12,08:16,5063.865000,5068.415000,5063.865000,5066.595000,0
2026.02.12,08:17,5066.625000,5070.265000,5066.625000,5069.665000,0
2026.02.12,08:18,5069.685000,5069.925000,5068.375000,5069.825000,0
2026.02.12,08:19,5070.025000,5071.605000,5068.395000,5069.735000,0
2026.02.12,08:20,5069.675000,5071.605000,5068.455000,5069.685000,0
2026.02.12,08:21,5069.715000,5073.265000,5069.715000,5071.795000,0
2026.02.12,08:22,5072.065000,5073.845000,5072.065000,5072.615000,0
2026.02.12,08:23,5072.675000,5074.115000,5071.825000,5072.215000,0
2026.02.12,08:24,5072.375000,5073.275000,5070.625000,5071.055000,0
2026.02.12,08:25,5071.005000,5071.075000,5068.655000,5068.665000,0
2026.02.12,08:26,5068.635000,5068.635000,5065.595000,5065.765000,0
2026.02.12,08:27,5065.715000,5067.275000,5064.828000,5065.655000,0
2026.02.12,08:28,5065.698000,5065.835000,5063.655000,5063.655000,0
2026.02.12,08:29,5063.615000,5063.615000,5061.715000,5062.205000,0
2026.02.12,08:30,5062.125000,5066.455000,5060.125000,5065.845000,0
2026.02.12,08:31,5065.865000,5071.675000,5065.785000,5071.575000,0
2026.02.12,08:32,5071.605000,5071.998000,5069.995000,5070.195000,0
2026.02.12,08:33,5070.225000,5070.225000,5068.145000,5070.115000,0
2026.02.12,08:34,5070.208000,5074.155000,5070.208000,5072.235000,0
2026.02.12,08:35,5072.278000,5072.825000,5069.835000,5070.805000,0
2026.02.12,08:36,5070.835000,5071.935000,5068.448000,5070.015000,0
2026.02.12,08:37,5069.985000,5074.698000,5069.765000,5074.448000,0
2026.02.12,08:38,5074.448000,5074.715000,5072.385000,5073.895000,0
2026.02.12,08:39,5073.865000,5076.248000,5073.445000,5074.365000,0
2026.02.12,08:40,5074.685000,5076.415000,5074.515000,5076.115000,0
2026.02.12,08:41,5076.195000,5076.435000,5074.175000,5074.455000,0
2026.02.12,08:42,5074.415000,5075.838000,5073.265000,5075.185000,0
2026.02.12,08:43,5075.165000,5075.645000,5074.415000,5075.465000,0
2026.02.12,08:44,5075.495000,5077.005000,5075.155000,5075.245000,0
2026.02.12,08:45,5075.275000,5075.665000,5074.535000,5075.585000,0
2026.02.12,08:46,5075.615000,5078.835000,5075.595000,5078.735000,0
2026.02.12,08:47,5078.815000,5080.828000,5077.295000,5078.525000,0
2026.02.12,08:48,5078.495000,5079.035000,5077.525000,5077.825000,0
2026.02.12,08:49,5077.655000,5079.175000,5076.885000,5077.615000,0
2026.02.12,08:50,5077.645000,5079.385000,5077.625000,5077.775000,0
2026.02.12,08:51,5077.735000,5079.855000,5077.715000,5079.255000,0
2026.02.12,08:52,5079.195000,5079.375000,5078.058000,5078.805000,0
2026.02.12,08:53,5078.785000,5080.458000,5078.695000,5079.845000,0
2026.02.12,08:54,5079.875000,5080.585000,5079.455000,5079.985000,0
2026.02.12,08:55,5079.955000,5080.475000,5078.415000,5079.395000,0
2026.02.12,08:56,5079.365000,5082.738000,5079.365000,5082.395000,0
2026.02.12,08:57,5082.365000,5083.475000,5078.898000,5078.898000,0
2026.02.12,08:58,5078.898000,5078.955000,5076.548000,5076.575000,0
2026.02.12,08:59,5076.555000,5076.868000,5074.435000,5075.098000,0
2026.02.12,09:00,5075.098000,5076.348000,5073.558000,5073.885000,0
2026.02.12,09:01,5073.865000,5076.445000,5073.678000,5076.405000,0
2026.02.12,09:02,5076.448000,5077.185000,5074.475000,5075.935000,0
2026.02.12,09:03,5076.038000,5076.208000,5071.268000,5071.688000,0
2026.02.12,09:04,5071.588000,5072.548000,5067.448000,5069.228000,0
2026.02.12,09:05,5069.195000,5070.658000,5066.915000,5069.165000,0
2026.02.12,09:06,5069.125000,5069.885000,5067.705000,5068.215000,0
2026.02.12,09:07,5068.295000,5073.885000,5067.615000,5071.075000,0
2026.02.12,09:08,5071.105000,5072.385000,5069.148000,5069.375000,0
2026.02.12,09:09,5069.395000,5075.245000,5069.365000,5074.845000,0
2026.02.12,09:10,5074.865000,5075.575000,5073.498000,5074.175000,0
2026.02.12,09:11,5074.195000,5076.058000,5074.195000,5074.955000,0
2026.02.12,09:12,5074.465000,5077.485000,5074.215000,5076.325000,0
2026.02.12,09:13,5076.285000,5076.985000,5074.865000,5075.815000,0
2026.02.12,09:14,5075.835000,5075.985000,5060.965000,5064.925000,0
2026.02.12,09:15,5064.895000,5068.065000,5060.555000,5061.385000,0
2026.02.12,09:16,5061.345000,5065.175000,5058.828000,5058.828000,0
2026.02.12,09:17,5058.818000,5062.075000,5056.915000,5060.295000,0
2026.02.12,09:18,5060.245000,5062.345000,5058.618000,5058.618000,0
2026.02.12,09:19,5058.608000,5059.405000,5054.525000,5057.825000,0
2026.02.12,09:20,5057.765000,5062.395000,5055.638000,5060.925000,0
2026.02.12,09:21,5060.895000,5063.395000,5060.895000,5061.275000,0
2026.02.12,09:22,5061.255000,5063.605000,5061.205000,5062.655000,0
2026.02.12,09:23,5062.565000,5062.575000,5059.865000,5061.445000,0
2026.02.12,09:24,5061.415000,5063.295000,5060.705000,5063.295000,0
2026.02.12,09:25,5063.525000,5064.345000,5061.565000,5062.005000,0
2026.02.12,09:26,5062.005000,5064.715000,5061.795000,5064.405000,0
2026.02.12,09:27,5064.235000,5064.685000,5063.235000,5063.338000,0
2026.02.12,09:28,5063.325000,5063.325000,5060.715000,5061.425000,0
2026.02.12,09:29,5061.365000,5061.475000,5059.265000,5059.665000,0
2026.02.12,09:30,5059.695000,5064.005000,5058.375000,5058.678000,0
2026.02.12,09:31,5058.678000,5066.005000,5058.568000,5062.995000,0
2026.02.12,09:32,5063.035000,5068.165000,5062.755000,5067.805000,0
2026.02.12,09:33,5067.785000,5071.355000,5065.475000,5068.545000,0
2026.02.12,09:34,5068.515000,5069.195000,5065.665000,5067.905000,0
2026.02.12,09:35,5067.855000,5069.275000,5064.695000,5065.975000,0
2026.02.12,09:36,5065.945000,5067.495000,5064.125000,5065.595000,0
2026.02.12,09:37,5065.555000,5065.585000,5061.445000,5062.405000,0
2026.02.12,09:38,5062.365000,5063.395000,5056.765000,5060.615000,0
2026.02.12,09:39,5060.595000,5061.495000,5057.085000,5058.895000,0
2026.02.12,09:40,5059.205000,5062.495000,5058.555000,5062.155000,0
2026.02.12,09:41,5062.155000,5062.645000,5058.095000,5058.445000,0
2026.02.12,09:42,5058.415000,5059.425000,5055.705000,5056.955000,0
2026.02.12,09:43,5056.995000,5058.785000,5056.245000,5057.785000,0
2026.02.12,09:44,5057.895000,5058.175000,5053.495000,5055.955000,0
2026.02.12,09:45,5055.925000,5059.275000,5055.495000,5058.415000,0
2026.02.12,09:46,5058.435000,5061.105000,5057.675000,5059.485000,0
2026.02.12,09:47,5059.205000,5059.845000,5053.845000,5054.475000,0
2026.02.12,09:48,5054.505000,5054.925000,5051.425000,5054.235000,0
2026.02.12,09:49,5054.385000,5057.185000,5053.195000,5054.485000,0
2026.02.12,09:50,5054.895000,5057.345000,5052.045000,5057.005000,0
2026.02.12,09:51,5056.975000,5057.835000,5054.425000,5056.515000,0
2026.02.12,09:52,5056.435000,5056.435000,5050.825000,5051.285000,0
2026.02.12,09:53,5051.265000,5055.705000,5051.235000,5053.508000,0
2026.02.12,09:54,5053.355000,5054.425000,5051.905000,5053.775000,0
2026.02.12,09:55,5053.815000,5055.255000,5051.535000,5052.405000,0
2026.02.12,09:56,5052.385000,5052.715000,5040.448000,5042.415000,0
2026.02.12,09:57,5042.945000,5044.035000,5039.265000,5041.535000,0
2026.02.12,09:58,5041.495000,5043.185000,5039.795000,5042.755000,0
2026.02.12,09:59,5042.815000,5044.265000,5039.605000,5044.055000,0
2026.02.12,10:00,5044.045000,5049.285000,5040.395000,5040.835000,0
2026.02.12,10:01,5040.905000,5049.055000,5039.575000,5048.585000,0
2026.02.12,10:02,5048.655000,5052.165000,5048.565000,5050.265000,0
2026.02.12,10:03,5050.215000,5053.855000,5049.905000,5053.425000,0
2026.02.12,10:04,5053.445000,5054.295000,5051.295000,5053.455000,0
2026.02.12,10:05,5053.415000,5054.565000,5049.058000,5053.475000,0
2026.02.12,10:06,5052.945000,5055.955000,5052.055000,5053.515000,0
2026.02.12,10:07,5053.495000,5058.405000,5052.935000,5056.815000,0
2026.02.12,10:08,5056.815000,5057.675000,5054.465000,5056.125000,0
2026.02.12,10:09,5056.035000,5058.195000,5054.245000,5057.395000,0
2026.02.12,10:10,5057.425000,5063.025000,5057.425000,5062.395000,0
2026.02.12,10:11,5062.405000,5062.605000,5060.945000,5062.225000,0
2026.02.12,10:12,5062.245000,5064.055000,5061.815000,5061.955000,0
2026.02.12,10:13,5062.005000,5064.705000,5061.905000,5063.435000,0
2026.02.12,10:14,5063.405000,5065.363000,5063.375000,5064.755000,0
2026.02.12,10:15,5064.725000,5066.675000,5064.375000,5065.925000,0
2026.02.12,10:16,5065.905000,5066.975000,5065.135000,5066.138000,0
2026.02.12,10:17,5066.238000,5068.375000,5065.855000,5067.005000,0
2026.02.12,10:18,5066.955000,5069.065000,5066.025000,5067.935000,0
2026.02.12,10:19,5067.965000,5069.645000,5065.395000,5065.705000,0
2026.02.12,10:20,5065.735000,5066.395000,5064.885000,5065.345000,0
2026.02.12,10:21,5065.415000,5065.495000,5063.785000,5063.785000,0
2026.02.12,10:22,5063.735000,5065.095000,5062.845000,5064.665000,0
2026.02.12,10:23,5064.875000,5064.875000,5063.265000,5063.265000,0
2026.02.12,10:24,5063.245000,5063.355000,5062.378000,5062.765000,0
2026.02.12,10:25,5062.735000,5064.745000,5062.445000,5064.455000,0
2026.02.12,10:26,5064.435000,5064.505000,5062.675000,5064.105000,0
2026.02.12,10:27,5064.125000,5064.985000,5063.185000,5064.165000,0
2026.02.12,10:28,5064.225000,5065.775000,5063.405000,5065.405000,0
2026.02.12,10:29,5065.065000,5066.515000,5064.248000,5065.805000,0
2026.02.12,10:30,5065.285000,5072.145000,5065.115000,5070.015000,0
2026.02.12,10:31,5070.055000,5071.885000,5069.685000,5071.145000,0
2026.02.12,10:32,5071.205000,5071.205000,5068.505000,5069.165000,0
2026.02.12,10:33,5068.858000,5070.275000,5068.295000,5069.275000,0
2026.02.12,10:34,5069.245000,5069.748000,5067.748000,5069.135000,0
2026.02.12,10:35,5069.115000,5071.415000,5068.905000,5070.955000,0
2026.02.12,10:36,5070.925000,5071.425000,5069.495000,5071.085000,0
2026.02.12,10:37,5071.135000,5072.135000,5068.065000,5069.625000,0
2026.02.12,10:38,5069.585000,5069.705000,5066.215000,5069.545000,0
2026.02.12,10:39,5069.525000,5070.115000,5067.975000,5068.535000,0
2026.02.12,10:40,5068.515000,5070.825000,5068.445000,5069.098000,0
2026.02.12,10:41,5069.015000,5069.985000,5067.735000,5068.705000,0
2026.02.12,10:42,5068.698000,5070.605000,5067.058000,5070.005000,0
2026.02.12,10:43,5070.065000,5071.485000,5068.875000,5069.805000,0
2026.02.12,10:44,5069.825000,5071.665000,5069.695000,5070.435000,0
2026.02.12,10:45,5070.465000,5074.115000,5070.435000,5074.035000,0
2026.02.12,10:46,5074.055000,5074.548000,5073.045000,5074.265000,0
2026.02.12,10:47,5074.245000,5074.655000,5073.015000,5073.425000,0
2026.02.12,10:48,5073.455000,5074.498000,5072.825000,5073.495000,0
2026.02.12,10:49,5073.545000,5073.645000,5072.515000,5072.985000,0
2026.02.12,10:50,5072.545000,5072.545000,5069.748000,5070.655000,0
2026.02.12,10:51,5070.585000,5073.665000,5070.585000,5072.598000,0
2026.02.12,10:52,5072.598000,5073.825000,5070.898000,5072.605000,0
2026.02.12,10:53,5072.608000,5073.348000,5071.348000,5072.965000,0
2026.02.12,10:54,5072.908000,5072.908000,5068.648000,5069.445000,0
2026.02.12,10:55,5069.415000,5072.515000,5069.395000,5071.148000,0
2026.02.12,10:56,5071.165000,5072.448000,5070.448000,5070.448000,0
2026.02.12,10:57,5070.448000,5071.915000,5069.785000,5070.565000,0
2026.02.12,10:58,5071.338000,5071.495000,5067.798000,5067.808000,0
2026.02.12,10:59,5067.808000,5067.838000,5059.805000,5060.248000,0
2026.02.12,11:00,5060.295000,5061.785000,5058.525000,5061.305000,0
2026.02.12,11:01,5061.325000,5063.405000,5059.095000,5063.405000,0
2026.02.12,11:02,5063.505000,5063.565000,5058.435000,5060.435000,0
2026.02.12,11:03,5060.485000,5067.625000,5060.485000,5066.205000,0
2026.02.12,11:04,5066.165000,5067.895000,5064.838000,5065.115000,0
2026.02.12,11:05,5065.015000,5065.115000,5058.358000,5058.575000,0
2026.02.12,11:06,5058.495000,5059.435000,5055.288000,5056.155000,0
2026.02.12,11:07,5056.145000,5057.145000,5053.625000,5055.965000,0
2026.02.12,11:08,5055.985000,5057.635000,5052.145000,5052.145000,0
2026.02.12,11:09,5052.175000,5053.715000,5049.638000,5049.835000,0
2026.02.12,11:10,5049.795000,5049.835000,5032.938000,5033.775000,0
2026.02.12,11:11,5033.725000,5034.805000,5012.835000,5016.185000,0
2026.02.12,11:12,5015.675000,5016.165000,5002.875000,5008.315000,0
2026.02.12,11:13,5008.515000,5009.505000,4983.075000,4990.115000,0
2026.02.12,11:14,4989.948000,4991.048000,4947.638000,4950.978000,0
2026.02.12,11:15,4950.998000,4965.425000,4943.865000,4946.955000,0
2026.02.12,11:16,4947.355000,4960.035000,4937.148000,4947.755000,0
2026.02.12,11:17,4948.625000,4951.555000,4919.288000,4919.745000,0
2026.02.12,11:18,4919.835000,4931.645000,4913.215000,4924.015000,0
2026.02.12,11:19,4924.415000,4941.455000,4921.858000,4934.335000,0
2026.02.12,11:20,4934.285000,4935.055000,4917.475000,4920.038000,0
2026.02.12,11:21,4919.955000,4928.845000,4912.625000,4920.775000,0
2026.02.12,11:22,4920.685000,4926.445000,4906.348000,4909.758000,0
2026.02.12,11:23,4909.795000,4934.205000,4908.388000,4926.725000,0
2026.02.12,11:24,4926.695000,4930.335000,4916.785000,4922.165000,0
2026.02.12,11:25,4922.165000,4922.775000,4910.635000,4911.925000,0
2026.02.12,11:26,4912.005000,4912.435000,4887.055000,4888.828000,0
2026.02.12,11:27,4888.858000,4904.078000,4886.498000,4895.428000,0
2026.02.12,11:28,4895.448000,4898.485000,4879.395000,4888.628000,0
2026.02.12,11:29,4888.178000,4898.718000,4877.255000,4896.428000,0
2026.02.12,11:30,4896.528000,4918.398000,4893.598000,4913.435000,0
2026.02.12,11:31,4913.435000,4929.005000,4913.435000,4927.535000,0
2026.02.12,11:32,4927.845000,4941.045000,4927.748000,4939.595000,0
2026.02.12,11:33,4939.575000,4941.335000,4926.425000,4936.205000,0
2026.02.12,11:34,4935.455000,4942.975000,4932.353000,4937.485000,0
2026.02.12,11:35,4937.505000,4947.035000,4932.645000,4940.665000,0
2026.02.12,11:36,4940.665000,4953.375000,4935.785000,4953.375000,0
2026.02.12,11:37,4953.515000,4953.805000,4936.885000,4942.238000,0
2026.02.12,11:38,4942.425000,4950.265000,4940.935000,4947.375000,0
2026.02.12,11:39,4947.365000,4957.445000,4947.365000,4957.055000,0
2026.02.12,11:40,4957.105000,4962.168000,4954.785000,4955.898000,0
2026.02.12,11:41,4956.065000,4968.905000,4953.785000,4962.375000,0
2026.02.12,11:42,4962.275000,4963.615000,4953.878000,4955.508000,0
2026.02.12,11:43,4955.635000,4960.678000,4949.935000,4954.798000,0
2026.02.12,11:44,4954.968000,4957.675000,4948.458000,4952.798000,0
2026.02.12,11:45,4952.635000,4956.595000,4945.885000,4951.965000,0
2026.02.12,11:46,4952.035000,4952.295000,4939.938000,4944.418000,0
2026.02.12,11:47,4944.515000,4944.818000,4932.795000,4936.405000,0
2026.02.12,11:48,4936.325000,4946.255000,4935.795000,4942.498000,0
2026.02.12,11:49,4942.498000,4942.498000,4932.985000,4935.495000,0
2026.02.12,11:50,4935.455000,4955.075000,4935.428000,4954.038000,0
2026.02.12,11:51,4953.925000,4961.845000,4953.315000,4955.055000,0
2026.02.12,11:52,4955.345000,4956.115000,4950.158000,4952.165000,0
2026.02.12,11:53,4952.105000,4952.265000,4938.305000,4941.318000,0
2026.02.12,11:54,4941.318000,4942.018000,4930.635000,4935.005000,0
2026.02.12,11:55,4935.315000,4947.315000,4934.545000,4947.315000,0
2026.02.12,11:56,4947.138000,4952.145000,4945.958000,4949.938000,0
2026.02.12,11:57,4949.865000,4954.518000,4948.575000,4951.578000,0
2026.02.12,11:58,4951.575000,4953.325000,4947.515000,4948.115000,0
2026.02.12,11:59,4948.135000,4957.135000,4947.338000,4954.275000,0
2026.02.12,12:00,4954.295000,4958.805000,4949.125000,4949.815000,0
2026.02.12,12:01,4949.785000,4953.435000,4942.805000,4950.165000,0
2026.02.12,12:02,4950.205000,4956.185000,4948.885000,4955.295000,0
2026.02.12,12:03,4955.255000,4955.875000,4947.595000,4950.395000,0
2026.02.12,12:04,4950.325000,4953.225000,4945.625000,4948.305000,0
2026.02.12,12:05,4948.115000,4948.715000,4939.695000,4941.265000,0
2026.02.12,12:06,4941.175000,4956.325000,4939.055000,4953.525000,0
2026.02.12,12:07,4953.505000,4966.758000,4952.805000,4961.785000,0
2026.02.12,12:08,4961.715000,4962.655000,4950.745000,4953.055000,0
2026.02.12,12:09,4952.795000,4963.195000,4952.365000,4960.835000,0
2026.02.12,12:10,4960.875000,4962.095000,4954.035000,4955.445000,0
2026.02.12,12:11,4954.915000,4959.265000,4954.605000,4957.685000,0
2026.02.12,12:12,4957.398000,4958.165000,4954.305000,4954.955000,0
2026.02.12,12:13,4954.995000,4960.715000,4953.285000,4959.235000,0
2026.02.12,12:14,4959.215000,4963.185000,4958.625000,4959.145000,0
2026.02.12,12:15,4959.055000,4961.085000,4957.095000,4957.625000,0
2026.02.12,12:16,4957.655000,4962.915000,4955.258000,4962.525000,0
2026.02.12,12:17,4962.455000,4962.975000,4955.815000,4957.695000,0
2026.02.12,12:18,4957.715000,4961.375000,4956.025000,4961.338000,0
2026.02.12,12:19,4961.338000,4965.585000,4958.565000,4959.518000,0
2026.02.12,12:20,4959.458000,4970.245000,4959.458000,4969.285000,0
2026.02.12,12:21,4969.305000,4969.475000,4960.975000,4961.145000,0
2026.02.12,12:22,4960.965000,4972.055000,4960.805000,4972.055000,0
2026.02.12,12:23,4972.045000,4978.238000,4967.058000,4977.375000,0
2026.02.12,12:24,4977.375000,4980.795000,4972.668000,4972.868000,0
2026.02.12,12:25,4972.618000,4976.298000,4970.178000,4975.355000,0
2026.02.12,12:26,4975.288000,4977.365000,4970.805000,4972.478000,0
2026.02.12,12:27,4971.735000,4977.345000,4970.745000,4977.068000,0
2026.02.12,12:28,4977.068000,4982.335000,4973.358000,4974.358000,0
2026.02.12,12:29,4974.498000,4974.498000,4965.218000,4965.428000,0
2026.02.12,12:30,4965.438000,4965.438000,4958.285000,4959.668000,0
2026.02.12,12:31,4959.698000,4962.285000,4957.285000,4959.435000,0
2026.02.12,12:32,4959.365000,4967.385000,4957.405000,4961.335000,0
2026.02.12,12:33,4961.315000,4964.345000,4957.475000,4962.488000,0
2026.02.12,12:34,4962.488000,4965.018000,4960.438000,4964.395000,0
2026.02.12,12:35,4964.055000,4967.475000,4963.165000,4966.595000,0
2026.02.12,12:36,4966.615000,4967.585000,4961.045000,4964.445000,0
2026.02.12,12:37,4964.235000,4967.805000,4961.055000,4964.365000,0
2026.02.12,12:38,4964.395000,4971.735000,4962.925000,4966.215000,0
2026.02.12,12:39,4966.175000,4969.085000,4965.185000,4967.215000,0
2026.02.12,12:40,4967.245000,4973.275000,4965.315000,4972.925000,0
2026.02.12,12:41,4972.975000,4974.605000,4966.495000,4966.585000,0
2026.02.12,12:42,4966.525000,4966.575000,4958.238000,4960.265000,0
2026.02.12,12:43,4960.235000,4965.365000,4959.045000,4963.965000,0
2026.02.12,12:44,4963.965000,4970.615000,4963.545000,4969.235000,0
2026.02.12,12:45,4969.295000,4970.915000,4954.175000,4955.745000,0
2026.02.12,12:46,4955.795000,4958.725000,4951.485000,4953.568000,0
2026.02.12,12:47,4953.578000,4956.768000,4953.115000,4956.248000,0
2026.02.12,12:48,4956.258000,4958.838000,4954.628000,4956.015000,0
2026.02.12,12:49,4956.035000,4958.175000,4949.925000,4951.105000,0
2026.02.12,12:50,4951.135000,4957.705000,4951.135000,4952.335000,0
2026.02.12,12:51,4952.295000,4952.845000,4947.555000,4950.605000,0
2026.02.12,12:52,4950.605000,4951.825000,4948.445000,4949.365000,0
2026.02.12,12:53,4949.385000,4950.845000,4945.218000,4946.645000,0
2026.02.12,12:54,4946.595000,4950.435000,4944.608000,4947.195000,0
2026.02.12,12:55,4947.395000,4947.525000,4942.518000,4945.675000,0
2026.02.12,12:56,4945.625000,4948.705000,4942.938000,4948.555000,0
2026.02.12,12:57,4948.585000,4949.025000,4942.815000,4944.455000,0
2026.02.12,12:58,4944.405000,4945.045000,4939.225000,4944.195000,0
2026.02.12,12:59,4944.215000,4945.105000,4940.535000,4940.865000,0
2026.02.12,13:00,4940.645000,4941.925000,4934.038000,4934.195000,0
2026.02.12,13:01,4934.255000,4943.655000,4933.968000,4943.655000,0
2026.02.12,13:02,4943.635000,4949.715000,4938.408000,4938.735000,0
2026.02.12,13:03,4938.845000,4938.845000,4931.865000,4933.405000,0
2026.02.12,13:04,4933.445000,4939.135000,4931.105000,4937.978000,0
2026.02.12,13:05,4938.138000,4939.528000,4933.968000,4938.088000,0
2026.02.12,13:06,4938.118000,4938.118000,4930.905000,4933.085000,0
2026.02.12,13:07,4933.275000,4938.105000,4931.935000,4934.155000,0
2026.02.12,13:08,4934.255000,4934.685000,4921.055000,4922.645000,0
2026.02.12,13:09,4922.585000,4928.255000,4922.585000,4924.615000,0
2026.02.12,13:10,4924.625000,4933.685000,4922.585000,4931.695000,0
2026.02.12,13:11,4931.655000,4933.935000,4925.715000,4933.645000,0
2026.02.12,13:12,4933.685000,4935.225000,4928.765000,4929.945000,0
2026.02.12,13:13,4929.925000,4930.685000,4922.125000,4926.725000,0
2026.02.12,13:14,4926.785000,4934.155000,4926.545000,4934.135000,0
2026.02.12,13:15,4934.185000,4934.985000,4929.185000,4930.625000,0
2026.02.12,13:16,4930.585000,4931.175000,4928.238000,4929.275000,0
2026.02.12,13:17,4929.315000,4932.255000,4923.775000,4923.875000,0
2026.02.12,13:18,4923.905000,4924.845000,4910.885000,4912.545000,0
2026.02.12,13:19,4912.525000,4917.945000,4907.275000,4907.815000,0
2026.02.12,13:20,4907.735000,4918.975000,4906.185000,4918.375000,0
2026.02.12,13:21,4918.375000,4930.955000,4918.278000,4923.525000,0
2026.02.12,13:22,4923.455000,4924.585000,4917.885000,4921.835000,0
2026.02.12,13:23,4921.175000,4923.115000,4917.295000,4917.685000,0
2026.02.12,13:24,4917.745000,4922.085000,4915.518000,4917.735000,0
2026.02.12,13:25,4918.255000,4920.505000,4915.325000,4919.075000,0
2026.02.12,13:26,4919.455000,4928.115000,4918.865000,4924.985000,0
2026.02.12,13:27,4924.975000,4930.625000,4924.925000,4930.435000,0
2026.02.12,13:28,4930.295000,4933.695000,4926.175000,4928.905000,0
2026.02.12,13:29,4928.925000,4929.908000,4925.385000,4928.035000,0
2026.02.12,13:30,4928.035000,4932.635000,4926.125000,4931.145000,0
2026.02.12,13:31,4930.775000,4933.095000,4925.805000,4927.045000,0
2026.02.12,13:32,4927.155000,4932.115000,4926.895000,4929.025000,0
2026.02.12,13:33,4929.005000,4935.665000,4928.875000,4931.185000,0
2026.02.12,13:34,4931.125000,4935.665000,4931.125000,4932.505000,0
2026.02.12,13:35,4932.485000,4938.115000,4931.215000,4935.675000,0
2026.02.12,13:36,4935.645000,4938.115000,4929.105000,4930.315000,0
2026.02.12,13:37,4930.245000,4931.795000,4929.235000,4930.395000,0
2026.02.12,13:38,4930.365000,4933.065000,4930.125000,4932.545000,0
2026.02.12,13:39,4933.155000,4942.615000,4931.525000,4940.645000,0
2026.02.12,13:40,4940.655000,4941.485000,4933.005000,4934.635000,0
2026.02.12,13:41,4934.625000,4941.805000,4934.415000,4938.425000,0
2026.02.12,13:42,4938.425000,4943.675000,4937.205000,4943.015000,0
2026.02.12,13:43,4943.015000,4945.825000,4941.875000,4945.295000,0
2026.02.12,13:44,4945.345000,4946.275000,4939.908000,4939.915000,0
2026.02.12,13:45,4939.978000,4942.305000,4935.085000,4935.275000,0
2026.02.12,13:46,4935.275000,4940.315000,4934.975000,4937.975000,0
2026.02.12,13:47,4937.488000,4938.975000,4936.575000,4938.185000,0
2026.02.12,13:48,4938.245000,4941.558000,4938.165000,4938.715000,0
2026.02.12,13:49,4938.685000,4940.678000,4936.835000,4938.805000,0
2026.02.12,13:50,4938.815000,4942.185000,4937.975000,4941.385000,0
2026.02.12,13:51,4941.415000,4949.975000,4940.275000,4949.905000,0
2026.02.12,13:52,4949.658000,4950.395000,4947.955000,4949.875000,0
2026.02.12,13:53,4949.835000,4951.855000,4945.675000,4947.225000,0
2026.02.12,13:54,4947.145000,4947.885000,4944.105000,4944.415000,0
2026.02.12,13:55,4944.465000,4945.865000,4942.125000,4945.715000,0
2026.02.12,13:56,4945.735000,4945.745000,4939.205000,4940.945000,0
2026.02.12,13:57,4940.905000,4940.965000,4936.675000,4936.745000,0
2026.02.12,13:58,4937.325000,4942.165000,4935.635000,4935.795000,0
2026.02.12,13:59,4935.825000,4937.615000,4932.925000,4935.245000,0
2026.02.12,14:00,4935.435000,4937.765000,4934.158000,4935.925000,0
2026.02.12,14:01,4935.885000,4937.698000,4930.585000,4931.065000,0
2026.02.12,14:02,4931.015000,4934.495000,4927.345000,4934.495000,0
2026.02.12,14:03,4934.405000,4937.975000,4934.405000,4935.465000,0
2026.02.12,14:04,4935.415000,4935.535000,4931.125000,4932.375000,0
2026.02.12,14:05,4932.445000,4936.115000,4930.975000,4936.065000,0
2026.02.12,14:06,4936.025000,4937.235000,4932.415000,4933.545000,0
2026.02.12,14:07,4933.535000,4936.025000,4931.805000,4934.975000,0
2026.02.12,14:08,4935.125000,4941.325000,4934.985000,4940.445000,0
2026.02.12,14:09,4940.505000,4941.315000,4936.225000,4936.295000,0
2026.02.12,14:10,4936.345000,4938.815000,4935.935000,4937.035000,0
2026.02.12,14:11,4937.065000,4937.375000,4930.175000,4930.265000,0
2026.02.12,14:12,4930.115000,4934.035000,4930.115000,4933.255000,0
2026.02.12,14:13,4933.205000,4935.415000,4931.735000,4931.785000,0
2026.02.12,14:14,4931.425000,4935.075000,4930.975000,4932.985000,0
2026.02.12,14:15,4932.955000,4936.535000,4932.115000,4934.445000,0
2026.02.12,14:16,4934.465000,4935.605000,4929.225000,4931.155000,0
2026.02.12,14:17,4931.205000,4934.405000,4930.035000,4932.895000,0
2026.02.12,14:18,4932.925000,4938.225000,4932.125000,4938.165000,0
2026.02.12,14:19,4938.215000,4943.645000,4938.215000,4943.035000,0
2026.02.12,14:20,4943.015000,4944.045000,4938.425000,4942.515000,0
2026.02.12,14:21,4942.495000,4943.195000,4938.245000,4942.285000,0
2026.02.12,14:22,4942.255000,4943.248000,4937.655000,4937.965000,0
2026.02.12,14:23,4937.945000,4942.905000,4937.905000,4942.065000,0
2026.02.12,14:24,4942.105000,4942.898000,4938.795000,4940.275000,0
2026.02.12,14:25,4940.095000,4941.875000,4938.335000,4938.335000,0
2026.02.12,14:26,4938.365000,4938.365000,4933.615000,4936.985000,0
2026.02.12,14:27,4936.895000,4937.115000,4934.275000,4935.425000,0
2026.02.12,14:28,4935.445000,4935.655000,4931.805000,4932.145000,0
2026.02.12,14:29,4932.115000,4932.465000,4930.885000,4931.018000,0
2026.02.12,14:30,4931.025000,4934.055000,4931.025000,4933.315000,0
2026.02.12,14:31,4933.295000,4937.985000,4933.055000,4937.155000,0
2026.02.12,14:32,4937.185000,4941.275000,4936.785000,4940.375000,0
2026.02.12,14:33,4940.425000,4945.535000,4940.375000,4944.475000,0
2026.02.12,14:34,4944.525000,4948.235000,4944.308000,4945.535000,0
2026.02.12,14:35,4945.565000,4948.945000,4944.415000,4948.638000,0
2026.02.12,14:36,4948.685000,4949.415000,4945.518000,4945.895000,0
2026.02.12,14:37,4945.915000,4950.095000,4945.648000,4949.225000,0
2026.02.12,14:38,4949.185000,4950.095000,4947.235000,4947.835000,0
2026.02.12,14:39,4947.805000,4948.705000,4945.925000,4947.225000,0
2026.02.12,14:40,4947.095000,4947.225000,4944.225000,4944.685000,0
2026.02.12,14:41,4944.655000,4945.195000,4943.195000,4943.635000,0
2026.02.12,14:42,4943.625000,4945.285000,4941.228000,4944.575000,0
2026.02.12,14:43,4944.698000,4948.705000,4944.185000,4944.285000,0
2026.02.12,14:44,4944.365000,4947.028000,4942.565000,4946.505000,0
2026.02.12,14:45,4946.505000,4947.855000,4945.865000,4947.405000,0
2026.02.12,14:46,4947.405000,4948.775000,4946.685000,4948.115000,0
2026.02.12,14:47,4948.175000,4950.225000,4947.875000,4949.525000,0
2026.02.12,14:48,4949.495000,4956.185000,4948.705000,4956.045000,0
2026.02.12,14:49,4956.085000,4956.085000,4951.485000,4953.725000,0
2026.02.12,14:50,4953.705000,4957.345000,4953.645000,4955.075000,0
2026.02.12,14:51,4955.065000,4956.455000,4953.025000,4955.865000,0
2026.02.12,14:52,4955.855000,4957.955000,4954.125000,4956.335000,0
2026.02.12,14:53,4956.395000,4957.135000,4955.105000,4955.805000,0
2026.02.12,14:54,4955.775000,4956.405000,4953.938000,4954.025000,0
2026.02.12,14:55,4954.005000,4955.455000,4950.955000,4951.895000,0
2026.02.12,14:56,4951.895000,4952.975000,4949.685000,4950.025000,0
2026.02.12,14:57,4949.975000,4950.375000,4947.835000,4948.365000,0
2026.02.12,14:58,4948.365000,4948.515000,4943.165000,4946.025000,0
2026.02.12,14:59,4946.005000,4946.015000,4943.225000,4945.325000,0
2026.02.12,15:00,4945.425000,4947.655000,4944.305000,4947.625000,0
2026.02.12,15:01,4947.645000,4948.205000,4944.945000,4945.085000,0
2026.02.12,15:02,4945.135000,4946.785000,4941.445000,4942.075000,0
2026.02.12,15:03,4942.005000,4943.155000,4940.395000,4942.695000,0
2026.02.12,15:04,4942.655000,4945.245000,4942.455000,4945.125000,0
2026.02.12,15:05,4945.145000,4946.055000,4943.165000,4945.055000,0
2026.02.12,15:06,4945.035000,4946.335000,4942.125000,4943.135000,0
2026.02.12,15:07,4943.085000,4945.038000,4941.635000,4942.045000,0
2026.02.12,15:08,4942.015000,4943.675000,4940.165000,4942.075000,0
2026.02.12,15:09,4942.015000,4942.015000,4939.295000,4941.395000,0
2026.02.12,15:10,4941.395000,4941.795000,4939.665000,4939.935000,0
2026.02.12,15:11,4939.975000,4940.115000,4933.495000,4938.785000,0
2026.02.12,15:12,4938.805000,4942.185000,4938.125000,4940.695000,0
2026.02.12,15:13,4940.635000,4941.445000,4939.305000,4941.035000,0
2026.02.12,15:14,4941.055000,4941.685000,4938.485000,4940.635000,0
2026.02.12,15:15,4940.655000,4940.765000,4936.385000,4936.505000,0
2026.02.12,15:16,4936.465000,4938.955000,4936.345000,4937.745000,0
2026.02.12,15:17,4937.045000,4938.445000,4935.275000,4936.705000,0
2026.02.12,15:18,4936.645000,4937.285000,4935.255000,4936.725000,0
2026.02.12,15:19,4936.705000,4937.905000,4935.765000,4937.355000,0
2026.02.12,15:20,4937.325000,4937.465000,4931.925000,4932.615000,0
2026.02.12,15:21,4932.615000,4935.255000,4932.535000,4934.395000,0
2026.02.12,15:22,4934.435000,4935.065000,4933.208000,4933.895000,0
2026.02.12,15:23,4933.945000,4935.765000,4930.455000,4930.535000,0
2026.02.12,15:24,4930.555000,4930.615000,4927.035000,4928.245000,0
2026.02.12,15:25,4928.155000,4930.015000,4925.555000,4925.885000,0
2026.02.12,15:26,4925.915000,4929.615000,4925.585000,4928.905000,0
2026.02.12,15:27,4928.945000,4930.415000,4926.905000,4927.885000,0
2026.02.12,15:28,4927.885000,4927.885000,4921.465000,4921.465000,0
2026.02.12,15:29,4921.478000,4924.935000,4921.478000,4922.298000,0
2026.02.12,15:30,4922.345000,4922.395000,4911.745000,4913.845000,0
2026.02.12,15:31,4913.875000,4914.895000,4912.535000,4913.835000,0
2026.02.12,15:32,4913.885000,4915.945000,4910.865000,4914.675000,0
2026.02.12,15:33,4914.725000,4917.835000,4911.465000,4917.725000,0
2026.02.12,15:34,4917.875000,4920.560000,4917.855000,4919.635000,0
2026.02.12,15:35,4919.685000,4927.535000,4919.685000,4927.535000,0
2026.02.12,15:36,4927.405000,4927.945000,4922.185000,4922.185000,0
2026.02.12,15:37,4922.135000,4924.515000,4921.135000,4922.895000,0
2026.02.12,15:38,4922.915000,4923.435000,4917.405000,4918.225000,0
2026.02.12,15:39,4918.195000,4920.556000,4917.045000,4919.785000,0
2026.02.12,15:40,4919.685000,4921.715000,4918.475000,4921.345000,0
2026.02.12,15:41,4921.385000,4923.335000,4921.158000,4921.158000,0
2026.02.12,15:42,4921.235000,4921.515000,4915.735000,4918.165000,0
2026.02.12,15:43,4918.185000,4918.185000,4915.075000,4916.805000,0
2026.02.12,15:44,4917.095000,4920.975000,4916.595000,4920.415000,0
2026.02.12,15:45,4920.555000,4922.505000,4919.985000,4921.095000,0
2026.02.12,15:46,4921.115000,4921.615000,4916.135000,4917.775000,0
2026.02.12,15:47,4917.795000,4917.795000,4913.285000,4915.035000,0
2026.02.12,15:48,4915.095000,4918.905000,4915.005000,4918.788000,0
2026.02.12,15:49,4918.761000,4921.545000,4917.815000,4921.125000,0
2026.02.12,15:50,4921.145000,4923.045000,4919.671000,4920.135000,0
2026.02.12,15:51,4920.175000,4920.255000,4912.035000,4912.595000,0
2026.02.12,15:52,4912.595000,4916.125000,4911.625000,4915.265000,0
2026.02.12,15:53,4915.235000,4919.375000,4914.705000,4918.485000,0
2026.02.12,15:54,4918.545000,4922.028000,4917.798000,4919.655000,0
2026.02.12,15:55,4919.633000,4923.365000,4917.890000,4921.885000,0
2026.02.12,15:56,4921.885000,4923.265000,4913.975000,4914.129000,0
2026.02.12,15:57,4914.129000,4917.325000,4913.955000,4916.649000,0
2026.02.12,15:58,4916.685000,4917.115000,4914.485000,4915.215000,0
2026.02.12,15:59,4915.265000,4918.165000,4913.065000,4914.859000,0
2026.02.12,16:00,4914.615000,4915.568000,4912.045000,4915.425000,0
2026.02.12,16:01,4915.395000,4916.285000,4913.269000,4915.645000,0
2026.02.12,16:02,4915.625000,4919.175000,4915.529000,4919.175000,0
2026.02.12,16:03,4919.815000,4922.119000,4917.885000,4920.329000,0
2026.02.12,16:04,4920.329000,4921.669000,4918.535000,4919.675000,0
2026.02.12,16:05,4919.569000,4919.569000,4916.559000,4918.049000,0
2026.02.12,16:06,4918.119000,4919.035000,4917.519000,4917.519000,0
2026.02.12,16:07,4917.629000,4918.179000,4915.829000,4916.269000,0
2026.02.12,16:08,4916.269000,4917.778000,4916.259000,4916.639000,0
2026.02.12,16:09,4916.349000,4917.629000,4911.455000,4912.169000,0
2026.02.12,16:10,4912.118000,4915.679000,4912.118000,4913.389000,0
2026.02.12,16:11,4913.449000,4917.405000,4913.349000,4916.985000,0
2026.02.12,16:12,4917.015000,4920.975000,4916.885000,4920.089000,0
2026.02.12,16:13,4920.079000,4922.539000,4917.625000,4917.625000,0
2026.02.12,16:14,4917.565000,4917.868000,4916.569000,4916.709000,0
2026.02.12,16:15,4916.739000,4918.439000,4915.385000,4917.545000,0
2026.02.12,16:16,4917.585000,4917.839000,4912.615000,4913.235000,0
2026.02.12,16:17,4913.295000,4917.895000,4913.295000,4917.895000,0
2026.02.12,16:18,4917.955000,4921.745000,4917.505000,4921.295000,0
2026.02.12,16:19,4921.255000,4921.415000,4919.995000,4921.145000,0
2026.02.12,16:20,4921.189000,4922.855000,4918.975000,4922.699000,0
2026.02.12,16:21,4922.649000,4922.699000,4919.865000,4920.159000,0
2026.02.12,16:22,4920.075000,4920.075000,4918.055000,4918.399000,0
2026.02.12,16:23,4918.409000,4921.295000,4918.299000,4920.729000,0
2026.02.12,16:24,4920.709000,4924.195000,4919.655000,4922.605000,0
2026.02.12,16:25,4922.575000,4923.825000,4922.055000,4922.365000,0
2026.02.12,16:26,4922.345000,4922.395000,4920.855000,4921.855000,0
2026.02.12,16:27,4921.875000,4922.595000,4921.235000,4921.415000,0
2026.02.12,16:28,4921.445000,4922.735000,4919.775000,4920.315000,0
2026.02.12,16:29,4920.405000,4922.085000,4920.005000,4920.045000,0
2026.02.12,16:30,4920.015000,4921.225000,4919.705000,4920.515000,0
2026.02.12,16:31,4920.535000,4923.115000,4920.495000,4922.765000,0
2026.02.12,16:32,4922.725000,4926.185000,4921.305000,4925.255000,0
2026.02.12,16:33,4925.285000,4925.375000,4920.595000,4922.105000,0
2026.02.12,16:34,4922.125000,4923.765000,4922.125000,4923.225000,0
2026.02.12,16:35,4922.965000,4923.145000,4920.735000,4921.975000,0
2026.02.12,16:36,4921.955000,4922.545000,4921.435000,4921.475000,0
2026.02.12,16:37,4921.445000,4922.725000,4921.385000,4922.175000,0
2026.02.12,16:38,4922.205000,4923.125000,4921.885000,4922.565000,0
2026.02.12,16:39,4922.585000,4922.865000,4920.915000,4921.225000,0
2026.02.12,16:40,4921.205000,4921.475000,4920.915000,4921.335000,0
2026.02.12,16:41,4921.355000,4921.385000,4917.865000,4918.945000,0
2026.02.12,16:42,4918.975000,4919.195000,4917.755000,4917.755000,0
2026.02.12,16:43,4917.715000,4918.905000,4917.389000,4918.255000,0
2026.02.12,16:44,4918.235000,4919.195000,4917.765000,4917.965000,0
2026.02.12,16:45,4917.995000,4918.495000,4916.565000,4917.615000,0
2026.02.12,16:46,4917.629000,4917.629000,4915.555000,4916.545000,0
2026.02.12,16:47,4916.515000,4918.505000,4916.345000,4918.285000,0
2026.02.12,16:48,4918.305000,4919.255000,4918.065000,4919.135000,0
2026.02.12,16:49,4918.705000,4919.895000,4918.055000,4919.565000,0
2026.02.12,16:50,4919.585000,4922.095000,4919.585000,4921.985000,0
2026.02.12,16:51,4921.865000,4923.775000,4921.505000,4923.045000,0
2026.02.12,16:52,4923.225000,4924.625000,4920.285000,4922.215000,0
2026.02.12,16:53,4922.175000,4926.085000,4922.175000,4924.945000,0
2026.02.12,16:54,4924.995000,4926.655000,4923.435000,4925.815000,0
2026.02.12,16:55,4925.795000,4926.515000,4923.005000,4923.765000,0
2026.02.12,16:56,4923.755000,4924.215000,4921.995000,4922.105000,0
2026.02.12,16:57,4922.075000,4922.845000,4921.445000,4921.875000,0
2026.02.12,16:58,4922.005000,4922.055000,4921.075000,4921.555000,0
2026.02.12,16:59,4921.485000,4922.555000,4920.495000,4921.265000,0
2026.02.12,18:00,4916.308000,4916.308000,4904.398000,4904.618000,0
2026.02.12,18:01,4889.118000,4894.948000,4886.258000,4894.948000,0
2026.02.12,18:09,4899.148000,4899.148000,4899.148000,4899.148000,0
2026.02.12,18:10,4908.805000,4909.345000,4904.135000,4907.545000,0
2026.02.12,18:11,4905.865000,4906.645000,4904.895000,4905.845000,0
2026.02.12,18:12,4905.925000,4909.305000,4904.765000,4908.085000,0
2026.02.12,18:13,4908.065000,4909.355000,4905.285000,4907.485000,0
2026.02.12,18:14,4907.485000,4910.885000,4907.485000,4910.115000,0
2026.02.12,18:15,4909.815000,4916.685000,4909.805000,4916.405000,0
2026.02.12,18:16,4915.235000,4919.585000,4914.855000,4918.305000,0
2026.02.12,18:17,4918.265000,4920.225000,4914.815000,4918.465000,0
2026.02.12,18:18,4918.485000,4926.055000,4918.465000,4923.035000,0
2026.02.12,18:19,4922.435000,4922.605000,4915.565000,4919.845000,0
2026.02.12,18:20,4920.075000,4920.745000,4918.095000,4920.245000,0
2026.02.12,18:21,4920.095000,4926.275000,4919.975000,4920.465000,0
2026.02.12,18:22,4920.475000,4922.325000,4918.835000,4920.385000,0
2026.02.12,18:23,4919.355000,4921.255000,4919.208000,4920.735000,0
2026.02.12,18:24,4920.575000,4920.895000,4919.295000,4920.155000,0
2026.02.12,18:25,4920.045000,4924.685000,4919.855000,4923.875000,0
2026.02.12,18:26,4923.865000,4925.925000,4922.515000,4922.605000,0
2026.02.12,18:27,4922.585000,4928.195000,4922.535000,4926.605000,0
2026.02.12,18:28,4926.625000,4926.935000,4923.955000,4924.095000,0
2026.02.12,18:29,4924.395000,4925.155000,4919.225000,4919.635000,0
2026.02.12,18:30,4919.535000,4919.755000,4911.975000,4915.425000,0
2026.02.12,18:31,4915.435000,4919.215000,4913.855000,4917.615000,0
2026.02.12,18:32,4917.465000,4921.575000,4915.125000,4920.115000,0
2026.02.12,18:33,4920.125000,4923.825000,4920.125000,4923.255000,0
2026.02.12,18:34,4923.295000,4925.995000,4921.755000,4925.865000,0
2026.02.12,18:35,4925.615000,4925.775000,4922.175000,4923.175000,0
2026.02.12,18:36,4923.065000,4923.755000,4920.725000,4920.935000,0
2026.02.12,18:37,4920.885000,4920.885000,4915.298000,4917.635000,0
2026.02.12,18:38,4917.515000,4919.935000,4916.805000,4917.565000,0
2026.02.12,18:39,4917.575000,4917.765000,4906.645000,4910.165000,0
2026.02.12,18:40,4910.235000,4916.525000,4908.818000,4915.765000,0
2026.02.12,18:41,4915.535000,4916.055000,4910.545000,4911.265000,0
2026.02.12,18:42,4911.265000,4911.925000,4906.018000,4908.735000,0
2026.02.12,18:43,4908.695000,4914.335000,4907.135000,4912.085000,0
2026.02.12,18:44,4911.975000,4914.665000,4911.965000,4913.515000,0
2026.02.12,18:45,4913.535000,4914.055000,4905.475000,4906.095000,0
2026.02.12,18:46,4906.055000,4910.845000,4905.525000,4908.985000,0
2026.02.12,18:47,4909.085000,4910.495000,4908.375000,4909.665000,0
2026.02.12,18:48,4909.645000,4913.345000,4908.925000,4912.565000,0
2026.02.12,18:49,4912.535000,4912.535000,4911.118000,4911.855000,0
2026.02.12,18:50,4911.895000,4914.935000,4911.645000,4913.825000,0
2026.02.12,18:51,4913.315000,4913.775000,4911.375000,4912.405000,0
2026.02.12,18:52,4912.545000,4915.985000,4912.425000,4914.865000,0
2026.02.12,18:53,4914.825000,4916.485000,4912.835000,4913.955000,0
2026.02.12,18:54,4913.805000,4916.845000,4913.135000,4915.855000,0
2026.02.12,18:55,4915.875000,4915.875000,4910.065000,4912.635000,0
2026.02.12,18:56,4912.715000,4917.575000,4911.265000,4916.565000,0
2026.02.12,18:57,4916.345000,4918.315000,4914.315000,4914.475000,0
2026.02.12,18:58,4914.475000,4918.365000,4913.585000,4917.415000,0
2026.02.12,18:59,4917.295000,4919.805000,4917.085000,4919.775000,0
2026.02.12,19:00,4919.875000,4919.875000,4913.505000,4917.365000,0
2026.02.12,19:01,4917.385000,4920.155000,4916.705000,4919.025000,0
2026.02.12,19:02,4918.995000,4922.165000,4918.655000,4921.315000,0
2026.02.12,19:03,4921.195000,4924.935000,4918.775000,4923.645000,0
2026.02.12,19:04,4923.695000,4927.515000,4923.595000,4925.965000,0
2026.02.12,19:05,4926.045000,4927.945000,4924.185000,4927.375000,0
2026.02.12,19:06,4927.355000,4936.835000,4926.325000,4933.955000,0
2026.02.12,19:07,4933.955000,4939.595000,4932.745000,4939.005000,0
2026.02.12,19:08,4940.215000,4945.135000,4939.245000,4942.775000,0
2026.02.12,19:09,4942.725000,4944.205000,4940.305000,4942.975000,0
2026.02.12,19:10,4942.925000,4948.125000,4940.505000,4945.495000,0
2026.02.12,19:11,4945.485000,4945.485000,4939.855000,4942.635000,0
2026.02.12,19:12,4942.695000,4944.605000,4936.995000,4939.305000,0
2026.02.12,19:13,4939.395000,4943.755000,4939.295000,4941.585000,0
2026.02.12,19:14,4941.605000,4942.145000,4939.445000,4941.385000,0
2026.02.12,19:15,4941.225000,4941.475000,4936.325000,4940.855000,0
2026.02.12,19:16,4941.005000,4946.725000,4940.065000,4940.085000,0
2026.02.12,19:17,4940.095000,4942.485000,4937.265000,4942.175000,0
2026.02.12,19:18,4942.155000,4943.735000,4940.005000,4942.475000,0
2026.02.12,19:19,4942.585000,4943.885000,4936.265000,4939.095000,0
2026.02.12,19:20,4939.285000,4940.935000,4937.725000,4940.675000,0
2026.02.12,19:21,4940.625000,4943.195000,4940.385000,4940.995000,0
2026.02.12,19:22,4940.905000,4940.995000,4938.035000,4939.265000,0
2026.02.12,19:23,4939.315000,4944.145000,4938.375000,4943.385000,0
2026.02.12,19:24,4943.255000,4943.865000,4938.305000,4940.435000,0
2026.02.12,19:25,4939.905000,4942.595000,4938.035000,4941.135000,0
2026.02.12,19:26,4941.835000,4943.145000,4939.215000,4939.285000,0
2026.02.12,19:27,4939.205000,4940.885000,4933.945000,4940.555000,0
2026.02.12,19:28,4940.525000,4943.235000,4938.685000,4940.895000,0
2026.02.12,19:29,4940.468000,4940.565000,4935.685000,4935.755000,0
2026.02.12,19:30,4935.785000,4944.365000,4935.259000,4944.225000,0
2026.02.12,19:31,4944.205000,4945.235000,4943.055000,4944.055000,0
2026.02.12,19:32,4943.635000,4944.715000,4939.565000,4939.705000,0
2026.02.12,19:33,4939.725000,4945.225000,4939.725000,4944.655000,0
2026.02.12,19:34,4944.655000,4944.705000,4939.355000,4939.495000,0
2026.02.12,19:35,4939.465000,4943.265000,4937.895000,4940.325000,0
2026.02.12,19:36,4940.345000,4943.295000,4940.095000,4940.435000,0
2026.02.12,19:37,4940.435000,4941.535000,4939.105000,4939.195000,0
2026.02.12,19:38,4939.205000,4940.825000,4938.785000,4940.625000,0
2026.02.12,19:39,4940.385000,4941.265000,4938.335000,4938.755000,0
2026.02.12,19:40,4938.755000,4942.485000,4936.515000,4940.735000,0
2026.02.12,19:41,4940.585000,4944.028000,4939.215000,4939.245000,0
2026.02.12,19:42,4939.325000,4940.065000,4932.425000,4933.605000,0
2026.02.12,19:43,4933.605000,4938.495000,4932.375000,4937.265000,0
2026.02.12,19:44,4937.265000,4940.215000,4936.285000,4940.215000,0
2026.02.12,19:45,4940.525000,4940.735000,4932.825000,4932.825000,0
2026.02.12,19:46,4932.885000,4936.495000,4931.118000,4935.355000,0
2026.02.12,19:47,4935.395000,4944.185000,4934.665000,4940.385000,0
2026.02.12,19:48,4940.205000,4940.705000,4934.655000,4935.695000,0
2026.02.12,19:49,4935.605000,4935.745000,4934.595000,4935.075000,0
2026.02.12,19:50,4935.045000,4935.095000,4929.715000,4931.295000,0
2026.02.12,19:51,4931.305000,4936.425000,4930.558000,4935.585000,0
2026.02.12,19:52,4935.605000,4935.985000,4933.555000,4933.625000,0
2026.02.12,19:53,4933.605000,4934.225000,4932.788000,4933.785000,0
2026.02.12,19:54,4933.765000,4935.825000,4932.605000,4933.285000,0
2026.02.12,19:55,4933.275000,4934.765000,4932.335000,4933.405000,0
2026.02.12,19:56,4933.445000,4935.145000,4932.675000,4935.045000,0
2026.02.12,19:57,4935.075000,4935.355000,4933.785000,4935.075000,0
2026.02.12,19:58,4935.045000,4935.235000,4930.705000,4932.745000,0
2026.02.12,19:59,4932.205000,4934.095000,4926.555000,4927.705000,0
2026.02.12,20:00,4928.235000,4944.845000,4926.675000,4944.845000,0
2026.02.12,20:01,4944.705000,4954.975000,4943.455000,4947.555000,0
2026.02.12,20:02,4947.445000,4955.935000,4945.805000,4952.565000,0
2026.02.12,20:03,4952.485000,4956.925000,4951.565000,4954.855000,0
2026.02.12,20:04,4954.565000,4957.115000,4954.265000,4956.855000,0
2026.02.12,20:05,4955.975000,4958.165000,4953.035000,4955.165000,0
2026.02.12,20:06,4955.165000,4962.535000,4955.045000,4962.315000,0
2026.02.12,20:07,4961.515000,4961.695000,4958.665000,4959.205000,0
2026.02.12,20:08,4959.065000,4962.295000,4957.745000,4961.475000,0
2026.02.12,20:09,4961.375000,4963.545000,4958.948000,4962.885000,0
2026.02.12,20:10,4962.195000,4966.235000,4962.185000,4965.875000,0
2026.02.12,20:11,4965.995000,4967.225000,4965.195000,4965.805000,0
2026.02.12,20:12,4965.835000,4967.285000,4963.825000,4963.965000,0
2026.02.12,20:13,4963.205000,4966.255000,4961.635000,4964.475000,0
2026.02.12,20:14,4964.505000,4965.925000,4962.965000,4965.045000,0
2026.02.12,20:15,4964.735000,4970.195000,4964.665000,4969.935000,0
2026.02.12,20:16,4969.875000,4969.985000,4961.775000,4963.215000,0
2026.02.12,20:17,4963.235000,4967.555000,4962.645000,4966.525000,0
2026.02.12,20:18,4966.385000,4968.085000,4964.715000,4968.045000,0
2026.02.12,20:19,4968.075000,4972.065000,4966.865000,4971.135000,0
2026.02.12,20:20,4971.115000,4973.985000,4970.455000,4971.825000,0
2026.02.12,20:21,4971.775000,4974.025000,4971.225000,4971.885000,0
2026.02.12,20:22,4971.875000,4975.755000,4971.185000,4975.425000,0
2026.02.12,20:23,4975.415000,4978.985000,4974.105000,4974.255000,0
2026.02.12,20:24,4974.235000,4974.525000,4971.675000,4971.815000,0
2026.02.12,20:25,4971.785000,4973.255000,4966.285000,4966.415000,0
2026.02.12,20:26,4966.505000,4968.085000,4965.645000,4966.385000,0
2026.02.12,20:27,4965.865000,4967.735000,4965.635000,4966.765000,0
2026.02.12,20:28,4966.725000,4971.355000,4966.615000,4970.625000,0
2026.02.12,20:29,4970.665000,4972.765000,4968.575000,4969.505000,0
2026.02.12,20:30,4969.495000,4970.375000,4964.905000,4968.945000,0
2026.02.12,20:31,4968.955000,4970.715000,4966.975000,4970.495000,0
2026.02.12,20:32,4970.475000,4974.998000,4970.475000,4973.185000,0
2026.02.12,20:33,4973.768000,4974.295000,4971.298000,4971.635000,0
2026.02.12,20:34,4971.625000,4973.775000,4970.508000,4972.955000,0
2026.02.12,20:35,4972.885000,4973.415000,4969.295000,4970.855000,0
2026.02.12,20:36,4970.575000,4974.645000,4970.039000,4971.435000,0
2026.02.12,20:37,4971.425000,4971.745000,4964.375000,4966.545000,0
2026.02.12,20:38,4966.525000,4968.245000,4964.365000,4965.805000,0
2026.02.12,20:39,4965.998000,4970.015000,4963.805000,4970.015000,0
2026.02.12,20:40,4970.158000,4973.435000,4970.055000,4972.135000,0
2026.02.12,20:41,4972.195000,4978.085000,4971.348000,4977.475000,0
2026.02.12,20:42,4977.495000,4980.125000,4976.218000,4978.915000,0
2026.02.12,20:43,4978.935000,4982.075000,4977.365000,4981.195000,0
2026.02.12,20:44,4981.165000,4981.955000,4978.595000,4979.465000,0
2026.02.12,20:45,4979.635000,4983.035000,4979.635000,4981.435000,0
2026.02.12,20:46,4981.305000,4981.705000,4975.155000,4977.505000,0
2026.02.12,20:47,4977.525000,4981.405000,4974.905000,4981.295000,0
2026.02.12,20:48,4981.275000,4986.305000,4979.685000,4985.905000,0
2026.02.12,20:49,4985.945000,4987.985000,4985.865000,4986.445000,0
2026.02.12,20:50,4986.895000,4988.285000,4985.075000,4987.065000,0
2026.02.12,20:51,4987.105000,4987.995000,4984.035000,4984.975000,0
2026.02.12,20:52,4984.995000,4985.765000,4981.055000,4981.295000,0
2026.02.12,20:53,4981.255000,4983.855000,4978.075000,4978.085000,0
2026.02.12,20:54,4978.105000,4980.065000,4976.045000,4979.545000,0
2026.02.12,20:55,4979.565000,4983.205000,4978.635000,4981.195000,0
2026.02.12,20:56,4981.345000,4982.925000,4979.745000,4982.475000,0
2026.02.12,20:57,4982.605000,4983.965000,4979.705000,4981.975000,0
2026.02.12,20:58,4981.695000,4982.385000,4977.895000,4977.895000,0
2026.02.12,20:59,4978.135000,4980.545000,4976.065000,4980.475000,0
2026.02.12,21:00,4980.445000,4981.165000,4975.748000,4976.165000,0
2026.02.12,21:01,4976.115000,4979.435000,4976.115000,4978.845000,0
2026.02.12,21:02,4978.778000,4978.975000,4974.548000,4977.205000,0
2026.02.12,21:03,4977.145000,4980.115000,4975.768000,4975.955000,0
2026.02.12,21:04,4975.985000,4978.995000,4975.855000,4978.955000,0
2026.02.12,21:05,4978.795000,4984.395000,4977.875000,4982.355000,0
2026.02.12,21:06,4982.175000,4983.095000,4977.875000,4977.875000,0
2026.02.12,21:07,4978.128000,4978.515000,4975.925000,4977.275000,0
2026.02.12,21:08,4977.195000,4977.805000,4975.315000,4976.665000,0
2026.02.12,21:09,4976.635000,4978.225000,4975.698000,4976.045000,0
2026.02.12,21:10,4976.395000,4978.075000,4974.425000,4974.605000,0
2026.02.12,21:11,4974.545000,4976.995000,4972.525000,4976.965000,0
2026.02.12,21:12,4977.035000,4982.295000,4977.015000,4980.735000,0
2026.02.12,21:13,4980.715000,4981.205000,4980.205000,4980.445000,0
2026.02.12,21:14,4980.395000,4980.395000,4977.399000,4977.805000,0
2026.02.12,21:15,4977.775000,4977.775000,4975.375000,4976.205000,0
2026.02.12,21:16,4976.445000,4979.255000,4975.725000,4979.195000,0
2026.02.12,21:17,4979.235000,4980.305000,4979.025000,4979.105000,0
2026.02.12,21:18,4979.135000,4979.215000,4977.165000,4978.925000,0
2026.02.12,21:19,4978.705000,4978.705000,4977.415000,4977.695000,0
2026.02.12,21:20,4978.125000,4981.295000,4976.945000,4980.385000,0
2026.02.12,21:21,4980.355000,4983.435000,4979.035000,4981.305000,0
2026.02.12,21:22,4981.275000,4983.435000,4981.215000,4981.515000,0
2026.02.12,21:23,4981.525000,4982.895000,4980.705000,4982.875000,0
2026.02.12,21:24,4982.845000,4984.075000,4981.785000,4983.095000,0
2026.02.12,21:25,4983.125000,4984.135000,4979.345000,4983.775000,0
2026.02.12,21:26,4983.755000,4983.805000,4981.615000,4982.535000,0
2026.02.12,21:27,4982.515000,4983.675000,4982.445000,4982.905000,0
2026.02.12,21:28,4982.925000,4984.025000,4982.925000,4983.935000,0
2026.02.12,21:29,4983.985000,4985.865000,4982.575000,4985.745000,0
2026.02.12,21:30,4985.805000,4989.045000,4984.605000,4987.585000,0
2026.02.12,21:31,4987.615000,4989.125000,4985.045000,4986.215000,0
2026.02.12,21:32,4986.605000,4987.145000,4984.045000,4984.165000,0
2026.02.12,21:33,4984.185000,4984.195000,4978.945000,4980.995000,0
2026.02.12,21:34,4980.935000,4984.315000,4980.195000,4980.245000,0
2026.02.12,21:35,4980.215000,4980.825000,4978.585000,4979.885000,0
2026.02.12,21:36,4979.855000,4982.015000,4979.615000,4981.495000,0
2026.02.12,21:37,4981.375000,4983.485000,4980.795000,4982.105000,0
2026.02.12,21:38,4982.135000,4983.175000,4981.425000,4981.485000,0
2026.02.12,21:39,4981.535000,4982.275000,4980.145000,4980.745000,0
2026.02.12,21:40,4980.725000,4980.725000,4973.425000,4974.225000,0
2026.02.12,21:41,4974.295000,4977.115000,4973.045000,4976.845000,0
2026.02.12,21:42,4976.785000,4982.545000,4974.305000,4978.995000,0
2026.02.12,21:43,4979.055000,4979.855000,4976.498000,4978.105000,0
2026.02.12,21:44,4977.689000,4987.245000,4976.075000,4983.905000,0
2026.02.12,21:45,4983.925000,4983.925000,4979.605000,4981.165000,0
2026.02.12,21:46,4981.299000,4981.665000,4974.075000,4975.665000,0
2026.02.12,21:47,4975.675000,4978.095000,4974.215000,4976.935000,0
2026.02.12,21:48,4976.915000,4976.915000,4972.998000,4974.775000,0
2026.02.12,21:49,4974.815000,4976.245000,4971.815000,4976.165000,0
2026.02.12,21:50,4976.225000,4980.725000,4975.245000,4979.665000,0
2026.02.12,21:51,4979.645000,4983.215000,4979.105000,4981.025000,0
2026.02.12,21:52,4981.005000,4982.625000,4979.405000,4980.525000,0
2026.02.12,21:53,4980.495000,4981.595000,4980.285000,4981.355000,0
2026.02.12,21:54,4981.555000,4984.885000,4981.355000,4984.555000,0
2026.02.12,21:55,4984.505000,4990.388000,4983.755000,4990.015000,0
2026.02.12,21:56,4990.065000,4991.315000,4986.505000,4986.645000,0
2026.02.12,21:57,4986.625000,4987.565000,4985.505000,4987.105000,0
2026.02.12,21:58,4987.085000,4989.695000,4984.135000,4985.425000,0
2026.02.12,21:59,4985.445000,4989.685000,4984.895000,4988.215000,0
2026.02.12,22:00,4988.185000,4988.795000,4984.315000,4987.535000,0
2026.02.12,22:01,4987.905000,4988.905000,4984.415000,4984.625000,0
2026.02.12,22:02,4984.655000,4984.655000,4983.955000,4984.455000,0
2026.02.12,22:03,4984.425000,4987.405000,4983.855000,4986.735000,0
2026.02.12,22:04,4986.715000,4987.055000,4983.815000,4984.205000,0
2026.02.12,22:05,4984.215000,4985.265000,4981.325000,4982.035000,0
2026.02.12,22:06,4982.045000,4984.165000,4981.915000,4982.935000,0
2026.02.12,22:07,4982.995000,4986.445000,4982.665000,4986.035000,0
2026.02.12,22:08,4985.955000,4986.985000,4983.425000,4984.965000,0
2026.02.12,22:09,4984.945000,4984.945000,4980.705000,4981.325000,0
2026.02.12,22:10,4981.255000,4986.485000,4980.345000,4983.405000,0
2026.02.12,22:11,4983.365000,4983.795000,4982.025000,4982.075000,0
2026.02.12,22:12,4982.075000,4983.705000,4981.478000,4982.635000,0
2026.02.12,22:13,4981.705000,4983.875000,4981.475000,4983.325000,0
2026.02.12,22:14,4982.765000,4984.515000,4980.325000,4983.575000,0
2026.02.12,22:15,4982.965000,4984.105000,4982.125000,4983.065000,0
2026.02.12,22:16,4983.085000,4983.155000,4981.405000,4981.695000,0
2026.02.12,22:17,4981.785000,4981.785000,4978.585000,4979.805000,0
2026.02.12,22:18,4979.765000,4980.525000,4978.365000,4978.765000,0
2026.02.12,22:19,4978.865000,4980.195000,4978.298000,4978.715000,0
2026.02.12,22:20,4978.695000,4979.285000,4978.675000,4978.825000,0
2026.02.12,22:21,4978.845000,4978.875000,4974.378000,4975.405000,0
2026.02.12,22:22,4975.385000,4976.115000,4973.575000,4974.015000,0
2026.02.12,22:23,4973.685000,4975.785000,4973.665000,4974.775000,0
2026.02.12,22:24,4974.905000,4975.905000,4973.925000,4975.325000,0
2026.02.12,22:25,4975.095000,4978.805000,4973.665000,4978.225000,0
2026.02.12,22:26,4978.135000,4980.015000,4978.135000,4979.495000,0
2026.02.12,22:27,4979.465000,4979.515000,4977.605000,4978.695000,0
2026.02.12,22:28,4978.805000,4980.005000,4977.055000,4979.285000,0
2026.02.12,22:29,4979.255000,4979.255000,4976.385000,4977.905000,0
2026.02.12,22:30,4977.925000,4982.145000,4977.925000,4982.145000,0
2026.02.12,22:31,4982.175000,4983.475000,4980.935000,4982.225000,0
2026.02.12,22:32,4982.255000,4982.695000,4980.545000,4980.545000,0
2026.02.12,22:33,4980.585000,4982.915000,4976.855000,4976.945000,0
2026.02.12,22:34,4976.975000,4978.305000,4976.025000,4977.585000,0
2026.02.12,22:35,4977.365000,4977.925000,4975.905000,4976.555000,0
2026.02.12,22:36,4976.535000,4976.945000,4976.135000,4976.445000,0
2026.02.12,22:37,4976.395000,4977.445000,4975.575000,4976.675000,0
2026.02.12,22:38,4976.635000,4978.685000,4976.595000,4976.965000,0
2026.02.12,22:39,4976.995000,4978.485000,4976.775000,4978.305000,0
2026.02.12,22:40,4978.295000,4979.765000,4976.185000,4977.075000,0
2026.02.12,22:41,4977.125000,4977.195000,4974.755000,4976.245000,0
2026.02.12,22:42,4976.295000,4977.115000,4975.735000,4976.515000,0
2026.02.12,22:43,4976.555000,4976.935000,4975.855000,4975.855000,0
2026.02.12,22:44,4975.895000,4977.705000,4975.375000,4976.935000,0
2026.02.12,22:45,4976.955000,4978.875000,4976.295000,4978.785000,0
2026.02.12,22:46,4978.755000,4978.755000,4976.548000,4976.648000,0
2026.02.12,22:47,4976.658000,4977.835000,4976.628000,4977.385000,0
2026.02.12,22:48,4977.275000,4977.735000,4977.125000,4977.225000,0
2026.02.12,22:49,4977.205000,4977.665000,4977.135000,4977.225000,0
2026.02.12,22:50,4977.165000,4977.535000,4976.718000,4977.245000,0
2026.02.12,22:51,4977.275000,4977.735000,4976.075000,4977.465000,0
2026.02.12,22:52,4977.485000,4977.535000,4976.095000,4976.195000,0
2026.02.12,22:53,4976.165000,4981.285000,4976.115000,4980.005000,0
2026.02.12,22:54,4979.985000,4982.105000,4978.455000,4980.715000,0
2026.02.12,22:55,4980.745000,4984.165000,4980.745000,4982.935000,0
2026.02.12,22:56,4982.975000,4983.005000,4980.935000,4981.505000,0
2026.02.12,22:57,4981.435000,4981.855000,4980.855000,4981.025000,0
2026.02.12,22:58,4981.065000,4982.225000,4980.875000,4982.135000,0
2026.02.12,22:59,4982.048000,4982.385000,4981.095000,4981.115000,0
2026.02.12,23:00,4981.095000,4981.375000,4980.348000,4980.995000,0
2026.02.12,23:01,4981.185000,4981.185000,4980.425000,4980.475000,0
2026.02.12,23:02,4980.455000,4981.435000,4980.055000,4980.745000,0
2026.02.12,23:03,4980.775000,4981.025000,4978.125000,4978.325000,0
2026.02.12,23:04,4978.318000,4979.125000,4977.635000,4978.295000,0
2026.02.12,23:05,4978.265000,4980.925000,4977.625000,4980.835000,0
2026.02.12,23:06,4980.715000,4984.125000,4978.395000,4984.125000,0
2026.02.12,23:07,4984.225000,4984.985000,4980.675000,4980.795000,0
2026.02.12,23:08,4980.355000,4981.695000,4976.205000,4977.365000,0
2026.02.12,23:09,4977.335000,4978.515000,4976.285000,4976.335000,0
2026.02.12,23:10,4976.365000,4977.105000,4975.375000,4977.035000,0
2026.02.12,23:11,4977.065000,4982.395000,4976.515000,4981.765000,0
2026.02.12,23:12,4981.805000,4986.865000,4980.645000,4984.735000,0
2026.02.12,23:13,4984.755000,4985.705000,4983.085000,4984.715000,0
2026.02.12,23:14,4984.735000,4987.215000,4984.315000,4985.595000,0
2026.02.12,23:15,4985.625000,4989.365000,4985.625000,4989.135000,0
2026.02.12,23:16,4989.135000,4996.805000,4988.495000,4996.335000,0
2026.02.12,23:17,4996.305000,4996.955000,4994.045000,4994.555000,0
2026.02.12,23:18,4994.535000,4994.535000,4992.095000,4993.455000,0
2026.02.12,23:19,4993.495000,4993.535000,4992.275000,4992.645000,0
2026.02.12,23:20,4992.675000,4994.035000,4991.205000,4991.205000,0
2026.02.12,23:21,4991.235000,4991.475000,4990.145000,4990.635000,0
2026.02.12,23:22,4990.675000,4991.005000,4989.225000,4989.755000,0
2026.02.12,23:23,4989.805000,4989.835000,4988.415000,4989.515000,0
2026.02.12,23:24,4989.745000,4990.915000,4988.475000,4988.735000,0
2026.02.12,23:25,4988.705000,4991.245000,4988.105000,4991.055000,0
2026.02.12,23:26,4991.085000,4991.265000,4988.175000,4989.525000,0
2026.02.12,23:27,4989.485000,4990.205000,4987.025000,4987.455000,0
2026.02.12,23:28,4987.475000,4987.565000,4984.545000,4985.245000,0
2026.02.12,23:29,4985.215000,4985.295000,4984.715000,4984.955000,0
2026.02.12,23:30,4984.985000,4985.385000,4983.725000,4985.385000,0
2026.02.12,23:31,4985.405000,4985.985000,4984.965000,4985.285000,0
2026.02.12,23:32,4985.285000,4985.325000,4983.565000,4984.495000,0
2026.02.12,23:33,4984.395000,4984.395000,4982.685000,4982.685000,0
2026.02.12,23:34,4982.695000,4984.425000,4982.695000,4983.145000,0
2026.02.12,23:35,4983.145000,4983.195000,4981.748000,4981.975000,0
2026.02.12,23:36,4981.955000,4983.175000,4981.905000,4982.015000,0
2026.02.12,23:37,4982.065000,4982.655000,4980.958000,4981.475000,0
2026.02.12,23:38,4981.315000,4982.285000,4978.855000,4980.275000,0
2026.02.12,23:39,4980.295000,4982.725000,4979.505000,4979.615000,0
2026.02.12,23:40,4979.585000,4980.245000,4979.065000,4980.185000,0
2026.02.12,23:41,4980.145000,4980.805000,4978.915000,4979.745000,0
2026.02.12,23:42,4979.765000,4979.875000,4976.905000,4977.335000,0
2026.02.12,23:43,4977.335000,4978.285000,4974.855000,4975.625000,0
2026.02.12,23:44,4975.595000,4977.325000,4975.485000,4976.485000,0
2026.02.12,23:45,4976.475000,4978.035000,4976.475000,4977.665000,0
2026.02.12,23:46,4977.705000,4977.795000,4976.285000,4977.455000,0
2026.02.12,23:47,4977.575000,4977.575000,4975.465000,4975.855000,0
2026.02.12,23:48,4975.185000,4976.465000,4974.695000,4976.255000,0
2026.02.12,23:49,4976.225000,4976.345000,4972.995000,4973.615000,0
2026.02.12,23:50,4973.645000,4974.365000,4972.655000,4973.995000,0
2026.02.12,23:51,4974.015000,4975.245000,4973.795000,4974.225000,0
2026.02.12,23:52,4974.125000,4975.215000,4973.965000,4974.935000,0
2026.02.12,23:53,4974.955000,4976.025000,4974.698000,4974.995000,0
2026.02.12,23:54,4974.395000,4975.025000,4974.345000,4974.935000,0
2026.02.12,23:55,4974.965000,4976.615000,4974.965000,4976.415000,0
2026.02.12,23:56,4976.395000,4976.715000,4975.285000,4976.295000,0
2026.02.12,23:57,4976.255000,4976.435000,4975.385000,4975.995000,0
2026.02.12,23:58,4975.965000,4976.025000,4974.605000,4975.435000,0
2026.02.12,23:59,4975.405000,4976.365000,4974.435000,4976.365000,0
2026.02.13,00:00,4976.375000,4979.535000,4976.255000,4979.535000,0
2026.02.13,00:01,4979.515000,4979.515000,4977.555000,4978.725000,0
2026.02.13,00:02,4978.745000,4979.775000,4978.655000,4979.565000,0
2026.02.13,00:03,4979.545000,4980.535000,4978.735000,4980.535000,0
2026.02.13,00:04,4980.598000,4981.725000,4980.095000,4980.095000,0
2026.02.13,00:05,4980.075000,4980.185000,4976.125000,4976.125000,0
2026.02.13,00:06,4976.105000,4977.405000,4976.075000,4976.895000,0
2026.02.13,00:07,4976.155000,4977.485000,4974.455000,4977.185000,0
2026.02.13,00:08,4977.135000,4977.245000,4976.255000,4976.915000,0
2026.02.13,00:09,4976.885000,4978.195000,4976.375000,4977.235000,0
2026.02.13,00:10,4977.425000,4977.815000,4975.425000,4976.315000,0
2026.02.13,00:11,4976.395000,4977.185000,4976.115000,4976.385000,0
2026.02.13,00:12,4976.415000,4977.595000,4975.965000,4977.485000,0
2026.02.13,00:13,4977.505000,4978.755000,4976.805000,4976.835000,0
2026.02.13,00:14,4976.815000,4979.155000,4976.785000,4977.995000,0
2026.02.13,00:15,4977.975000,4978.785000,4976.225000,4978.725000,0
2026.02.13,00:16,4978.765000,4979.435000,4976.275000,4976.705000,0
2026.02.13,00:17,4976.665000,4976.935000,4973.235000,4973.815000,0
2026.02.13,00:18,4973.835000,4975.395000,4972.065000,4972.115000,0
2026.02.13,00:19,4969.455000,4972.645000,4964.718000,4972.515000,0
2026.02.13,00:20,4972.535000,4978.885000,4972.535000,4978.565000,0
2026.02.13,00:21,4978.525000,4980.425000,4976.805000,4980.375000,0
2026.02.13,00:22,4980.395000,4983.665000,4979.245000,4981.035000,0
2026.02.13,00:23,4981.025000,4981.345000,4978.345000,4978.345000,0
2026.02.13,00:24,4978.325000,4982.385000,4976.005000,4981.745000,0
2026.02.13,00:25,4981.745000,4984.325000,4980.975000,4983.755000,0
2026.02.13,00:26,4983.735000,4985.675000,4982.929000,4984.595000,0
2026.02.13,00:27,4984.565000,4985.185000,4983.515000,4984.305000,0
2026.02.13,00:28,4984.275000,4986.305000,4982.975000,4982.975000,0
2026.02.13,00:29,4982.935000,4982.935000,4979.025000,4979.425000,0
2026.02.13,00:30,4979.445000,4979.995000,4969.405000,4970.415000,0
2026.02.13,00:31,4970.385000,4977.295000,4970.385000,4972.675000,0
2026.02.13,00:32,4972.655000,4972.795000,4967.345000,4971.705000,0
2026.02.13,00:33,4971.645000,4971.645000,4968.905000,4969.545000,0
2026.02.13,00:34,4969.485000,4970.235000,4966.695000,4967.205000,0
2026.02.13,00:35,4967.285000,4969.925000,4967.045000,4968.885000,0
2026.02.13,00:36,4968.855000,4974.375000,4968.305000,4973.955000,0
2026.02.13,00:37,4973.935000,4973.935000,4969.985000,4970.715000,0
2026.02.13,00:38,4970.685000,4972.915000,4970.355000,4972.835000,0
2026.02.13,00:39,4972.909000,4973.445000,4972.155000,4973.275000,0
2026.02.13,00:40,4973.265000,4973.345000,4971.085000,4971.655000,0
2026.02.13,00:41,4971.695000,4974.385000,4971.295000,4972.255000,0
2026.02.13,00:42,4972.235000,4972.375000,4970.525000,4971.545000,0
2026.02.13,00:43,4971.575000,4971.575000,4959.285000,4963.675000,0
2026.02.13,00:44,4963.705000,4966.075000,4963.195000,4963.785000,0
2026.02.13,00:45,4963.805000,4965.495000,4956.815000,4959.085000,0
2026.02.13,00:46,4958.685000,4959.705000,4956.358000,4957.005000,0
2026.02.13,00:47,4957.009000,4960.355000,4956.915000,4960.315000,0
2026.02.13,00:48,4960.345000,4963.275000,4960.145000,4961.835000,0
2026.02.13,00:49,4961.779000,4963.035000,4961.145000,4962.159000,0
2026.02.13,00:50,4962.165000,4962.465000,4960.205000,4960.935000,0
2026.02.13,00:51,4960.895000,4961.615000,4959.398000,4960.455000,0
2026.02.13,00:52,4960.425000,4960.825000,4953.409000,4954.705000,0
2026.02.13,00:53,4954.365000,4956.525000,4953.735000,4956.105000,0
2026.02.13,00:54,4956.125000,4957.865000,4954.615000,4954.795000,0
2026.02.13,00:55,4954.765000,4955.455000,4949.625000,4949.875000,0
2026.02.13,00:56,4949.945000,4952.205000,4949.405000,4951.495000,0
2026.02.13,00:57,4951.025000,4955.215000,4950.275000,4954.645000,0
2026.02.13,00:58,4954.605000,4954.765000,4947.815000,4948.595000,0
2026.02.13,00:59,4948.615000,4948.845000,4944.475000,4945.855000,0
2026.02.13,01:00,4946.185000,4949.125000,4945.835000,4949.115000,0
2026.02.13,01:01,4949.085000,4953.365000,4948.375000,4952.355000,0
2026.02.13,01:02,4952.325000,4956.285000,4952.275000,4954.495000,0
2026.02.13,01:03,4954.525000,4955.195000,4953.645000,4954.015000,0
2026.02.13,01:04,4954.015000,4954.795000,4947.475000,4947.905000,0
2026.02.13,01:05,4947.705000,4950.875000,4946.765000,4947.805000,0
2026.02.13,01:06,4947.875000,4951.695000,4946.695000,4948.875000,0
2026.02.13,01:07,4948.905000,4954.005000,4948.905000,4953.235000,0
2026.02.13,01:08,4953.235000,4955.065000,4952.225000,4954.875000,0
2026.02.13,01:09,4954.905000,4959.795000,4952.685000,4959.665000,0
2026.02.13,01:10,4959.825000,4961.655000,4957.905000,4958.315000,0
2026.02.13,01:11,4958.295000,4960.625000,4958.015000,4960.555000,0
2026.02.13,01:12,4960.585000,4960.585000,4956.955000,4957.178000,0
2026.02.13,01:13,4957.188000,4957.208000,4954.605000,4955.075000,0
2026.02.13,01:14,4955.105000,4958.455000,4955.105000,4957.965000,0
2026.02.13,01:15,4958.355000,4960.935000,4957.585000,4960.255000,0
2026.02.13,01:16,4960.315000,4960.475000,4956.485000,4956.765000,0
2026.02.13,01:17,4956.725000,4958.295000,4955.975000,4957.308000,0
2026.02.13,01:18,4956.628000,4957.535000,4952.748000,4952.885000,0
2026.02.13,01:19,4952.718000,4953.755000,4951.788000,4952.965000,0
2026.02.13,01:20,4953.115000,4955.265000,4952.725000,4954.945000,0
2026.02.13,01:21,4954.985000,4955.565000,4953.295000,4953.985000,0
2026.02.13,01:22,4954.025000,4955.825000,4951.205000,4951.688000,0
2026.02.13,01:23,4950.965000,4953.545000,4950.425000,4952.835000,0
2026.02.13,01:24,4952.855000,4955.718000,4952.855000,4954.738000,0
2026.02.13,01:25,4954.748000,4954.948000,4950.595000,4951.848000,0
2026.02.13,01:26,4951.858000,4952.315000,4949.615000,4952.235000,0
2026.02.13,01:27,4952.265000,4957.875000,4952.088000,4955.375000,0
2026.02.13,01:28,4955.425000,4955.735000,4951.915000,4952.995000,0
2026.02.13,01:29,4952.965000,4953.485000,4952.635000,4952.935000,0
2026.02.13,01:30,4950.648000,4952.135000,4950.428000,4952.125000,0
2026.02.13,01:31,4952.145000,4953.285000,4951.455000,4952.855000,0
2026.02.13,01:32,4952.895000,4957.365000,4952.805000,4957.245000,0
2026.02.13,01:33,4957.295000,4960.155000,4956.215000,4959.685000,0
2026.02.13,01:34,4959.685000,4961.715000,4959.355000,4961.695000,0
2026.02.13,01:35,4961.725000,4961.725000,4959.395000,4959.835000,0
2026.02.13,01:36,4959.795000,4960.595000,4957.165000,4957.935000,0
2026.02.13,01:37,4957.915000,4959.235000,4956.325000,4958.145000,0
2026.02.13,01:38,4958.125000,4959.765000,4957.238000,4957.965000,0
2026.02.13,01:39,4957.925000,4958.125000,4954.505000,4954.505000,0
2026.02.13,01:40,4954.455000,4956.385000,4953.495000,4955.065000,0
2026.02.13,01:41,4955.045000,4960.475000,4954.895000,4960.025000,0
2026.02.13,01:42,4959.495000,4960.305000,4955.775000,4956.615000,0
2026.02.13,01:43,4956.585000,4956.885000,4954.095000,4955.585000,0
2026.02.13,01:44,4955.545000,4955.585000,4953.358000,4954.785000,0
2026.02.13,01:45,4954.845000,4954.945000,4951.325000,4952.185000,0
2026.02.13,01:46,4952.205000,4956.165000,4952.065000,4953.818000,0
2026.02.13,01:47,4953.818000,4953.885000,4950.695000,4950.955000,0
2026.02.13,01:48,4950.955000,4952.815000,4950.465000,4951.418000,0
2026.02.13,01:49,4951.418000,4958.035000,4951.418000,4957.545000,0
2026.02.13,01:50,4958.425000,4959.465000,4954.785000,4956.715000,0
2026.02.13,01:51,4956.705000,4957.715000,4956.125000,4957.455000,0
2026.02.13,01:52,4957.425000,4958.225000,4956.478000,4957.265000,0
2026.02.13,01:53,4957.295000,4958.345000,4955.825000,4957.015000,0
2026.02.13,01:54,4957.055000,4959.755000,4955.515000,4955.585000,0
2026.02.13,01:55,4955.615000,4956.875000,4953.975000,4955.725000,0
2026.02.13,01:56,4955.715000,4956.305000,4953.945000,4955.325000,0
2026.02.13,01:57,4955.465000,4962.865000,4955.325000,4962.795000,0
2026.02.13,01:58,4962.725000,4968.245000,4962.725000,4967.085000,0
2026.02.13,01:59,4967.045000,4968.515000,4965.505000,4966.875000,0
2026.02.13,02:00,4966.915000,4966.915000,4960.795000,4960.915000,0
2026.02.13,02:01,4960.945000,4962.635000,4955.275000,4957.105000,0
2026.02.13,02:02,4956.875000,4958.485000,4955.515000,4957.905000,0
2026.02.13,02:03,4957.695000,4959.358000,4956.905000,4958.345000,0
2026.02.13,02:04,4957.765000,4961.025000,4957.765000,4959.475000,0
2026.02.13,02:05,4959.515000,4967.305000,4959.135000,4966.425000,0
2026.02.13,02:06,4966.335000,4966.925000,4964.445000,4966.875000,0
2026.02.13,02:07,4966.895000,4967.685000,4963.115000,4963.745000,0
2026.02.13,02:08,4963.725000,4964.085000,4961.265000,4962.595000,0
2026.02.13,02:09,4962.565000,4962.645000,4957.805000,4958.115000,0
2026.02.13,02:10,4958.165000,4958.215000,4951.285000,4952.375000,0
2026.02.13,02:11,4952.345000,4957.265000,4950.855000,4954.915000,0
2026.02.13,02:12,4954.955000,4959.355000,4954.955000,4958.605000,0
2026.02.13,02:13,4958.175000,4960.395000,4956.625000,4956.625000,0
2026.02.13,02:14,4956.405000,4961.025000,4955.785000,4959.975000,0
2026.02.13,02:15,4959.945000,4963.445000,4958.755000,4963.035000,0
2026.02.13,02:16,4963.015000,4966.095000,4962.655000,4965.665000,0
2026.02.13,02:17,4965.985000,4970.425000,4965.695000,4968.155000,0
2026.02.13,02:18,4968.175000,4972.685000,4967.305000,4972.655000,0
2026.02.13,02:19,4972.615000,4976.365000,4971.025000,4974.275000,0
2026.02.13,02:20,4974.295000,4974.465000,4970.365000,4970.795000,0
2026.02.13,02:21,4970.825000,4970.895000,4968.748000,4969.735000,0
2026.02.13,02:22,4969.465000,4970.615000,4967.315000,4969.345000,0
2026.02.13,02:23,4968.975000,4969.955000,4968.405000,4969.825000,0
2026.02.13,02:24,4969.815000,4969.978000,4964.798000,4965.695000,0
2026.02.13,02:25,4965.685000,4966.195000,4963.949000,4966.165000,0
2026.02.13,02:26,4966.195000,4970.715000,4966.195000,4969.495000,0
2026.02.13,02:27,4969.515000,4970.015000,4967.345000,4967.455000,0
2026.02.13,02:28,4967.445000,4968.445000,4967.355000,4968.275000,0
2026.02.13,02:29,4968.285000,4968.315000,4967.745000,4968.095000,0
2026.02.13,02:30,4968.065000,4969.558000,4965.799000,4969.538000,0
2026.02.13,02:31,4969.579000,4971.485000,4968.878000,4971.485000,0
2026.02.13,02:32,4971.465000,4971.665000,4970.098000,4970.098000,0
2026.02.13,02:33,4970.015000,4973.098000,4968.725000,4970.958000,0
2026.02.13,02:34,4970.939000,4974.858000,4970.869000,4972.598000,0
2026.02.13,02:35,4972.578000,4979.045000,4972.578000,4978.915000,0
2026.02.13,02:36,4978.895000,4979.495000,4978.395000,4978.705000,0
2026.02.13,02:37,4978.675000,4981.405000,4977.355000,4980.225000,0
2026.02.13,02:38,4980.165000,4981.195000,4978.085000,4978.365000,0
2026.02.13,02:39,4978.365000,4982.485000,4978.158000,4978.405000,0
2026.02.13,02:40,4978.575000,4979.975000,4977.055000,4979.625000,0
2026.02.13,02:41,4979.635000,4979.825000,4976.005000,4976.109000,0
2026.02.13,02:42,4976.045000,4976.995000,4968.635000,4969.135000,0
2026.02.13,02:43,4969.205000,4972.915000,4968.245000,4971.035000,0
2026.02.13,02:44,4971.005000,4971.745000,4969.385000,4970.305000,0
2026.02.13,02:45,4970.285000,4971.055000,4969.705000,4970.405000,0
2026.02.13,02:46,4970.445000,4971.395000,4968.525000,4970.305000,0
2026.02.13,02:47,4970.245000,4973.508000,4970.195000,4973.375000,0
2026.02.13,02:48,4973.405000,4974.665000,4972.405000,4973.985000,0
2026.02.13,02:49,4973.965000,4976.545000,4973.505000,4975.105000,0
2026.02.13,02:50,4975.065000,4975.065000,4971.535000,4973.335000,0
2026.02.13,02:51,4973.345000,4974.615000,4972.765000,4974.595000,0
2026.02.13,02:52,4974.625000,4976.775000,4973.245000,4975.345000,0
2026.02.13,02:53,4975.375000,4976.245000,4972.685000,4973.535000,0
2026.02.13,02:54,4973.495000,4981.275000,4972.355000,4981.275000,0
2026.02.13,02:55,4981.545000,4981.545000,4975.655000,4977.645000,0
2026.02.13,02:56,4977.965000,4978.115000,4975.175000,4976.435000,0
2026.02.13,02:57,4976.475000,4977.345000,4972.755000,4973.755000,0
2026.02.13,02:58,4973.705000,4974.765000,4971.455000,4974.705000,0
2026.02.13,02:59,4974.685000,4976.245000,4972.585000,4974.845000,0
2026.02.13,03:00,4974.705000,4975.219000,4971.875000,4975.169000,0
2026.02.13,03:01,4974.668000,4976.435000,4974.195000,4975.675000,0
2026.02.13,03:02,4975.728000,4976.095000,4973.595000,4974.465000,0
2026.02.13,03:03,4974.455000,4976.865000,4973.145000,4975.815000,0
2026.02.13,03:04,4975.855000,4978.295000,4974.555000,4978.295000,0
2026.02.13,03:05,4978.335000,4980.125000,4976.335000,4979.155000,0
2026.02.13,03:06,4979.545000,4986.445000,4978.895000,4985.415000,0
2026.02.13,03:07,4984.999000,4985.215000,4981.885000,4983.385000,0
2026.02.13,03:08,4983.365000,4984.185000,4980.455000,4982.635000,0
2026.02.13,03:09,4982.605000,4987.448000,4981.375000,4985.559000,0
2026.02.13,03:10,4985.559000,4989.315000,4984.505000,4984.825000,0
2026.02.13,03:11,4984.785000,4986.525000,4983.905000,4983.925000,0
2026.02.13,03:12,4983.905000,4983.905000,4979.965000,4983.315000,0
2026.02.13,03:13,4983.265000,4983.745000,4979.875000,4980.955000,0
2026.02.13,03:14,4980.825000,4984.105000,4978.345000,4979.085000,0
2026.02.13,03:15,4979.118000,4981.965000,4978.125000,4981.485000,0
2026.02.13,03:16,4981.525000,4983.385000,4981.175000,4983.045000,0
2026.02.13,03:17,4983.045000,4983.205000,4980.035000,4980.065000,0
2026.02.13,03:18,4980.035000,4981.785000,4977.125000,4977.755000,0
2026.02.13,03:19,4977.975000,4978.505000,4976.685000,4978.325000,0
2026.02.13,03:20,4978.725000,4980.435000,4977.465000,4979.495000,0
2026.02.13,03:21,4980.035000,4985.755000,4980.035000,4985.725000,0
2026.02.13,03:22,4985.695000,4985.735000,4982.605000,4985.085000,0
2026.02.13,03:23,4985.145000,4985.675000,4982.535000,4983.265000,0
2026.02.13,03:24,4982.565000,4982.665000,4977.435000,4978.135000,0
2026.02.13,03:25,4978.155000,4981.525000,4978.155000,4981.525000,0
2026.02.13,03:26,4981.495000,4982.985000,4980.375000,4980.385000,0
2026.02.13,03:27,4980.365000,4982.155000,4977.995000,4981.865000,0
2026.02.13,03:28,4981.795000,4984.705000,4981.795000,4984.649000,0
2026.02.13,03:29,4984.759000,4984.815000,4981.309000,4982.305000,0
2026.02.13,03:30,4982.305000,4982.435000,4978.295000,4978.975000,0
2026.02.13,03:31,4978.975000,4982.655000,4978.265000,4981.455000,0
2026.02.13,03:32,4981.405000,4982.895000,4980.635000,4981.355000,0
2026.02.13,03:33,4981.335000,4982.645000,4978.355000,4978.709000,0
2026.02.13,03:34,4978.699000,4982.095000,4978.639000,4981.135000,0
2026.02.13,03:35,4981.105000,4983.209000,4980.725000,4982.979000,0
2026.02.13,03:36,4983.065000,4983.219000,4979.925000,4980.609000,0
2026.02.13,03:37,4980.599000,4981.459000,4979.499000,4980.615000,0
2026.02.13,03:38,4980.615000,4985.475000,4979.685000,4982.829000,0
2026.02.13,03:39,4982.769000,4983.845000,4980.735000,4981.165000,0
2026.02.13,03:40,4981.185000,4984.815000,4980.725000,4981.765000,0
2026.02.13,03:41,4981.765000,4983.839000,4981.765000,4982.749000,0
2026.02.13,03:42,4982.749000,4983.139000,4981.498000,4982.759000,0
2026.02.13,03:43,4982.789000,4984.499000,4981.985000,4983.695000,0
2026.02.13,03:44,4983.649000,4983.925000,4982.555000,4983.039000,0
2026.02.13,03:45,4983.445000,4984.698000,4982.479000,4982.905000,0
2026.02.13,03:46,4982.865000,4984.898000,4980.965000,4984.385000,0
2026.02.13,03:47,4984.449000,4986.675000,4983.315000,4983.759000,0
2026.02.13,03:48,4983.799000,4985.185000,4982.355000,4982.665000,0
2026.02.13,03:49,4982.605000,4982.649000,4978.755000,4978.805000,0
2026.02.13,03:50,4978.825000,4978.869000,4976.155000,4977.105000,0
2026.02.13,03:51,4977.089000,4979.499000,4971.318000,4979.349000,0
2026.02.13,03:52,4979.349000,4979.405000,4977.295000,4977.389000,0
2026.02.13,03:53,4977.389000,4980.685000,4975.815000,4980.349000,0
2026.02.13,03:54,4980.389000,4983.045000,4979.318000,4979.698000,0
2026.02.13,03:55,4979.695000,4981.649000,4978.695000,4980.885000,0
2026.02.13,03:56,4980.855000,4981.229000,4978.705000,4979.119000,0
2026.02.13,03:57,4979.119000,4982.385000,4978.178000,4981.435000,0
2026.02.13,03:58,4981.455000,4982.475000,4980.975000,4981.295000,0
2026.02.13,03:59,4982.475000,4982.705000,4980.958000,4982.389000,0
2026.02.13,04:00,4982.389000,4982.545000,4979.625000,4980.945000,0
2026.02.13,04:01,4980.985000,4982.485000,4979.839000,4980.075000,0
2026.02.13,04:02,4980.075000,4980.815000,4977.235000,4977.235000,0
2026.02.13,04:03,4977.215000,4979.655000,4976.385000,4978.045000,0
2026.02.13,04:04,4978.075000,4979.635000,4978.005000,4978.505000,0
2026.02.13,04:05,4978.485000,4979.935000,4978.145000,4979.015000,0
2026.02.13,04:06,4978.975000,4979.715000,4977.435000,4978.435000,0
2026.02.13,04:07,4978.455000,4979.735000,4977.795000,4978.745000,0
2026.02.13,04:08,4978.685000,4979.315000,4977.269000,4977.495000,0
2026.02.13,04:09,4977.569000,4978.705000,4977.485000,4977.625000,0
2026.02.13,04:10,4977.625000,4978.985000,4977.545000,4978.815000,0
2026.02.13,04:11,4978.815000,4980.765000,4977.845000,4978.335000,0
2026.02.13,04:12,4978.335000,4980.825000,4978.185000,4979.865000,0
2026.02.13,04:13,4980.465000,4982.275000,4979.055000,4980.129000,0
2026.02.13,04:14,4980.169000,4980.169000,4977.095000,4977.165000,0
2026.02.13,04:15,4977.155000,4978.305000,4975.929000,4978.305000,0
2026.02.13,04:16,4978.255000,4980.605000,4978.255000,4979.015000,0
2026.02.13,04:17,4979.035000,4979.069000,4974.055000,4975.719000,0
2026.02.13,04:18,4975.725000,4976.105000,4972.455000,4976.035000,0
2026.02.13,04:19,4976.015000,4979.315000,4976.005000,4978.655000,0
2026.02.13,04:20,4978.675000,4981.535000,4978.675000,4979.585000,0
2026.02.13,04:21,4979.585000,4980.685000,4979.115000,4979.665000,0
2026.02.13,04:22,4979.635000,4980.255000,4978.745000,4978.745000,0
2026.02.13,04:23,4978.845000,4979.595000,4975.525000,4977.305000,0
2026.02.13,04:24,4977.285000,4978.675000,4977.285000,4977.855000,0
2026.02.13,04:25,4977.875000,4978.205000,4973.065000,4975.675000,0
2026.02.13,04:26,4975.595000,4976.225000,4974.649000,4975.825000,0
2026.02.13,04:27,4975.985000,4976.015000,4972.929000,4973.029000,0
2026.02.13,04:28,4973.029000,4973.029000,4968.525000,4968.955000,0
2026.02.13,04:29,4969.049000,4969.075000,4963.995000,4964.625000,0
2026.02.13,04:30,4964.595000,4965.155000,4961.105000,4964.419000,0
2026.02.13,04:31,4964.419000,4968.385000,4964.419000,4967.519000,0
2026.02.13,04:32,4967.509000,4969.115000,4965.398000,4967.478000,0
2026.02.13,04:33,4967.505000,4970.588000,4967.505000,4970.518000,0
2026.02.13,04:34,4970.518000,4971.535000,4968.025000,4968.645000,0
2026.02.13,04:35,4968.685000,4969.539000,4968.518000,4968.798000,0
2026.02.13,04:36,4968.798000,4969.108000,4965.415000,4966.288000,0
2026.02.13,04:37,4966.288000,4969.019000,4966.288000,4967.028000,0
2026.02.13,04:38,4966.939000,4967.038000,4965.665000,4966.285000,0
2026.02.13,04:39,4966.335000,4967.139000,4963.895000,4964.709000,0
2026.02.13,04:40,4965.355000,4967.009000,4964.525000,4966.369000,0
2026.02.13,04:41,4966.379000,4970.625000,4966.349000,4970.329000,0
2026.02.13,04:42,4970.329000,4971.389000,4968.495000,4971.155000,0
2026.02.13,04:43,4971.155000,4973.595000,4970.055000,4970.085000,0
2026.02.13,04:44,4969.825000,4970.719000,4968.409000,4970.669000,0
2026.02.13,04:45,4970.669000,4974.209000,4969.455000,4971.679000,0
2026.02.13,04:46,4971.679000,4972.815000,4970.555000,4971.395000,0
2026.02.13,04:47,4971.435000,4974.595000,4970.925000,4974.265000,0
2026.02.13,04:48,4974.295000,4976.565000,4973.085000,4974.845000,0
2026.02.13,04:49,4974.815000,4974.905000,4971.865000,4973.069000,0
2026.02.13,04:50,4973.099000,4973.835000,4972.055000,4972.979000,0
2026.02.13,04:51,4972.945000,4973.185000,4971.175000,4971.689000,0
2026.02.13,04:52,4971.625000,4974.985000,4971.395000,4974.035000,0
2026.02.13,04:53,4974.015000,4974.535000,4971.335000,4971.705000,0
2026.02.13,04:54,4971.675000,4972.695000,4970.355000,4971.669000,0
2026.02.13,04:55,4971.619000,4971.769000,4969.545000,4969.545000,0
2026.02.13,04:56,4970.895000,4972.655000,4970.895000,4971.615000,0
2026.02.13,04:57,4971.599000,4975.055000,4971.259000,4972.575000,0
2026.02.13,04:58,4972.615000,4972.915000,4970.645000,4972.225000,0
2026.02.13,04:59,4972.225000,4973.575000,4968.655000,4970.085000,0
2026.02.13,05:00,4970.085000,4970.435000,4968.005000,4968.789000,0
2026.02.13,05:01,4968.739000,4968.739000,4966.885000,4968.275000,0
2026.02.13,05:02,4968.249000,4968.385000,4967.385000,4968.225000,0
2026.02.13,05:03,4968.205000,4968.485000,4966.905000,4967.575000,0
2026.02.13,05:04,4967.605000,4971.615000,4967.385000,4971.475000,0
2026.02.13,05:05,4971.475000,4976.245000,4971.415000,4972.695000,0
2026.02.13,05:06,4973.235000,4974.795000,4971.185000,4971.185000,0
2026.02.13,05:07,4971.205000,4972.045000,4969.865000,4971.385000,0
2026.02.13,05:08,4971.135000,4971.615000,4969.775000,4971.229000,0
2026.02.13,05:09,4971.219000,4974.259000,4971.139000,4971.765000,0
2026.02.13,05:10,4971.575000,4974.065000,4970.245000,4973.715000,0
2026.02.13,05:11,4973.695000,4977.295000,4972.525000,4976.255000,0
2026.02.13,05:12,4976.205000,4976.875000,4973.275000,4976.195000,0
2026.02.13,05:13,4976.025000,4977.655000,4975.315000,4975.335000,0
2026.02.13,05:14,4975.425000,4975.425000,4970.855000,4972.235000,0
2026.02.13,05:15,4972.255000,4974.815000,4972.255000,4973.775000,0
2026.02.13,05:16,4973.775000,4976.055000,4972.195000,4973.025000,0
2026.02.13,05:17,4973.005000,4973.655000,4972.145000,4972.205000,0
2026.02.13,05:18,4972.175000,4972.819000,4970.145000,4970.519000,0
2026.02.13,05:19,4970.469000,4970.509000,4966.048000,4966.229000,0
2026.02.13,05:20,4966.249000,4972.529000,4966.209000,4972.509000,0
2026.02.13,05:21,4972.459000,4972.659000,4971.845000,4972.119000,0
2026.02.13,05:22,4972.115000,4972.129000,4970.875000,4970.949000,0
2026.02.13,05:23,4970.949000,4971.225000,4968.639000,4969.695000,0
2026.02.13,05:24,4969.698000,4971.209000,4968.825000,4970.495000,0
2026.02.13,05:25,4970.475000,4974.115000,4970.419000,4973.935000,0
2026.02.13,05:26,4973.935000,4974.315000,4972.995000,4973.465000,0
2026.02.13,05:27,4973.465000,4978.905000,4973.325000,4978.815000,0
2026.02.13,05:28,4978.855000,4980.495000,4978.435000,4979.165000,0
2026.02.13,05:29,4979.185000,4979.425000,4976.935000,4977.245000,0
2026.02.13,05:30,4977.265000,4978.365000,4975.025000,4975.315000,0
2026.02.13,05:31,4975.155000,4975.935000,4975.009000,4975.605000,0
2026.02.13,05:32,4975.599000,4976.435000,4974.805000,4975.865000,0
2026.02.13,05:33,4975.905000,4976.099000,4970.215000,4970.225000,0
2026.02.13,05:34,4970.239000,4971.078000,4968.985000,4970.235000,0
2026.02.13,05:35,4970.465000,4971.179000,4969.925000,4970.809000,0
2026.02.13,05:36,4970.819000,4971.239000,4969.735000,4970.035000,0
2026.02.13,05:37,4970.005000,4970.879000,4968.465000,4970.829000,0
2026.02.13,05:38,4970.809000,4970.809000,4969.495000,4969.769000,0
2026.02.13,05:39,4969.769000,4969.819000,4969.155000,4969.655000,0
2026.02.13,05:40,4969.639000,4970.845000,4969.145000,4970.359000,0
2026.02.13,05:41,4970.329000,4970.869000,4968.005000,4968.115000,0
2026.02.13,05:42,4967.485000,4970.629000,4967.405000,4970.609000,0
2026.02.13,05:43,4970.659000,4970.689000,4969.225000,4969.529000,0
2026.02.13,05:44,4969.559000,4969.559000,4968.125000,4969.059000,0
2026.02.13,05:45,4969.059000,4970.095000,4968.349000,4970.079000,0
2026.02.13,05:46,4970.089000,4970.119000,4967.975000,4968.105000,0
2026.02.13,05:47,4968.039000,4968.395000,4962.899000,4963.439000,0
2026.02.13,05:48,4963.439000,4963.725000,4957.605000,4963.645000,0
2026.02.13,05:49,4963.675000,4966.165000,4961.605000,4962.835000,0
2026.02.13,05:50,4962.865000,4965.985000,4962.845000,4965.945000,0
2026.02.13,05:51,4965.975000,4966.719000,4965.245000,4966.285000,0
2026.02.13,05:52,4966.285000,4967.705000,4963.635000,4965.785000,0
2026.02.13,05:53,4966.045000,4966.119000,4962.215000,4962.649000,0
2026.02.13,05:54,4962.679000,4963.045000,4961.185000,4961.599000,0
2026.02.13,05:55,4961.599000,4963.365000,4961.335000,4962.485000,0
2026.02.13,05:56,4962.475000,4962.475000,4956.855000,4957.129000,0
2026.02.13,05:57,4957.139000,4958.159000,4953.005000,4954.695000,0
2026.02.13,05:58,4954.665000,4956.015000,4946.825000,4948.095000,0
2026.02.13,05:59,4948.209000,4953.085000,4948.209000,4949.755000,0
2026.02.13,06:00,4949.829000,4952.005000,4943.745000,4945.645000,0
2026.02.13,06:01,4946.175000,4950.245000,4944.785000,4949.275000,0
2026.02.13,06:02,4949.215000,4949.355000,4945.618000,4948.345000,0
2026.02.13,06:03,4948.405000,4949.995000,4945.355000,4949.435000,0
2026.02.13,06:04,4949.325000,4950.105000,4945.325000,4946.095000,0
2026.02.13,06:05,4945.985000,4950.255000,4940.785000,4942.798000,0
2026.02.13,06:06,4942.808000,4947.025000,4941.645000,4946.378000,0
2026.02.13,06:07,4946.378000,4947.805000,4941.715000,4943.578000,0
2026.02.13,06:08,4943.578000,4944.865000,4940.985000,4944.485000,0
2026.02.13,06:09,4944.505000,4948.338000,4944.018000,4946.505000,0
2026.02.13,06:10,4945.835000,4945.835000,4943.655000,4944.185000,0
2026.02.13,06:11,4944.205000,4947.985000,4944.175000,4947.635000,0
2026.02.13,06:12,4947.635000,4953.485000,4947.585000,4949.305000,0
2026.02.13,06:13,4949.275000,4949.975000,4947.605000,4948.165000,0
2026.02.13,06:14,4948.185000,4951.355000,4947.865000,4951.265000,0
2026.02.13,06:15,4951.255000,4951.315000,4948.658000,4949.369000,0
2026.02.13,06:16,4949.409000,4950.455000,4948.285000,4949.695000,0
2026.02.13,06:17,4949.665000,4949.945000,4945.305000,4945.995000,0
2026.02.13,06:18,4945.975000,4946.595000,4944.885000,4945.539000,0
2026.02.13,06:19,4945.499000,4948.905000,4945.499000,4947.955000,0
2026.02.13,06:20,4947.915000,4952.425000,4947.915000,4949.255000,0
2026.02.13,06:21,4949.215000,4949.315000,4948.195000,4948.805000,0
2026.02.13,06:22,4948.825000,4949.415000,4945.885000,4946.299000,0
2026.02.13,06:23,4946.318000,4948.245000,4945.045000,4945.525000,0
2026.02.13,06:24,4945.565000,4945.645000,4933.495000,4938.835000,0
2026.02.13,06:25,4938.875000,4941.925000,4937.239000,4937.365000,0
2026.02.13,06:26,4938.035000,4938.935000,4935.625000,4936.395000,0
2026.02.13,06:27,4936.385000,4940.605000,4934.295000,4940.105000,0
2026.02.13,06:28,4940.085000,4944.575000,4939.985000,4942.365000,0
2026.02.13,06:29,4942.395000,4945.355000,4941.845000,4944.715000,0
2026.02.13,06:30,4944.745000,4945.395000,4936.315000,4936.415000,0
2026.02.13,06:31,4936.445000,4937.295000,4935.155000,4936.515000,0
2026.02.13,06:32,4936.535000,4937.315000,4935.235000,4936.165000,0
2026.02.13,06:33,4936.195000,4937.845000,4935.385000,4937.465000,0
2026.02.13,06:34,4937.465000,4941.095000,4937.465000,4940.505000,0
2026.02.13,06:35,4940.465000,4947.315000,4939.715000,4947.305000,0
2026.02.13,06:36,4947.305000,4948.465000,4945.695000,4946.105000,0
2026.02.13,06:37,4946.115000,4948.455000,4945.945000,4948.415000,0
2026.02.13,06:38,4948.445000,4948.445000,4943.979000,4944.029000,0
2026.02.13,06:39,4944.025000,4945.325000,4941.385000,4943.815000,0
2026.02.13,06:40,4943.755000,4946.435000,4942.045000,4946.165000,0
2026.02.13,06:41,4946.205000,4948.285000,4943.955000,4947.025000,0
2026.02.13,06:42,4947.055000,4948.055000,4946.435000,4946.889000,0
2026.02.13,06:43,4946.815000,4947.155000,4943.415000,4944.139000,0
2026.02.13,06:44,4944.195000,4944.385000,4942.135000,4943.785000,0
2026.02.13,06:45,4943.735000,4943.735000,4940.415000,4941.119000,0
2026.02.13,06:46,4941.065000,4943.035000,4939.115000,4941.679000,0
2026.02.13,06:47,4941.679000,4943.935000,4941.075000,4942.695000,0
2026.02.13,06:48,4942.699000,4944.575000,4941.585000,4943.135000,0
2026.02.13,06:49,4943.135000,4944.495000,4942.709000,4943.995000,0
2026.02.13,06:50,4943.715000,4944.485000,4941.175000,4944.345000,0
2026.02.13,06:51,4944.335000,4947.995000,4943.885000,4946.785000,0
2026.02.13,06:52,4946.785000,4946.815000,4944.005000,4945.075000,0
2026.02.13,06:53,4945.045000,4947.885000,4944.875000,4947.885000,0
2026.02.13,06:54,4947.885000,4951.365000,4947.885000,4949.965000,0
2026.02.13,06:55,4949.929000,4953.035000,4948.845000,4952.345000,0
2026.02.13,06:56,4952.325000,4952.345000,4949.685000,4951.165000,0
2026.02.13,06:57,4951.215000,4951.955000,4949.665000,4950.445000,0
2026.02.13,06:58,4950.475000,4951.909000,4949.955000,4951.699000,0
2026.02.13,06:59,4951.719000,4955.155000,4951.175000,4953.795000,0
2026.02.13,07:00,4953.355000,4956.615000,4952.205000,4954.435000,0
2026.02.13,07:01,4954.425000,4957.575000,4954.165000,4955.835000,0
2026.02.13,07:02,4955.805000,4955.805000,4951.795000,4955.595000,0
2026.02.13,07:03,4955.625000,4958.445000,4953.795000,4958.159000,0
2026.02.13,07:04,4958.245000,4959.465000,4956.865000,4958.275000,0
2026.02.13,07:05,4958.245000,4958.685000,4956.705000,4956.925000,0
2026.02.13,07:06,4956.925000,4961.085000,4956.435000,4959.935000,0
2026.02.13,07:07,4959.905000,4962.255000,4959.795000,4961.045000,0
2026.02.13,07:08,4961.045000,4962.205000,4959.755000,4962.205000,0
2026.02.13,07:09,4962.205000,4962.905000,4956.255000,4956.649000,0
2026.02.13,07:10,4956.679000,4956.825000,4953.255000,4954.385000,0
2026.02.13,07:11,4954.405000,4959.915000,4953.975000,4956.465000,0
2026.02.13,07:12,4956.549000,4959.409000,4954.225000,4959.409000,0
2026.02.13,07:13,4959.379000,4963.285000,4959.065000,4963.155000,0
2026.02.13,07:14,4963.155000,4964.215000,4962.005000,4963.605000,0
2026.02.13,07:15,4963.585000,4966.155000,4962.405000,4965.375000,0
2026.02.13,07:16,4965.355000,4967.775000,4964.755000,4966.705000,0
2026.02.13,07:17,4966.705000,4968.715000,4965.905000,4968.025000,0
2026.02.13,07:18,4967.995000,4969.425000,4965.885000,4967.345000,0
2026.02.13,07:19,4967.345000,4967.865000,4966.965000,4966.995000,0
2026.02.13,07:20,4967.645000,4968.415000,4967.355000,4968.285000,0
2026.02.13,07:21,4968.195000,4971.165000,4966.795000,4970.095000,0
2026.02.13,07:22,4970.095000,4972.125000,4969.365000,4970.145000,0
2026.02.13,07:23,4970.189000,4972.825000,4970.189000,4971.705000,0
2026.02.13,07:24,4971.685000,4971.838000,4970.105000,4970.935000,0
2026.02.13,07:25,4970.915000,4971.875000,4968.305000,4969.355000,0
2026.02.13,07:26,4969.315000,4970.905000,4969.315000,4970.905000,0
2026.02.13,07:27,4970.935000,4972.805000,4970.015000,4970.575000,0
2026.02.13,07:28,4970.505000,4970.505000,4967.375000,4967.715000,0
2026.02.13,07:29,4967.735000,4968.455000,4966.215000,4967.095000,0
2026.02.13,07:30,4967.075000,4967.855000,4963.605000,4964.515000,0
2026.02.13,07:31,4964.555000,4967.085000,4964.555000,4966.095000,0
2026.02.13,07:32,4966.155000,4967.105000,4964.425000,4965.285000,0
2026.02.13,07:33,4965.775000,4967.455000,4965.725000,4966.358000,0
2026.02.13,07:34,4966.455000,4972.285000,4966.265000,4971.075000,0
2026.02.13,07:35,4971.065000,4973.425000,4970.695000,4972.655000,0
2026.02.13,07:36,4972.725000,4973.275000,4969.575000,4971.145000,0
2026.02.13,07:37,4971.185000,4971.755000,4967.625000,4968.245000,0
2026.02.13,07:38,4968.225000,4968.825000,4967.835000,4968.205000,0
2026.02.13,07:39,4968.205000,4969.135000,4967.975000,4969.135000,0
2026.02.13,07:40,4969.085000,4971.718000,4968.965000,4969.075000,0
2026.02.13,07:41,4969.045000,4969.935000,4967.345000,4968.645000,0
2026.02.13,07:42,4968.685000,4970.095000,4967.745000,4969.368000,0
2026.02.13,07:43,4969.378000,4969.765000,4967.965000,4967.995000,0
2026.02.13,07:44,4968.075000,4968.125000,4965.635000,4965.825000,0
2026.02.13,07:45,4965.875000,4967.285000,4965.355000,4966.275000,0
2026.02.13,07:46,4966.275000,4968.695000,4965.445000,4965.485000,0
2026.02.13,07:47,4965.465000,4967.125000,4964.955000,4965.605000,0
2026.02.13,07:48,4965.645000,4967.585000,4965.635000,4967.355000,0
2026.02.13,07:49,4967.448000,4972.265000,4966.415000,4969.648000,0
2026.02.13,07:50,4969.588000,4970.545000,4967.745000,4968.175000,0
2026.02.13,07:51,4968.145000,4968.325000,4966.865000,4967.685000,0
2026.02.13,07:52,4967.755000,4967.825000,4966.005000,4966.175000,0
2026.02.13,07:53,4966.145000,4967.885000,4964.228000,4967.565000,0
2026.02.13,07:54,4967.625000,4971.425000,4967.625000,4970.275000,0
2026.02.13,07:55,4970.295000,4972.515000,4968.665000,4972.355000,0
2026.02.13,07:56,4972.305000,4973.755000,4971.415000,4971.505000,0
2026.02.13,07:57,4971.475000,4972.035000,4967.705000,4967.735000,0
2026.02.13,07:58,4967.685000,4968.455000,4966.965000,4967.575000,0
2026.02.13,07:59,4967.595000,4969.705000,4966.445000,4969.275000,0
2026.02.13,08:00,4969.275000,4974.585000,4969.275000,4974.565000,0
2026.02.13,08:01,4974.595000,4975.985000,4971.675000,4972.265000,0
2026.02.13,08:02,4972.315000,4973.795000,4970.659000,4971.415000,0
2026.02.13,08:03,4971.435000,4972.349000,4970.138000,4970.715000,0
2026.02.13,08:04,4970.645000,4971.905000,4970.395000,4971.165000,0
2026.02.13,08:05,4971.069000,4971.385000,4969.445000,4969.465000,0
2026.02.13,08:06,4969.485000,4969.915000,4965.165000,4967.705000,0
2026.02.13,08:07,4967.755000,4968.765000,4966.175000,4968.155000,0
2026.02.13,08:08,4968.395000,4970.455000,4967.825000,4968.465000,0
2026.02.13,08:09,4968.425000,4969.225000,4967.395000,4968.125000,0
2026.02.13,08:10,4968.165000,4968.615000,4966.655000,4967.125000,0
2026.02.13,08:11,4967.165000,4969.355000,4967.165000,4968.255000,0
2026.02.13,08:12,4968.795000,4968.935000,4966.345000,4967.495000,0
2026.02.13,08:13,4967.515000,4968.495000,4967.055000,4967.095000,0
2026.02.13,08:14,4967.125000,4968.285000,4966.505000,4966.855000,0
2026.02.13,08:15,4966.915000,4967.645000,4965.655000,4966.875000,0
2026.02.13,08:16,4966.855000,4967.085000,4963.755000,4965.515000,0
2026.02.13,08:17,4965.578000,4965.865000,4964.515000,4965.025000,0
2026.02.13,08:18,4964.765000,4965.895000,4963.685000,4965.215000,0
2026.02.13,08:19,4965.368000,4965.775000,4960.695000,4961.905000,0
2026.02.13,08:20,4961.935000,4964.145000,4960.175000,4960.175000,0
2026.02.13,08:21,4960.245000,4961.715000,4957.385000,4958.545000,0
2026.02.13,08:22,4958.495000,4962.595000,4958.465000,4962.465000,0
2026.02.13,08:23,4962.505000,4967.485000,4961.345000,4967.435000,0
2026.02.13,08:24,4967.625000,4970.495000,4966.805000,4969.165000,0
2026.02.13,08:25,4969.285000,4969.835000,4964.925000,4967.055000,0
2026.02.13,08:26,4967.208000,4969.215000,4965.385000,4966.375000,0
2026.02.13,08:27,4966.345000,4967.225000,4963.865000,4967.115000,0
2026.02.13,08:28,4967.155000,4968.405000,4966.665000,4967.095000,0
2026.02.13,08:29,4967.065000,4967.335000,4966.565000,4966.695000,0
2026.02.13,08:30,4966.485000,4998.905000,4966.338000,4994.165000,0
2026.02.13,08:31,4994.045000,4999.185000,4987.698000,4987.698000,0
2026.02.13,08:32,4989.245000,4990.335000,4980.345000,4982.345000,0
2026.02.13,08:33,4982.365000,4985.625000,4980.805000,4985.335000,0
2026.02.13,08:34,4985.305000,4994.535000,4983.895000,4993.165000,0
2026.02.13,08:35,4993.255000,4996.305000,4990.515000,4991.365000,0
2026.02.13,08:36,4991.395000,4992.105000,4983.288000,4991.298000,0
2026.02.13,08:37,4991.298000,4991.298000,4986.245000,4987.915000,0
2026.02.13,08:38,4987.935000,4990.198000,4984.965000,4988.885000,0
2026.02.13,08:39,4988.915000,4994.158000,4988.615000,4991.675000,0
2026.02.13,08:40,4991.655000,4991.655000,4982.748000,4984.248000,0
2026.02.13,08:41,4984.248000,4988.038000,4982.915000,4987.348000,0
2026.02.13,08:42,4987.165000,4989.305000,4985.485000,4987.798000,0
2026.02.13,08:43,4987.798000,4993.298000,4987.198000,4993.198000,0
2026.02.13,08:44,4993.135000,4993.798000,4983.668000,4983.668000,0
2026.02.13,08:45,4983.668000,4985.705000,4979.698000,4980.405000,0
2026.02.13,08:46,4980.455000,4983.965000,4976.575000,4979.565000,0
2026.02.13,08:47,4979.585000,4979.585000,4973.255000,4973.445000,0
2026.02.13,08:48,4973.425000,4977.575000,4971.885000,4976.975000,0
2026.02.13,08:49,4977.028000,4980.975000,4977.028000,4980.825000,0
2026.02.13,08:50,4980.855000,4986.715000,4980.855000,4982.435000,0
2026.02.13,08:51,4982.405000,4982.405000,4975.755000,4977.045000,0
2026.02.13,08:52,4977.115000,4981.045000,4974.018000,4979.555000,0
2026.02.13,08:53,4979.695000,4986.605000,4979.695000,4985.535000,0
2026.02.13,08:54,4985.545000,4987.685000,4984.898000,4985.865000,0
2026.02.13,08:55,4986.035000,4991.835000,4985.945000,4991.295000,0
2026.02.13,08:56,4991.325000,4992.635000,4987.675000,4989.405000,0
2026.02.13,08:57,4989.405000,4990.265000,4985.505000,4986.748000,0
2026.02.13,08:58,4986.748000,4987.098000,4984.518000,4985.525000,0
2026.02.13,08:59,4985.425000,4987.895000,4985.348000,4986.775000,0
2026.02.13,09:00,4986.298000,4992.825000,4985.665000,4988.105000,0
2026.02.13,09:01,4988.095000,4991.925000,4986.398000,4990.925000,0
2026.02.13,09:02,4990.915000,4991.505000,4988.398000,4991.485000,0
2026.02.13,09:03,4992.035000,4995.285000,4990.875000,4993.595000,0
2026.02.13,09:04,4993.555000,4993.618000,4990.905000,4992.058000,0
2026.02.13,09:05,4992.005000,4997.015000,4991.018000,4996.995000,0
2026.02.13,09:06,4996.965000,4996.965000,4989.855000,4990.715000,0
2026.02.13,09:07,4990.755000,4992.435000,4986.805000,4987.098000,0
2026.02.13,09:08,4987.045000,4988.095000,4984.498000,4987.635000,0
2026.02.13,09:09,4987.698000,4990.825000,4987.695000,4990.605000,0
2026.02.13,09:10,4990.655000,4992.995000,4989.295000,4991.115000,0
2026.02.13,09:11,4991.075000,4994.335000,4990.635000,4992.385000,0
2026.02.13,09:12,4992.415000,4995.615000,4991.905000,4995.595000,0
2026.02.13,09:13,4995.545000,4999.995000,4995.145000,4999.035000,0
2026.02.13,09:14,4999.015000,4999.015000,4996.615000,4998.395000,0
2026.02.13,09:15,4998.385000,5004.905000,4994.735000,4996.335000,0
2026.02.13,09:16,4996.365000,4998.135000,4995.945000,4997.455000,0
2026.02.13,09:17,4997.415000,5001.995000,4995.755000,5001.315000,0
2026.02.13,09:18,5001.255000,5005.785000,5001.255000,5004.155000,0
2026.02.13,09:19,5004.135000,5004.515000,5000.225000,5002.995000,0
2026.02.13,09:20,5003.025000,5003.805000,4999.545000,5000.325000,0
2026.02.13,09:21,5000.365000,5007.715000,5000.365000,5005.715000,0
2026.02.13,09:22,5005.775000,5005.835000,5000.145000,5001.245000,0
2026.02.13,09:23,5001.275000,5004.385000,4999.395000,5003.305000,0
2026.02.13,09:24,5003.355000,5003.565000,4999.575000,5001.155000,0
2026.02.13,09:25,5001.125000,5004.735000,5000.665000,5004.365000,0
2026.02.13,09:26,5004.118000,5005.365000,5001.275000,5003.765000,0
2026.02.13,09:27,5003.785000,5005.565000,5003.025000,5004.785000,0
2026.02.13,09:28,5004.815000,5005.265000,5002.138000,5002.435000,0
2026.02.13,09:29,5002.455000,5003.658000,5000.365000,5002.258000,0
2026.02.13,09:30,5002.355000,5003.755000,4993.815000,5003.055000,0
2026.02.13,09:31,5003.185000,5004.055000,4997.955000,5000.935000,0
2026.02.13,09:32,5000.915000,5005.585000,4998.455000,5005.005000,0
2026.02.13,09:33,5005.035000,5010.636000,5003.025000,5007.885000,0
2026.02.13,09:34,5007.975000,5010.435000,5004.055000,5004.685000,0
2026.02.13,09:35,5004.655000,5010.490000,5004.185000,5008.285000,0
2026.02.13,09:36,5008.265000,5009.985000,5001.505000,5003.275000,0
2026.02.13,09:37,5003.175000,5006.905000,4994.255000,4994.525000,0
2026.02.13,09:38,4994.585000,4997.555000,4992.455000,4994.015000,0
2026.02.13,09:39,4994.358000,4998.325000,4986.655000,4987.455000,0
2026.02.13,09:40,4987.425000,4988.145000,4974.185000,4974.275000,0
2026.02.13,09:41,4974.345000,4978.465000,4963.748000,4966.175000,0
2026.02.13,09:42,4966.028000,4974.825000,4965.048000,4974.475000,0
2026.02.13,09:43,4974.405000,4983.795000,4972.685000,4983.475000,0
2026.02.13,09:44,4983.275000,4992.445000,4979.478000,4991.205000,0
2026.02.13,09:45,4991.205000,4998.715000,4989.715000,4998.065000,0
2026.02.13,09:46,4998.045000,5000.635000,4994.595000,4997.905000,0
2026.02.13,09:47,4997.405000,5003.455000,4995.505000,5000.385000,0
2026.02.13,09:48,5000.395000,5006.648000,5000.395000,5000.715000,0
2026.02.13,09:49,5001.005000,5002.675000,4995.005000,4997.885000,0
2026.02.13,09:50,4998.205000,4998.285000,4989.015000,4990.935000,0
2026.02.13,09:51,4990.605000,4996.855000,4989.668000,4996.625000,0
2026.02.13,09:52,4996.665000,4998.655000,4990.175000,4992.495000,0
2026.02.13,09:53,4992.755000,4999.485000,4990.595000,4992.005000,0
2026.02.13,09:54,4992.045000,4996.925000,4990.645000,4991.225000,0
2026.02.13,09:55,4991.245000,5005.495000,4990.925000,5003.005000,0
2026.02.13,09:56,5003.115000,5005.545000,4993.095000,4993.135000,0
2026.02.13,09:57,4993.195000,4995.565000,4989.725000,4992.135000,0
2026.02.13,09:58,4992.185000,4998.895000,4991.695000,4996.625000,0
2026.02.13,09:59,4996.675000,4998.665000,4993.145000,4995.185000,0
2026.02.13,10:00,4995.225000,5005.798000,4993.428000,4997.058000,0
2026.02.13,10:01,4997.058000,5002.815000,4993.355000,5002.145000,0
2026.02.13,10:02,5002.125000,5005.165000,4998.565000,5002.248000,0
2026.02.13,10:03,5002.248000,5003.948000,4992.835000,4994.098000,0
2026.02.13,10:04,4994.098000,5001.105000,4991.778000,4999.555000,0
2026.02.13,10:05,4999.655000,5000.045000,4995.885000,4997.355000,0
2026.02.13,10:06,4997.325000,5002.215000,4996.175000,5002.015000,0
2026.02.13,10:07,5001.715000,5002.945000,4998.115000,5002.305000,0
2026.02.13,10:08,5002.215000,5008.605000,5001.985000,5007.235000,0
2026.02.13,10:09,5007.265000,5010.808000,5004.775000,5010.035000,0
2026.02.13,10:10,5010.035000,5011.025000,5006.175000,5010.575000,0
2026.02.13,10:11,5010.595000,5010.595000,5007.165000,5008.765000,0
2026.02.13,10:12,5008.765000,5008.765000,5002.845000,5003.605000,0
2026.02.13,10:13,5003.395000,5005.645000,4999.848000,5001.205000,0
2026.02.13,10:14,5001.165000,5005.455000,5001.055000,5002.945000,0
2026.02.13,10:15,5002.975000,5006.415000,5001.975000,5004.985000,0
2026.02.13,10:16,5005.135000,5005.135000,4998.975000,5000.825000,0
2026.02.13,10:17,5000.795000,5002.915000,4996.405000,4997.668000,0
2026.02.13,10:18,4997.765000,4999.658000,4994.425000,4999.165000,0
2026.02.13,10:19,4999.148000,4999.148000,4994.555000,4997.738000,0
2026.02.13,10:20,4997.738000,5002.755000,4996.065000,4999.435000,0
2026.02.13,10:21,4999.035000,5000.105000,4994.585000,4996.565000,0
2026.02.13,10:22,4996.535000,5000.455000,4995.115000,4996.675000,0
2026.02.13,10:23,4996.815000,5000.625000,4996.205000,5000.405000,0
2026.02.13,10:24,5000.295000,5003.025000,4999.198000,5001.768000,0
2026.02.13,10:25,5001.805000,5004.125000,5001.265000,5003.485000,0
2026.02.13,10:26,5003.525000,5004.275000,4998.718000,5003.405000,0
2026.02.13,10:27,5003.355000,5009.155000,5001.695000,5008.995000,0
2026.02.13,10:28,5009.025000,5011.338000,5006.985000,5010.385000,0
2026.02.13,10:29,5010.355000,5011.015000,5008.435000,5009.645000,0
2026.02.13,10:30,5009.675000,5010.968000,5008.045000,5009.975000,0
2026.02.13,10:31,5009.945000,5010.925000,5007.215000,5008.205000,0
2026.02.13,10:32,5008.235000,5011.045000,5007.198000,5008.725000,0
2026.02.13,10:33,5008.755000,5010.155000,5006.765000,5009.235000,0
2026.02.13,10:34,5009.205000,5010.755000,5007.085000,5008.065000,0
2026.02.13,10:35,5008.035000,5010.785000,5006.995000,5010.585000,0
2026.02.13,10:36,5010.555000,5020.095000,5009.755000,5020.095000,0
2026.02.13,10:37,5019.965000,5020.155000,5014.185000,5015.405000,0
2026.02.13,10:38,5015.405000,5015.475000,5006.835000,5007.795000,0
2026.02.13,10:39,5007.865000,5011.895000,5007.025000,5008.055000,0
2026.02.13,10:40,5008.085000,5009.005000,5004.668000,5005.315000,0
2026.02.13,10:41,5005.195000,5009.915000,5005.025000,5007.975000,0
2026.02.13,10:42,5007.955000,5010.655000,5004.355000,5007.625000,0
2026.02.13,10:43,5007.595000,5012.605000,5007.265000,5010.185000,0
2026.02.13,10:44,5010.225000,5010.645000,5004.555000,5006.375000,0
2026.02.13,10:45,5006.395000,5009.945000,5004.655000,5009.375000,0
2026.02.13,10:46,5009.315000,5009.635000,4999.855000,5000.775000,0
2026.02.13,10:47,5000.755000,5003.485000,4996.105000,4997.565000,0
2026.02.13,10:48,4997.535000,4998.695000,4991.975000,4991.975000,0
2026.02.13,10:49,4991.975000,4994.515000,4990.015000,4994.515000,0
2026.02.13,10:50,4994.475000,4996.975000,4992.978000,4996.005000,0
2026.02.13,10:51,4995.815000,4999.675000,4994.908000,4997.875000,0
2026.02.13,10:52,4997.305000,4998.455000,4993.998000,4994.145000,0
2026.02.13,10:53,4994.125000,4994.645000,4984.315000,4984.515000,0
2026.02.13,10:54,4984.535000,4987.335000,4984.435000,4986.285000,0
2026.02.13,10:55,4986.305000,4987.478000,4984.915000,4986.735000,0
2026.02.13,10:56,4986.755000,4987.475000,4980.195000,4980.535000,0
2026.02.13,10:57,4980.565000,4982.645000,4976.925000,4981.298000,0
2026.02.13,10:58,4981.298000,4982.855000,4976.415000,4976.475000,0
2026.02.13,10:59,4976.505000,4978.205000,4973.688000,4976.338000,0
2026.02.13,11:00,4976.375000,4981.345000,4975.298000,4979.765000,0
2026.02.13,11:01,4979.685000,4983.575000,4975.395000,4982.195000,0
2026.02.13,11:02,4982.195000,4985.005000,4982.085000,4984.365000,0
2026.02.13,11:03,4984.395000,4990.495000,4984.395000,4990.495000,0
2026.02.13,11:04,4990.415000,4994.145000,4988.195000,4990.435000,0
2026.02.13,11:05,4990.405000,4990.535000,4987.045000,4989.485000,0
2026.02.13,11:06,4989.795000,4993.675000,4989.205000,4992.945000,0
2026.02.13,11:07,4992.875000,4994.855000,4991.945000,4994.035000,0
2026.02.13,11:08,4993.995000,4993.995000,4990.645000,4992.605000,0
2026.02.13,11:09,4992.625000,4993.395000,4988.385000,4991.085000,0
2026.02.13,11:10,4991.125000,4992.165000,4988.098000,4990.425000,0
2026.02.13,11:11,4990.445000,4992.155000,4987.545000,4989.655000,0
2026.02.13,11:12,4989.965000,4992.685000,4987.835000,4990.615000,0
2026.02.13,11:13,4990.665000,4992.145000,4988.255000,4992.105000,0
2026.02.13,11:14,4992.005000,4997.385000,4991.945000,4997.285000,0
2026.02.13,11:15,4997.275000,5000.735000,4995.745000,4999.955000,0
2026.02.13,11:16,4999.975000,5001.245000,4998.215000,4998.605000,0
2026.02.13,11:17,4998.575000,5006.548000,4998.505000,5003.485000,0
2026.02.13,11:18,5003.465000,5005.695000,5001.605000,5002.605000,0
2026.02.13,11:19,5002.585000,5007.818000,5002.025000,5006.805000,0
2026.02.13,11:20,5006.875000,5009.595000,5005.715000,5007.515000,0
2026.02.13,11:21,5007.535000,5008.225000,5005.005000,5006.975000,0
2026.02.13,11:22,5006.935000,5006.965000,5004.075000,5004.735000,0
2026.02.13,11:23,5004.705000,5009.875000,5004.698000,5006.615000,0
2026.02.13,11:24,5006.675000,5011.065000,5006.478000,5009.665000,0
2026.02.13,11:25,5009.715000,5010.855000,5008.675000,5010.285000,0
2026.02.13,11:26,5010.638000,5022.055000,5010.638000,5021.895000,0
2026.02.13,11:27,5022.025000,5023.935000,5019.335000,5023.865000,0
2026.02.13,11:28,5023.848000,5033.618000,5023.715000,5032.765000,0
2026.02.13,11:29,5032.705000,5032.815000,5025.698000,5027.548000,0
2026.02.13,11:30,5027.235000,5028.048000,5022.248000,5025.498000,0
2026.02.13,11:31,5025.498000,5025.618000,5021.548000,5023.085000,0
2026.02.13,11:32,5023.015000,5024.005000,5020.525000,5020.648000,0
2026.02.13,11:33,5020.648000,5020.855000,5017.655000,5018.275000,0
2026.02.13,11:34,5017.948000,5019.885000,5016.425000,5018.665000,0
2026.02.13,11:35,5018.648000,5019.615000,5016.525000,5018.625000,0
2026.02.13,11:36,5018.655000,5019.205000,5016.745000,5019.135000,0
2026.02.13,11:37,5019.155000,5019.165000,5013.315000,5013.908000,0
2026.02.13,11:38,5013.808000,5017.648000,5013.708000,5016.995000,0
2026.02.13,11:39,5016.945000,5017.955000,5014.478000,5015.125000,0
2026.02.13,11:40,5015.185000,5015.945000,5012.915000,5014.635000,0
2026.02.13,11:41,5014.618000,5015.475000,5012.839000,5013.698000,0
2026.02.13,11:42,5013.698000,5015.055000,5013.355000,5014.428000,0
2026.02.13,11:43,5014.438000,5017.945000,5013.538000,5016.585000,0
2026.02.13,11:44,5016.535000,5017.245000,5015.218000,5016.655000,0
2026.02.13,11:45,5016.645000,5017.215000,5014.825000,5015.785000,0
2026.02.13,11:46,5015.765000,5018.625000,5014.895000,5018.195000,0
2026.02.13,11:47,5018.155000,5018.225000,5013.708000,5014.078000,0
2026.02.13,11:48,5013.778000,5015.145000,5012.878000,5014.475000,0
2026.02.13,11:49,5014.445000,5016.315000,5013.885000,5015.405000,0
2026.02.13,11:50,5015.425000,5015.635000,5013.235000,5013.765000,0
2026.02.13,11:51,5013.948000,5014.215000,5013.288000,5013.955000,0
2026.02.13,11:52,5013.918000,5015.405000,5013.428000,5013.675000,0
2026.02.13,11:53,5013.618000,5015.008000,5013.245000,5014.405000,0
2026.02.13,11:54,5014.345000,5014.965000,5013.538000,5014.345000,0
2026.02.13,11:55,5014.375000,5014.615000,5013.428000,5013.995000,0
2026.02.13,11:56,5013.995000,5016.765000,5013.995000,5015.585000,0
2026.02.13,11:57,5015.615000,5016.955000,5014.278000,5014.305000,0
2026.02.13,11:58,5014.695000,5015.175000,5013.775000,5014.715000,0
2026.02.13,11:59,5014.755000,5014.915000,5005.795000,5007.605000,0
2026.02.13,12:00,5007.635000,5011.555000,5006.239000,5010.055000,0
2026.02.13,12:01,5010.075000,5013.215000,5008.618000,5013.025000,0
2026.02.13,12:02,5012.995000,5014.615000,5010.945000,5012.915000,0
2026.02.13,12:03,5012.945000,5013.455000,5011.955000,5013.275000,0
2026.02.13,12:04,5013.275000,5013.865000,5011.185000,5012.565000,0
2026.02.13,12:05,5012.665000,5013.895000,5012.155000,5013.895000,0
2026.02.13,12:06,5014.025000,5019.255000,5014.025000,5017.505000,0
2026.02.13,12:07,5017.425000,5022.085000,5015.445000,5016.725000,0
2026.02.13,12:08,5016.735000,5016.958000,5013.865000,5014.355000,0
2026.02.13,12:09,5014.325000,5014.725000,5013.275000,5014.085000,0
2026.02.13,12:10,5014.155000,5014.205000,5010.245000,5010.285000,0
2026.02.13,12:11,5010.325000,5012.525000,5009.675000,5009.925000,0
2026.02.13,12:12,5009.945000,5013.255000,5009.595000,5013.255000,0
2026.02.13,12:13,5013.275000,5015.425000,5013.275000,5014.715000,0
2026.02.13,12:14,5014.685000,5015.395000,5014.085000,5015.395000,0
2026.02.13,12:15,5015.395000,5015.895000,5012.745000,5012.955000,0
2026.02.13,12:16,5012.985000,5013.035000,5010.025000,5010.775000,0
2026.02.13,12:17,5010.755000,5013.085000,5009.355000,5009.585000,0
2026.02.13,12:18,5009.675000,5009.675000,5005.655000,5007.315000,0
2026.02.13,12:19,5007.285000,5010.255000,5006.665000,5010.255000,0
2026.02.13,12:20,5010.305000,5013.005000,5010.235000,5012.895000,0
2026.02.13,12:21,5012.795000,5016.895000,5012.195000,5014.715000,0
2026.02.13,12:22,5014.745000,5016.875000,5014.425000,5016.875000,0
2026.02.13,12:23,5016.825000,5016.865000,5012.735000,5012.755000,0
2026.02.13,12:24,5012.325000,5014.045000,5011.955000,5013.025000,0
2026.02.13,12:25,5013.055000,5015.375000,5011.935000,5014.025000,0
2026.02.13,12:26,5013.985000,5015.155000,5012.865000,5014.755000,0
2026.02.13,12:27,5014.815000,5018.935000,5014.815000,5017.475000,0
2026.02.13,12:28,5017.455000,5018.615000,5016.498000,5018.098000,0
2026.02.13,12:29,5018.125000,5019.165000,5016.905000,5017.385000,0
2026.02.13,12:30,5017.415000,5019.595000,5015.805000,5019.295000,0
2026.02.13,12:31,5019.305000,5020.225000,5018.015000,5019.835000,0
2026.02.13,12:32,5019.815000,5021.915000,5019.115000,5021.535000,0
2026.02.13,12:33,5021.165000,5024.115000,5020.115000,5024.115000,0
2026.02.13,12:34,5024.135000,5025.348000,5023.548000,5024.948000,0
2026.02.13,12:35,5024.835000,5028.898000,5023.745000,5025.355000,0
2026.02.13,12:36,5025.405000,5025.855000,5024.325000,5024.995000,0
2026.02.13,12:37,5024.925000,5024.925000,5022.375000,5023.095000,0
2026.02.13,12:38,5023.215000,5023.485000,5021.475000,5022.175000,0
2026.02.13,12:39,5022.135000,5022.255000,5018.965000,5020.048000,0
2026.02.13,12:40,5019.975000,5020.325000,5017.748000,5018.725000,0
2026.02.13,12:41,5018.745000,5022.245000,5018.175000,5022.225000,0
2026.02.13,12:42,5022.155000,5022.785000,5020.645000,5021.175000,0
2026.02.13,12:43,5021.145000,5021.175000,5018.925000,5020.555000,0
2026.02.13,12:44,5020.435000,5022.615000,5020.135000,5022.065000,0
2026.02.13,12:45,5022.185000,5023.795000,5021.525000,5022.575000,0
2026.02.13,12:46,5022.595000,5023.315000,5021.175000,5022.185000,0
2026.02.13,12:47,5022.155000,5022.335000,5019.875000,5020.025000,0
2026.02.13,12:48,5020.055000,5021.205000,5019.755000,5020.855000,0
2026.02.13,12:49,5020.875000,5021.495000,5019.995000,5021.155000,0
2026.02.13,12:50,5021.185000,5021.185000,5019.415000,5020.665000,0
2026.02.13,12:51,5020.665000,5021.325000,5018.435000,5019.355000,0
2026.02.13,12:52,5019.355000,5021.105000,5019.335000,5020.985000,0
2026.02.13,12:53,5020.935000,5022.705000,5020.195000,5022.445000,0
2026.02.13,12:54,5022.455000,5022.545000,5018.445000,5019.755000,0
2026.02.13,12:55,5019.775000,5020.735000,5016.575000,5016.815000,0
2026.02.13,12:56,5016.845000,5018.475000,5015.865000,5017.298000,0
2026.02.13,12:57,5017.445000,5018.745000,5016.865000,5017.655000,0
2026.02.13,12:58,5018.155000,5019.575000,5018.155000,5019.115000,0
2026.02.13,12:59,5019.045000,5020.715000,5019.045000,5020.715000,0
2026.02.13,13:00,5020.745000,5024.398000,5020.495000,5023.298000,0
2026.02.13,13:01,5023.325000,5023.398000,5019.198000,5020.598000,0
2026.02.13,13:02,5020.028000,5021.065000,5015.098000,5018.625000,0
2026.02.13,13:03,5018.645000,5020.645000,5018.335000,5020.575000,0
2026.02.13,13:04,5020.595000,5021.365000,5019.645000,5020.745000,0
2026.02.13,13:05,5020.765000,5021.505000,5018.985000,5019.798000,0
2026.02.13,13:06,5019.635000,5020.505000,5019.255000,5020.275000,0
2026.02.13,13:07,5020.248000,5021.745000,5020.205000,5020.575000,0
2026.02.13,13:08,5020.605000,5023.048000,5020.415000,5021.425000,0
2026.02.13,13:09,5021.465000,5021.525000,5019.955000,5021.235000,0
2026.02.13,13:10,5021.205000,5024.815000,5020.025000,5024.495000,0
2026.02.13,13:11,5024.548000,5025.345000,5023.065000,5025.235000,0
2026.02.13,13:12,5025.265000,5025.905000,5024.465000,5025.365000,0
2026.02.13,13:13,5025.415000,5026.765000,5025.345000,5026.645000,0
2026.02.13,13:14,5026.595000,5029.395000,5026.595000,5028.835000,0
2026.02.13,13:15,5028.755000,5029.395000,5027.795000,5028.625000,0
2026.02.13,13:16,5028.595000,5030.275000,5027.955000,5029.925000,0
2026.02.13,13:17,5029.975000,5030.405000,5027.095000,5027.095000,0
2026.02.13,13:18,5027.065000,5029.345000,5026.045000,5026.075000,0
2026.02.13,13:19,5025.955000,5026.395000,5022.135000,5022.705000,0
2026.02.13,13:20,5022.735000,5026.165000,5022.735000,5024.915000,0
2026.02.13,13:21,5024.945000,5026.915000,5024.595000,5026.795000,0
2026.02.13,13:22,5026.855000,5027.235000,5025.195000,5027.235000,0
2026.02.13,13:23,5027.305000,5029.955000,5027.305000,5028.415000,0
2026.02.13,13:24,5028.395000,5028.575000,5026.505000,5027.415000,0
2026.02.13,13:25,5027.395000,5028.485000,5024.805000,5025.495000,0
2026.02.13,13:26,5025.465000,5026.415000,5023.735000,5026.395000,0
2026.02.13,13:27,5026.485000,5027.705000,5024.995000,5024.995000,0
2026.02.13,13:28,5025.035000,5028.005000,5024.925000,5027.435000,0
2026.02.13,13:29,5027.805000,5027.905000,5019.935000,5022.025000,0
2026.02.13,13:30,5021.748000,5024.835000,5020.205000,5023.345000,0
2026.02.13,13:31,5023.405000,5025.375000,5023.175000,5025.055000,0
2026.02.13,13:32,5025.035000,5028.645000,5024.548000,5027.645000,0
2026.02.13,13:33,5027.895000,5029.765000,5026.465000,5029.275000,0
2026.02.13,13:34,5029.305000,5030.095000,5028.585000,5028.855000,0
2026.02.13,13:35,5028.945000,5029.845000,5028.745000,5029.275000,0
2026.02.13,13:36,5029.245000,5030.275000,5027.955000,5029.615000,0
2026.02.13,13:37,5029.735000,5031.085000,5029.475000,5030.205000,0
2026.02.13,13:38,5030.185000,5031.125000,5028.965000,5030.498000,0
2026.02.13,13:39,5030.498000,5030.995000,5029.365000,5030.355000,0
2026.02.13,13:40,5030.365000,5030.915000,5029.275000,5029.375000,0
2026.02.13,13:41,5029.288000,5030.485000,5028.235000,5030.245000,0
2026.02.13,13:42,5030.275000,5031.048000,5029.385000,5029.615000,0
2026.02.13,13:43,5029.755000,5030.445000,5028.918000,5030.135000,0
2026.02.13,13:44,5030.155000,5030.155000,5028.265000,5029.635000,0
2026.02.13,13:45,5029.605000,5030.748000,5028.795000,5030.748000,0
2026.02.13,13:46,5030.748000,5031.115000,5029.555000,5030.598000,0
2026.02.13,13:47,5030.598000,5031.075000,5030.215000,5030.385000,0
2026.02.13,13:48,5030.315000,5030.885000,5029.475000,5030.055000,0
2026.02.13,13:49,5030.055000,5030.615000,5029.248000,5029.345000,0
2026.02.13,13:50,5029.375000,5029.735000,5027.405000,5029.545000,0
2026.02.13,13:51,5029.525000,5030.425000,5028.005000,5028.045000,0
2026.02.13,13:52,5028.075000,5029.448000,5027.345000,5027.395000,0
2026.02.13,13:53,5027.435000,5028.735000,5026.355000,5028.698000,0
2026.02.13,13:54,5028.698000,5035.215000,5028.095000,5033.285000,0
2026.02.13,13:55,5033.245000,5034.715000,5032.595000,5033.335000,0
2026.02.13,13:56,5033.265000,5033.875000,5032.465000,5032.825000,0
2026.02.13,13:57,5033.015000,5033.665000,5031.865000,5032.695000,0
2026.02.13,13:58,5032.685000,5032.695000,5030.405000,5031.255000,0
2026.02.13,13:59,5031.265000,5031.875000,5030.645000,5030.855000,0
2026.02.13,14:00,5030.915000,5033.005000,5030.505000,5033.005000,0
2026.02.13,14:01,5032.975000,5035.605000,5032.965000,5035.035000,0
2026.02.13,14:02,5035.015000,5035.245000,5031.775000,5032.075000,0
2026.02.13,14:03,5031.935000,5032.635000,5030.115000,5031.735000,0
2026.02.13,14:04,5031.715000,5033.185000,5030.535000,5033.098000,0
2026.02.13,14:05,5033.098000,5037.948000,5033.055000,5037.785000,0
2026.02.13,14:06,5037.375000,5040.175000,5036.515000,5040.055000,0
2026.02.13,14:07,5040.148000,5044.508000,5040.148000,5044.055000,0
2026.02.13,14:08,5044.025000,5044.575000,5043.055000,5043.515000,0
2026.02.13,14:09,5043.535000,5045.595000,5042.945000,5045.365000,0
2026.02.13,14:10,5045.335000,5045.805000,5040.725000,5040.865000,0
2026.02.13,14:11,5040.915000,5041.265000,5038.065000,5038.525000,0
2026.02.13,14:12,5038.575000,5040.705000,5038.005000,5040.015000,0
2026.02.13,14:13,5040.145000,5040.185000,5036.955000,5037.015000,0
2026.02.13,14:14,5037.015000,5039.455000,5036.888000,5039.325000,0
2026.02.13,14:15,5039.295000,5039.975000,5037.745000,5037.775000,0
2026.02.13,14:16,5037.735000,5038.815000,5037.475000,5038.555000,0
2026.02.13,14:17,5038.555000,5038.555000,5036.345000,5037.365000,0
2026.02.13,14:18,5037.335000,5038.375000,5036.535000,5037.515000,0
2026.02.13,14:19,5037.485000,5040.615000,5037.085000,5040.415000,0
2026.02.13,14:20,5040.865000,5042.505000,5040.275000,5040.565000,0
2026.02.13,14:21,5040.565000,5042.435000,5040.555000,5042.345000,0
2026.02.13,14:22,5042.395000,5042.475000,5041.025000,5041.795000,0
2026.02.13,14:23,5041.745000,5044.485000,5041.685000,5044.255000,0
2026.02.13,14:24,5044.315000,5044.635000,5043.745000,5044.135000,0
2026.02.13,14:25,5044.075000,5044.745000,5043.045000,5044.475000,0
2026.02.13,14:26,5044.475000,5044.475000,5040.898000,5041.815000,0
2026.02.13,14:27,5041.795000,5044.475000,5041.465000,5042.705000,0
2026.02.13,14:28,5042.725000,5044.115000,5042.475000,5043.515000,0
2026.02.13,14:29,5043.445000,5043.445000,5040.565000,5041.098000,0
2026.02.13,14:30,5041.098000,5042.725000,5039.165000,5041.685000,0
2026.02.13,14:31,5041.655000,5042.415000,5040.705000,5042.315000,0
2026.02.13,14:32,5042.255000,5042.695000,5041.535000,5042.185000,0
2026.02.13,14:33,5042.225000,5042.385000,5040.875000,5041.985000,0
2026.02.13,14:34,5041.965000,5042.185000,5039.825000,5040.275000,0
2026.02.13,14:35,5040.245000,5040.715000,5038.055000,5038.055000,0
2026.02.13,14:36,5038.095000,5040.565000,5037.465000,5038.155000,0
2026.02.13,14:37,5038.175000,5039.525000,5037.755000,5038.395000,0
2026.02.13,14:38,5038.415000,5040.635000,5038.385000,5038.935000,0
2026.02.13,14:39,5038.955000,5039.605000,5037.355000,5037.995000,0
2026.02.13,14:40,5037.855000,5038.275000,5035.495000,5036.395000,0
2026.02.13,14:41,5036.365000,5037.035000,5033.345000,5033.885000,0
2026.02.13,14:42,5033.905000,5034.975000,5032.545000,5033.975000,0
2026.02.13,14:43,5033.975000,5035.005000,5032.595000,5032.885000,0
2026.02.13,14:44,5032.905000,5034.265000,5032.585000,5034.175000,0
2026.02.13,14:45,5034.155000,5037.265000,5033.755000,5037.065000,0
2026.02.13,14:46,5037.035000,5037.735000,5035.858000,5037.535000,0
2026.02.13,14:47,5037.495000,5037.585000,5034.585000,5034.585000,0
2026.02.13,14:48,5034.565000,5035.505000,5033.815000,5034.225000,0
2026.02.13,14:49,5034.245000,5035.105000,5033.835000,5034.215000,0
2026.02.13,14:50,5034.225000,5035.005000,5033.698000,5033.765000,0
2026.02.13,14:51,5033.075000,5034.658000,5032.715000,5032.985000,0
2026.02.13,14:52,5032.965000,5032.965000,5030.305000,5031.605000,0
2026.02.13,14:53,5031.575000,5032.985000,5031.525000,5031.605000,0
2026.02.13,14:54,5031.195000,5033.215000,5030.965000,5032.135000,0
2026.02.13,14:55,5032.115000,5033.725000,5031.825000,5033.025000,0
2026.02.13,14:56,5032.995000,5033.515000,5031.835000,5031.835000,0
2026.02.13,14:57,5031.865000,5032.795000,5031.235000,5031.265000,0
2026.02.13,14:58,5031.045000,5031.805000,5028.125000,5030.095000,0
2026.02.13,14:59,5030.155000,5030.435000,5023.285000,5023.285000,0
2026.02.13,15:00,5023.595000,5028.045000,5023.475000,5027.485000,0
2026.02.13,15:01,5027.585000,5031.015000,5027.525000,5030.495000,0
2026.02.13,15:02,5030.455000,5031.945000,5028.895000,5030.735000,0
2026.02.13,15:03,5030.755000,5033.965000,5030.605000,5032.955000,0
2026.02.13,15:04,5033.025000,5033.835000,5031.745000,5031.745000,0
2026.02.13,15:05,5031.745000,5032.695000,5030.395000,5031.145000,0
2026.02.13,15:06,5031.125000,5031.875000,5028.955000,5030.385000,0
2026.02.13,15:07,5030.365000,5030.675000,5028.778000,5030.675000,0
2026.02.13,15:08,5030.695000,5031.555000,5028.495000,5029.485000,0
2026.02.13,15:09,5029.455000,5029.985000,5028.825000,5029.375000,0
2026.02.13,15:10,5029.395000,5031.165000,5028.975000,5031.165000,0
2026.02.13,15:11,5031.035000,5031.755000,5029.965000,5031.535000,0
2026.02.13,15:12,5031.535000,5031.555000,5029.505000,5030.225000,0
2026.02.13,15:13,5030.255000,5030.255000,5027.455000,5028.255000,0
2026.02.13,15:14,5028.295000,5029.515000,5028.295000,5028.755000,0
2026.02.13,15:15,5028.725000,5030.965000,5027.615000,5029.805000,0
2026.02.13,15:16,5029.835000,5031.475000,5029.155000,5029.685000,0
2026.02.13,15:17,5029.705000,5030.715000,5028.805000,5030.185000,0
2026.02.13,15:18,5030.155000,5032.385000,5030.105000,5031.325000,0
2026.02.13,15:19,5031.325000,5031.705000,5030.515000,5031.165000,0
2026.02.13,15:20,5031.135000,5031.265000,5029.875000,5030.125000,0
2026.02.13,15:21,5030.155000,5030.515000,5028.858000,5030.175000,0
2026.02.13,15:22,5030.185000,5030.355000,5028.665000,5029.035000,0
2026.02.13,15:23,5029.015000,5029.605000,5026.595000,5029.555000,0
2026.02.13,15:24,5029.525000,5031.955000,5028.905000,5031.095000,0
2026.02.13,15:25,5031.125000,5033.015000,5030.375000,5031.025000,0
2026.02.13,15:26,5031.055000,5031.375000,5029.175000,5029.235000,0
2026.02.13,15:27,5029.195000,5031.138000,5029.185000,5029.565000,0
2026.02.13,15:28,5029.575000,5030.185000,5028.625000,5029.325000,0
2026.02.13,15:29,5029.345000,5029.395000,5028.055000,5028.625000,0
2026.02.13,15:30,5028.509000,5028.825000,5026.445000,5026.535000,0
2026.02.13,15:31,5026.505000,5030.095000,5025.675000,5029.155000,0
2026.02.13,15:32,5029.125000,5029.565000,5027.585000,5027.675000,0
2026.02.13,15:33,5027.675000,5028.595000,5024.985000,5024.995000,0
2026.02.13,15:34,5024.858000,5026.505000,5024.085000,5025.565000,0
2026.02.13,15:35,5025.535000,5029.175000,5025.415000,5027.915000,0
2026.02.13,15:36,5027.945000,5028.815000,5025.955000,5027.815000,0
2026.02.13,15:37,5027.865000,5028.565000,5027.215000,5028.075000,0
2026.02.13,15:38,5028.025000,5028.595000,5026.175000,5026.395000,0
2026.02.13,15:39,5026.365000,5027.615000,5025.605000,5027.555000,0
2026.02.13,15:40,5027.525000,5033.115000,5027.285000,5032.905000,0
2026.02.13,15:41,5032.915000,5033.875000,5032.865000,5033.065000,0
2026.02.13,15:42,5033.045000,5033.165000,5028.895000,5028.905000,0
2026.02.13,15:43,5028.935000,5029.865000,5027.115000,5029.825000,0
2026.02.13,15:44,5029.855000,5031.355000,5029.405000,5030.155000,0
2026.02.13,15:45,5030.235000,5031.175000,5029.685000,5029.705000,0
2026.02.13,15:46,5029.755000,5029.755000,5027.525000,5028.965000,0
2026.02.13,15:47,5028.925000,5029.115000,5025.475000,5027.385000,0
2026.02.13,15:48,5027.405000,5028.575000,5026.355000,5027.145000,0
2026.02.13,15:49,5027.218000,5028.355000,5025.915000,5027.695000,0
2026.02.13,15:50,5027.725000,5028.025000,5025.088000,5027.435000,0
2026.02.13,15:51,5027.395000,5029.115000,5026.835000,5028.105000,0
2026.02.13,15:52,5028.125000,5028.935000,5023.775000,5023.815000,0
2026.02.13,15:53,5023.425000,5025.905000,5021.275000,5025.825000,0
2026.02.13,15:54,5025.875000,5028.495000,5025.875000,5027.485000,0
2026.02.13,15:55,5027.455000,5027.845000,5022.455000,5027.805000,0
2026.02.13,15:56,5027.825000,5027.825000,5024.525000,5027.195000,0
2026.02.13,15:57,5027.195000,5029.898000,5026.405000,5028.985000,0
2026.02.13,15:58,5029.065000,5030.575000,5028.655000,5030.245000,0
2026.02.13,15:59,5030.305000,5034.498000,5030.305000,5032.315000,0
2026.02.13,16:00,5032.295000,5034.695000,5032.045000,5032.305000,0
2026.02.13,16:01,5032.205000,5033.075000,5030.255000,5032.735000,0
2026.02.13,16:02,5032.775000,5034.635000,5032.775000,5034.175000,0
2026.02.13,16:03,5034.355000,5034.685000,5032.795000,5032.885000,0
2026.02.13,16:04,5032.735000,5034.025000,5032.495000,5033.635000,0
2026.02.13,16:05,5033.665000,5035.795000,5033.525000,5035.145000,0
2026.02.13,16:06,5035.095000,5035.095000,5033.325000,5033.745000,0
2026.02.13,16:07,5033.715000,5033.715000,5031.615000,5032.525000,0
2026.02.13,16:08,5032.505000,5032.565000,5031.475000,5031.965000,0
2026.02.13,16:09,5032.085000,5032.835000,5032.025000,5032.325000,0
2026.02.13,16:10,5032.305000,5032.305000,5029.815000,5030.355000,0
2026.02.13,16:11,5030.725000,5031.105000,5030.265000,5030.325000,0
2026.02.13,16:12,5030.285000,5030.285000,5029.425000,5030.095000,0
2026.02.13,16:13,5030.035000,5031.435000,5029.585000,5031.435000,0
2026.02.13,16:14,5031.545000,5033.465000,5031.045000,5033.025000,0
2026.02.13,16:15,5033.055000,5034.315000,5033.055000,5033.805000,0
2026.02.13,16:16,5033.805000,5034.355000,5032.875000,5032.875000,0
2026.02.13,16:17,5032.845000,5032.845000,5032.295000,5032.585000,0
2026.02.13,16:18,5032.985000,5033.435000,5032.645000,5032.835000,0
2026.02.13,16:19,5032.885000,5033.055000,5032.365000,5032.365000,0
2026.02.13,16:20,5032.385000,5032.815000,5031.485000,5031.575000,0
2026.02.13,16:21,5031.465000,5031.835000,5030.518000,5031.085000,0
2026.02.13,16:22,5031.105000,5031.685000,5031.105000,5031.545000,0
2026.02.13,16:23,5031.545000,5032.535000,5031.525000,5031.735000,0
2026.02.13,16:24,5031.735000,5032.465000,5031.655000,5031.775000,0
2026.02.13,16:25,5031.845000,5031.845000,5031.015000,5031.095000,0
2026.02.13,16:26,5031.215000,5031.685000,5031.045000,5031.295000,0
2026.02.13,16:27,5031.335000,5032.815000,5031.035000,5032.815000,0
2026.02.13,16:28,5032.835000,5033.025000,5032.305000,5032.955000,0
2026.02.13,16:29,5032.935000,5033.715000,5032.545000,5032.835000,0
2026.02.13,16:30,5032.805000,5032.805000,5031.075000,5031.195000,0
2026.02.13,16:31,5031.215000,5031.755000,5031.175000,5031.675000,0
2026.02.13,16:32,5031.635000,5031.905000,5031.175000,5031.205000,0
2026.02.13,16:33,5031.248000,5035.108000,5031.248000,5034.735000,0
2026.02.13,16:34,5034.765000,5034.995000,5034.165000,5034.215000,0
2026.02.13,16:35,5034.145000,5034.145000,5032.955000,5033.985000,0
2026.02.13,16:36,5033.965000,5034.575000,5033.575000,5033.675000,0
2026.02.13,16:37,5033.625000,5034.455000,5033.485000,5034.035000,0
2026.02.13,16:38,5034.005000,5035.085000,5033.905000,5034.685000,0
2026.02.13,16:39,5034.655000,5034.685000,5033.885000,5033.995000,0
2026.02.13,16:40,5034.015000,5035.845000,5033.545000,5035.615000,0
2026.02.13,16:41,5035.645000,5038.925000,5035.645000,5038.825000,0
2026.02.13,16:42,5038.805000,5038.805000,5037.685000,5038.325000,0
2026.02.13,16:43,5038.355000,5038.395000,5037.645000,5038.015000,0
2026.02.13,16:44,5037.985000,5039.085000,5037.935000,5038.635000,0
2026.02.13,16:45,5038.615000,5038.615000,5037.375000,5038.215000,0
2026.02.13,16:46,5038.195000,5045.965000,5038.155000,5045.445000,0
2026.02.13,16:47,5045.065000,5045.185000,5040.195000,5040.475000,0
2026.02.13,16:48,5040.435000,5042.285000,5039.805000,5041.925000,0
2026.02.13,16:49,5041.925000,5042.845000,5040.945000,5042.715000,0
2026.02.13,16:50,5042.685000,5042.925000,5041.018000,5041.315000,0
2026.02.13,16:51,5041.375000,5041.805000,5038.325000,5038.645000,0
2026.02.13,16:52,5038.605000,5039.905000,5037.835000,5038.675000,0
2026.02.13,16:53,5038.605000,5039.915000,5038.365000,5039.645000,0
2026.02.13,16:54,5039.685000,5042.635000,5039.238000,5042.635000,0
2026.02.13,16:55,5042.448000,5042.448000,5039.895000,5040.815000,0
2026.02.13,16:56,5040.855000,5043.165000,5040.835000,5042.635000,0
2026.02.13,16:57,5042.645000,5042.995000,5041.358000,5041.835000,0
2026.02.13,16:58,5041.835000,5042.525000,5040.655000,5041.175000,0
